Date,GEO,Number_of_Households
2024-11-01,Prince Edward Island,68353.45926488946
2024-12-01,Prince Edward Island,68419.14888615355
2025-01-01,Prince Edward Island,68487.02816145978
2025-02-01,Prince Edward Island,68554.907436766
2025-03-01,Prince Edward Island,68616.21774994582
2025-04-01,Prince Edward Island,68684.09702525205
2025-05-01,Prince Edward Island,68749.78664651615
2025-06-01,Prince Edward Island,68817.66592182236
2025-07-01,Prince Edward Island,68883.35554308647
2025-08-01,Prince Edward Island,68951.2348183927
2025-09-01,Prince Edward Island,69019.11409369891
2025-10-01,Prince Edward Island,69084.80371496301
2025-11-01,Prince Edward Island,69152.68299026924
2025-12-01,Prince Edward Island,69218.37261153333
2026-01-01,Prince Edward Island,69286.25188683956
2026-02-01,Prince Edward Island,69354.13116214579
2026-03-01,Prince Edward Island,69415.4414753256
2026-04-01,Prince Edward Island,69483.32075063183
2026-05-01,Prince Edward Island,69549.01037189591
2026-06-01,Prince Edward Island,69616.88964720214
2026-07-01,Prince Edward Island,69682.57926846623
2026-08-01,Prince Edward Island,69750.45854377246
2026-09-01,Prince Edward Island,69818.33781907869
2026-10-01,Prince Edward Island,69884.02744034278
2026-11-01,Prince Edward Island,69951.906715649
2026-12-01,Prince Edward Island,70017.5963369131
2027-01-01,Prince Edward Island,70085.47561221932
2027-02-01,Prince Edward Island,70153.35488752555
2027-03-01,Prince Edward Island,70214.66520070536
2027-04-01,Prince Edward Island,70282.5444760116
2027-05-01,Prince Edward Island,70348.2340972757
2027-06-01,Prince Edward Island,70416.11337258191
2027-07-01,Prince Edward Island,70481.80299384601
2027-08-01,Prince Edward Island,70549.68226915224
2027-09-01,Prince Edward Island,70617.56154445847
2027-10-01,Prince Edward Island,70683.25116572256
2027-11-01,Prince Edward Island,70751.13044102878
2027-12-01,Prince Edward Island,70816.82006229287
2028-01-01,Prince Edward Island,70884.6993375991
2028-02-01,Prince Edward Island,70952.57861290533
2028-03-01,Prince Edward Island,71016.07858012727
2028-04-01,Prince Edward Island,71083.9578554335
2028-05-01,Prince Edward Island,71149.6474766976
2028-06-01,Prince Edward Island,71217.52675200382
2028-07-01,Prince Edward Island,71283.21637326792
2028-08-01,Prince Edward Island,71351.09564857415
2028-09-01,Prince Edward Island,71418.97492388036
2028-10-01,Prince Edward Island,71484.66454514446
2028-11-01,Prince Edward Island,71552.5438204507
2028-12-01,Prince Edward Island,71618.23344171478
2029-01-01,Prince Edward Island,71686.11271702101
2029-02-01,Prince Edward Island,71753.99199232724
2029-03-01,Prince Edward Island,71815.30230550707
2029-04-01,Prince Edward Island,71883.18158081328
2029-05-01,Prince Edward Island,71948.87120207738
2029-06-01,Prince Edward Island,72016.7504773836
2029-07-01,Prince Edward Island,72082.4400986477
2029-08-01,Prince Edward Island,72150.31937395391
2029-09-01,Prince Edward Island,72218.19864926014
2029-10-01,Prince Edward Island,72283.88827052424
2029-11-01,Prince Edward Island,72351.76754583046
2029-12-01,Prince Edward Island,72417.45716709456
2030-01-01,Prince Edward Island,72485.33644240077
2030-02-01,Prince Edward Island,72553.215717707
2030-03-01,Prince Edward Island,72614.52603088682
2030-04-01,Prince Edward Island,72682.40530619305
2030-05-01,Prince Edward Island,72748.09492745715
2030-06-01,Prince Edward Island,72815.97420276336
2030-07-01,Prince Edward Island,72881.66382402746
2030-08-01,Prince Edward Island,72949.54309933368
2030-09-01,Prince Edward Island,73017.42237463991
2030-10-01,Prince Edward Island,73083.11199590401
2030-11-01,Prince Edward Island,73150.99127121022
2030-12-01,Prince Edward Island,73216.68089247432
2031-01-01,Prince Edward Island,73284.56016778057
2031-02-01,Prince Edward Island,73352.43944308677
2031-03-01,Prince Edward Island,73413.74975626661
2031-04-01,Prince Edward Island,73481.62903157283
2031-05-01,Prince Edward Island,73547.31865283693
2031-06-01,Prince Edward Island,73615.19792814314
2031-07-01,Prince Edward Island,73680.88754940726
2031-08-01,Prince Edward Island,73748.76682471347
2031-09-01,Prince Edward Island,73816.64610001969
2031-10-01,Prince Edward Island,73882.3357212838
2031-11-01,Prince Edward Island,73950.21499659
2031-12-01,Prince Edward Island,74015.9046178541
2032-01-01,Prince Edward Island,74083.78389316035
2032-02-01,Prince Edward Island,74151.66316846655
2032-03-01,Prince Edward Island,74215.1631356885
2032-04-01,Prince Edward Island,74283.04241099475
2032-05-01,Prince Edward Island,74348.73203225883
2032-06-01,Prince Edward Island,74416.61130756506
2032-07-01,Prince Edward Island,74482.30092882915
2032-08-01,Prince Edward Island,74550.18020413538
2032-09-01,Prince Edward Island,74618.05947944161
2032-10-01,Prince Edward Island,74683.7491007057
2032-11-01,Prince Edward Island,74751.62837601193
2032-12-01,Prince Edward Island,74817.31799727601
2033-01-01,Prince Edward Island,74885.19727258224
2033-02-01,Prince Edward Island,74953.07654788847
2033-03-01,Prince Edward Island,75014.38686106828
2033-04-01,Prince Edward Island,75082.26613637451
2033-05-01,Prince Edward Island,75147.9557576386
2033-06-01,Prince Edward Island,75215.83503294483
2033-07-01,Prince Edward Island,75281.52465420892
2033-08-01,Prince Edward Island,75349.40392951515
2033-09-01,Prince Edward Island,75417.28320482137
2033-10-01,Prince Edward Island,75482.97282608546
2033-11-01,Prince Edward Island,75550.85210139169
2033-12-01,Prince Edward Island,75616.54172265578
2034-01-01,Prince Edward Island,75684.420997962
2034-02-01,Prince Edward Island,75752.30027326824
2034-03-01,Prince Edward Island,75813.61058644806
2034-04-01,Prince Edward Island,75881.48986175428
2034-05-01,Prince Edward Island,75947.17948301836
2034-06-01,Prince Edward Island,76015.05875832461
2034-07-01,Prince Edward Island,76080.7483795887
2034-08-01,Prince Edward Island,76148.62765489492
2034-09-01,Prince Edward Island,76216.50693020115
2034-10-01,Prince Edward Island,76282.19655146524
2024-11-01,Quebec,3910762.7181159966
2024-12-01,Quebec,3913653.9243433913
2025-01-01,Quebec,3916641.5041116998
2025-02-01,Quebec,3919629.0838800077
2025-03-01,Quebec,3922327.5430255765
2025-04-01,Quebec,3925315.122793884
2025-05-01,Quebec,3928206.329021279
2025-06-01,Quebec,3931193.908789587
2025-07-01,Quebec,3934085.115016982
2025-08-01,Quebec,3937072.6947852904
2025-09-01,Quebec,3940060.2745535984
2025-10-01,Quebec,3942951.480780993
2025-11-01,Quebec,3945939.0605493016
2025-12-01,Quebec,3948830.2667766963
2026-01-01,Quebec,3951817.846545004
2026-02-01,Quebec,3954805.4263133123
2026-03-01,Quebec,3957503.885458881
2026-04-01,Quebec,3960491.465227189
2026-05-01,Quebec,3963382.6714545838
2026-06-01,Quebec,3966370.2512228917
2026-07-01,Quebec,3969261.4574502865
2026-08-01,Quebec,3972249.037218595
2026-09-01,Quebec,3975236.616986903
2026-10-01,Quebec,3978127.8232142976
2026-11-01,Quebec,3981115.4029826056
2026-12-01,Quebec,3984006.6092100013
2027-01-01,Quebec,3986994.1889783093
2027-02-01,Quebec,3989981.7687466173
2027-03-01,Quebec,3992680.2278921846
2027-04-01,Quebec,3995667.8076604935
2027-05-01,Quebec,3998559.0138878883
2027-06-01,Quebec,4001546.5936561963
2027-07-01,Quebec,4004437.799883591
2027-08-01,Quebec,4007425.3796519
2027-09-01,Quebec,4010412.959420208
2027-10-01,Quebec,4013304.1656476026
2027-11-01,Quebec,4016291.74541591
2027-12-01,Quebec,4019182.9516433054
2028-01-01,Quebec,4022170.531411613
2028-02-01,Quebec,4025158.111179921
2028-03-01,Quebec,4027952.943866403
2028-04-01,Quebec,4030940.5236347113
2028-05-01,Quebec,4033831.729862106
2028-06-01,Quebec,4036819.309630414
2028-07-01,Quebec,4039710.5158578088
2028-08-01,Quebec,4042698.0956261177
2028-09-01,Quebec,4045685.6753944256
2028-10-01,Quebec,4048576.8816218204
2028-11-01,Quebec,4051564.4613901284
2028-12-01,Quebec,4054455.667617523
2029-01-01,Quebec,4057443.2473858306
2029-02-01,Quebec,4060430.8271541395
2029-03-01,Quebec,4063129.2862997074
2029-04-01,Quebec,4066116.8660680163
2029-05-01,Quebec,4069008.072295411
2029-06-01,Quebec,4071995.652063719
2029-07-01,Quebec,4074886.8582911137
2029-08-01,Quebec,4077874.4380594213
2029-09-01,Quebec,4080862.017827729
2029-10-01,Quebec,4083753.224055125
2029-11-01,Quebec,4086740.803823433
2029-12-01,Quebec,4089632.0100508276
2030-01-01,Quebec,4092619.5898191356
2030-02-01,Quebec,4095607.169587444
2030-03-01,Quebec,4098305.628733012
2030-04-01,Quebec,4101293.20850132
2030-05-01,Quebec,4104184.4147287156
2030-06-01,Quebec,4107171.9944970235
2030-07-01,Quebec,4110063.2007244183
2030-08-01,Quebec,4113050.7804927262
2030-09-01,Quebec,4116038.3602610347
2030-10-01,Quebec,4118929.566488429
2030-11-01,Quebec,4121917.1462567374
2030-12-01,Quebec,4124808.352484132
2031-01-01,Quebec,4127795.93225244
2031-02-01,Quebec,4130783.512020748
2031-03-01,Quebec,4133481.971166317
2031-04-01,Quebec,4136469.550934625
2031-05-01,Quebec,4139360.7571620196
2031-06-01,Quebec,4142348.336930328
2031-07-01,Quebec,4145239.543157723
2031-08-01,Quebec,4148227.122926031
2031-09-01,Quebec,4151214.7026943387
2031-10-01,Quebec,4154105.9089217344
2031-11-01,Quebec,4157093.4886900424
2031-12-01,Quebec,4159984.694917437
2032-01-01,Quebec,4162972.274685745
2032-02-01,Quebec,4165959.8544540526
2032-03-01,Quebec,4168754.6871405346
2032-04-01,Quebec,4171742.2669088435
2032-05-01,Quebec,4174633.4731362374
2032-06-01,Quebec,4177621.052904546
2032-07-01,Quebec,4180512.259131941
2032-08-01,Quebec,4183499.8389002485
2032-09-01,Quebec,4186487.4186685565
2032-10-01,Quebec,4189378.6248959512
2032-11-01,Quebec,4192366.20466426
2032-12-01,Quebec,4195257.410891655
2033-01-01,Quebec,4198244.990659963
2033-02-01,Quebec,4201232.570428271
2033-03-01,Quebec,4203931.029573839
2033-04-01,Quebec,4206918.609342148
2033-05-01,Quebec,4209809.815569542
2033-06-01,Quebec,4212797.395337851
2033-07-01,Quebec,4215688.601565246
2033-08-01,Quebec,4218676.181333554
2033-09-01,Quebec,4221663.7611018615
2033-10-01,Quebec,4224554.967329256
2033-11-01,Quebec,4227542.547097564
2033-12-01,Quebec,4230433.753324959
2034-01-01,Quebec,4233421.333093268
2034-02-01,Quebec,4236408.912861575
2034-03-01,Quebec,4239107.372007145
2034-04-01,Quebec,4242094.951775452
2034-05-01,Quebec,4244986.158002847
2034-06-01,Quebec,4247973.737771154
2034-07-01,Quebec,4250864.94399855
2034-08-01,Quebec,4253852.5237668585
2034-09-01,Quebec,4256840.103535166
2034-10-01,Quebec,4259731.309762561
2024-11-01,Canada,16246447.605781311
2024-12-01,Canada,16259883.410877435
2025-01-01,Canada,16273767.076143432
2025-02-01,Canada,16287650.741409428
2025-03-01,Canada,16300190.826165812
2025-04-01,Canada,16314074.491431806
2025-05-01,Canada,16327510.296527933
2025-06-01,Canada,16341393.96179393
2025-07-01,Canada,16354829.766890055
2025-08-01,Canada,16368713.432156052
2025-09-01,Canada,16382597.097422048
2025-10-01,Canada,16396032.902518174
2025-11-01,Canada,16409916.567784172
2025-12-01,Canada,16423352.372880297
2026-01-01,Canada,16437236.038146293
2026-02-01,Canada,16451119.70341229
2026-03-01,Canada,16463659.788168674
2026-04-01,Canada,16477543.45343467
2026-05-01,Canada,16490979.258530796
2026-06-01,Canada,16504862.923796792
2026-07-01,Canada,16518298.728892917
2026-08-01,Canada,16532182.394158915
2026-09-01,Canada,16546066.059424909
2026-10-01,Canada,16559501.864521036
2026-11-01,Canada,16573385.529787032
2026-12-01,Canada,16586821.334883157
2027-01-01,Canada,16600705.000149153
2027-02-01,Canada,16614588.665415151
2027-03-01,Canada,16627128.750171535
2027-04-01,Canada,16641012.415437533
2027-05-01,Canada,16654448.220533656
2027-06-01,Canada,16668331.885799654
2027-07-01,Canada,16681767.690895777
2027-08-01,Canada,16695651.356161775
2027-09-01,Canada,16709535.021427773
2027-10-01,Canada,16722970.826523896
2027-11-01,Canada,16736854.491789894
2027-12-01,Canada,16750290.296886021
2028-01-01,Canada,16764173.962152015
2028-02-01,Canada,16778057.62741801
2028-03-01,Canada,16791045.57234427
2028-04-01,Canada,16804929.237610262
2028-05-01,Canada,16818365.04270639
2028-06-01,Canada,16832248.707972385
2028-07-01,Canada,16845684.513068512
2028-08-01,Canada,16859568.178334508
2028-09-01,Canada,16873451.843600504
2028-10-01,Canada,16886887.64869663
2028-11-01,Canada,16900771.313962627
2028-12-01,Canada,16914207.11905875
2029-01-01,Canada,16928090.784324747
2029-02-01,Canada,16941974.449590746
2029-03-01,Canada,16954514.534347124
2029-04-01,Canada,16968398.199613128
2029-05-01,Canada,16981834.00470925
2029-06-01,Canada,16995717.669975244
2029-07-01,Canada,17009153.47507137
2029-08-01,Canada,17023037.14033737
2029-09-01,Canada,17036920.805603363
2029-10-01,Canada,17050356.61069949
2029-11-01,Canada,17064240.27596549
2029-12-01,Canada,17077676.081061613
2030-01-01,Canada,17091559.74632761
2030-02-01,Canada,17105443.41159361
2030-03-01,Canada,17117983.49634999
2030-04-01,Canada,17131867.161615986
2030-05-01,Canada,17145302.96671211
2030-06-01,Canada,17159186.63197811
2030-07-01,Canada,17172622.437074233
2030-08-01,Canada,17186506.10234023
2030-09-01,Canada,17200389.76760623
2030-10-01,Canada,17213825.572702352
2030-11-01,Canada,17227709.237968348
2030-12-01,Canada,17241145.043064475
2031-01-01,Canada,17255028.70833047
2031-02-01,Canada,17268912.373596467
2031-03-01,Canada,17281452.458352853
2031-04-01,Canada,17295336.12361885
2031-05-01,Canada,17308771.928714972
2031-06-01,Canada,17322655.59398097
2031-07-01,Canada,17336091.3990771
2031-08-01,Canada,17349975.06434309
2031-09-01,Canada,17363858.72960909
2031-10-01,Canada,17377294.534705218
2031-11-01,Canada,17391178.19997121
2031-12-01,Canada,17404614.005067337
2032-01-01,Canada,17418497.670333337
2032-02-01,Canada,17432381.33559933
2032-03-01,Canada,17445369.280525584
2032-04-01,Canada,17459252.945791584
2032-05-01,Canada,17472688.750887707
2032-06-01,Canada,17486572.416153707
2032-07-01,Canada,17500008.22124983
2032-08-01,Canada,17513891.886515826
2032-09-01,Canada,17527775.551781826
2032-10-01,Canada,17541211.35687795
2032-11-01,Canada,17555095.022143945
2032-12-01,Canada,17568530.82724007
2033-01-01,Canada,17582414.49250607
2033-02-01,Canada,17596298.157772064
2033-03-01,Canada,17608838.242528446
2033-04-01,Canada,17622721.907794442
2033-05-01,Canada,17636157.71289057
2033-06-01,Canada,17650041.378156565
2033-07-01,Canada,17663477.18325269
2033-08-01,Canada,17677360.84851869
2033-09-01,Canada,17691244.513784684
2033-10-01,Canada,17704680.318880808
2033-11-01,Canada,17718563.984146807
2033-12-01,Canada,17731999.789242934
2034-01-01,Canada,17745883.454508927
2034-02-01,Canada,17759767.119774926
2034-03-01,Canada,17772307.20453131
2034-04-01,Canada,17786190.869797304
2034-05-01,Canada,17799626.67489343
2034-06-01,Canada,17813510.340159427
2034-07-01,Canada,17826946.145255554
2034-08-01,Canada,17840829.810521547
2034-09-01,Canada,17854713.475787546
2034-10-01,Canada,17868149.280883674
2024-11-01,Alberta,2044012.5841112512
2024-12-01,Alberta,2047092.347150659
2025-01-01,Alberta,2050274.7689580475
2025-02-01,Alberta,2053457.190765436
2025-03-01,Alberta,2056331.6362688835
2025-04-01,Alberta,2059514.058076272
2025-05-01,Alberta,2062593.82111568
2025-06-01,Alberta,2065776.2429230686
2025-07-01,Alberta,2068856.0059624764
2025-08-01,Alberta,2072038.4277698651
2025-09-01,Alberta,2075220.8495772537
2025-10-01,Alberta,2078300.6126166615
2025-11-01,Alberta,2081483.0344240502
2025-12-01,Alberta,2084562.7974634585
2026-01-01,Alberta,2087745.2192708466
2026-02-01,Alberta,2090927.6410782353
2026-03-01,Alberta,2093802.0865816828
2026-04-01,Alberta,2096984.5083890716
2026-05-01,Alberta,2100064.2714284793
2026-06-01,Alberta,2103246.6932358677
2026-07-01,Alberta,2106326.4562752754
2026-08-01,Alberta,2109508.878082664
2026-09-01,Alberta,2112691.299890053
2026-10-01,Alberta,2115771.062929461
2026-11-01,Alberta,2118953.4847368496
2026-12-01,Alberta,2122033.2477762573
2027-01-01,Alberta,2125215.6695836456
2027-02-01,Alberta,2128398.0913910344
2027-03-01,Alberta,2131272.536894482
2027-04-01,Alberta,2134454.95870187
2027-05-01,Alberta,2137534.721741278
2027-06-01,Alberta,2140717.143548667
2027-07-01,Alberta,2143796.9065880748
2027-08-01,Alberta,2146979.3283954635
2027-09-01,Alberta,2150161.750202852
2027-10-01,Alberta,2153241.51324226
2027-11-01,Alberta,2156423.9350496484
2027-12-01,Alberta,2159503.6980890566
2028-01-01,Alberta,2162686.119896445
2028-02-01,Alberta,2165868.5417038333
2028-03-01,Alberta,2168845.645975261
2028-04-01,Alberta,2172028.06778265
2028-05-01,Alberta,2175107.8308220576
2028-06-01,Alberta,2178290.2526294463
2028-07-01,Alberta,2181370.015668855
2028-08-01,Alberta,2184552.4374762424
2028-09-01,Alberta,2187734.859283631
2028-10-01,Alberta,2190814.6223230395
2028-11-01,Alberta,2193997.0441304278
2028-12-01,Alberta,2197076.8071698365
2029-01-01,Alberta,2200259.228977225
2029-02-01,Alberta,2203441.6507846126
2029-03-01,Alberta,2206316.0962880603
2029-04-01,Alberta,2209498.518095449
2029-05-01,Alberta,2212578.2811348573
2029-06-01,Alberta,2215760.7029422456
2029-07-01,Alberta,2218840.465981654
2029-08-01,Alberta,2222022.887789042
2029-09-01,Alberta,2225205.3095964305
2029-10-01,Alberta,2228285.0726358388
2029-11-01,Alberta,2231467.4944432275
2029-12-01,Alberta,2234547.2574826353
2030-01-01,Alberta,2237729.6792900236
2030-02-01,Alberta,2240912.1010974124
2030-03-01,Alberta,2243786.5466008596
2030-04-01,Alberta,2246968.9684082484
2030-05-01,Alberta,2250048.731447656
2030-06-01,Alberta,2253231.1532550445
2030-07-01,Alberta,2256310.916294453
2030-08-01,Alberta,2259493.338101841
2030-09-01,Alberta,2262675.75990923
2030-10-01,Alberta,2265755.522948638
2030-11-01,Alberta,2268937.9447560264
2030-12-01,Alberta,2272017.7077954346
2031-01-01,Alberta,2275200.129602823
2031-02-01,Alberta,2278382.5514102113
2031-03-01,Alberta,2281256.996913659
2031-04-01,Alberta,2284439.4187210477
2031-05-01,Alberta,2287519.181760456
2031-06-01,Alberta,2290701.603567844
2031-07-01,Alberta,2293781.366607252
2031-08-01,Alberta,2296963.788414641
2031-09-01,Alberta,2300146.210222029
2031-10-01,Alberta,2303225.9732614374
2031-11-01,Alberta,2306408.395068826
2031-12-01,Alberta,2309488.158108234
2032-01-01,Alberta,2312670.5799156222
2032-02-01,Alberta,2315853.001723011
2032-03-01,Alberta,2318830.1059944388
2032-04-01,Alberta,2322012.5278018266
2032-05-01,Alberta,2325092.2908412353
2032-06-01,Alberta,2328274.7126486236
2032-07-01,Alberta,2331354.475688032
2032-08-01,Alberta,2334536.8974954206
2032-09-01,Alberta,2337719.3193028085
2032-10-01,Alberta,2340799.0823422167
2032-11-01,Alberta,2343981.504149605
2032-12-01,Alberta,2347061.2671890133
2033-01-01,Alberta,2350243.6889964016
2033-02-01,Alberta,2353426.1108037904
2033-03-01,Alberta,2356300.5563072376
2033-04-01,Alberta,2359482.9781146264
2033-05-01,Alberta,2362562.741154034
2033-06-01,Alberta,2365745.162961423
2033-07-01,Alberta,2368824.9260008307
2033-08-01,Alberta,2372007.3478082195
2033-09-01,Alberta,2375189.769615608
2033-10-01,Alberta,2378269.5326550156
2033-11-01,Alberta,2381451.9544624044
2033-12-01,Alberta,2384531.717501812
2034-01-01,Alberta,2387714.139309201
2034-02-01,Alberta,2390896.5611165897
2034-03-01,Alberta,2393771.0066200374
2034-04-01,Alberta,2396953.428427425
2034-05-01,Alberta,2400033.191466834
2034-06-01,Alberta,2403215.6132742222
2034-07-01,Alberta,2406295.3763136305
2034-08-01,Alberta,2409477.798121019
2034-09-01,Alberta,2412660.219928407
2034-10-01,Alberta,2415739.982967815
2024-11-01,British Columbia,2184101.3619207246
2024-12-01,British Columbia,2186362.8334290464
2025-01-01,British Columbia,2188699.6873209793
2025-02-01,British Columbia,2191036.541212912
2025-03-01,British Columbia,2193147.247954013
2025-04-01,British Columbia,2195484.101845945
2025-05-01,British Columbia,2197745.573354267
2025-06-01,British Columbia,2200082.4272462
2025-07-01,British Columbia,2202343.8987545217
2025-08-01,British Columbia,2204680.7526464546
2025-09-01,British Columbia,2207017.606538387
2025-10-01,British Columbia,2209279.078046709
2025-11-01,British Columbia,2211615.9319386417
2025-12-01,British Columbia,2213877.403446964
2026-01-01,British Columbia,2216214.2573388964
2026-02-01,British Columbia,2218551.1112308293
2026-03-01,British Columbia,2220661.8179719294
2026-04-01,British Columbia,2222998.6718638623
2026-05-01,British Columbia,2225260.1433721846
2026-06-01,British Columbia,2227596.997264117
2026-07-01,British Columbia,2229858.4687724393
2026-08-01,British Columbia,2232195.3226643717
2026-09-01,British Columbia,2234532.1765563046
2026-10-01,British Columbia,2236793.6480646264
2026-11-01,British Columbia,2239130.5019565593
2026-12-01,British Columbia,2241391.973464881
2027-01-01,British Columbia,2243728.827356814
2027-02-01,British Columbia,2246065.681248747
2027-03-01,British Columbia,2248176.387989847
2027-04-01,British Columbia,2250513.2418817794
2027-05-01,British Columbia,2252774.7133901017
2027-06-01,British Columbia,2255111.5672820345
2027-07-01,British Columbia,2257373.0387903564
2027-08-01,British Columbia,2259709.892682289
2027-09-01,British Columbia,2262046.7465742216
2027-10-01,British Columbia,2264308.218082544
2027-11-01,British Columbia,2266645.0719744763
2027-12-01,British Columbia,2268906.543482798
2028-01-01,British Columbia,2271243.397374731
2028-02-01,British Columbia,2273580.251266664
2028-03-01,British Columbia,2275766.340391375
2028-04-01,British Columbia,2278103.1942833075
2028-05-01,British Columbia,2280364.6657916293
2028-06-01,British Columbia,2282701.519683562
2028-07-01,British Columbia,2284962.9911918845
2028-08-01,British Columbia,2287299.845083817
2028-09-01,British Columbia,2289636.6989757493
2028-10-01,British Columbia,2291898.1704840716
2028-11-01,British Columbia,2294235.0243760045
2028-12-01,British Columbia,2296496.4958843268
2029-01-01,British Columbia,2298833.349776259
2029-02-01,British Columbia,2301170.2036681916
2029-03-01,British Columbia,2303280.9104092917
2029-04-01,British Columbia,2305617.764301225
2029-05-01,British Columbia,2307879.235809547
2029-06-01,British Columbia,2310216.0897014793
2029-07-01,British Columbia,2312477.5612098016
2029-08-01,British Columbia,2314814.415101734
2029-09-01,British Columbia,2317151.2689936673
2029-10-01,British Columbia,2319412.740501989
2029-11-01,British Columbia,2321749.5943939216
2029-12-01,British Columbia,2324011.0659022434
2030-01-01,British Columbia,2326347.9197941762
2030-02-01,British Columbia,2328684.7736861086
2030-03-01,British Columbia,2330795.4804272093
2030-04-01,British Columbia,2333132.334319142
2030-05-01,British Columbia,2335393.805827464
2030-06-01,British Columbia,2337730.659719397
2030-07-01,British Columbia,2339992.1312277187
2030-08-01,British Columbia,2342328.9851196515
2030-09-01,British Columbia,2344665.8390115844
2030-10-01,British Columbia,2346927.3105199058
2030-11-01,British Columbia,2349264.164411839
2030-12-01,British Columbia,2351525.635920161
2031-01-01,British Columbia,2353862.4898120933
2031-02-01,British Columbia,2356199.343704026
2031-03-01,British Columbia,2358310.050445127
2031-04-01,British Columbia,2360646.9043370592
2031-05-01,British Columbia,2362908.375845381
2031-06-01,British Columbia,2365245.2297373144
2031-07-01,British Columbia,2367506.7012456357
2031-08-01,British Columbia,2369843.5551375686
2031-09-01,British Columbia,2372180.4090295015
2031-10-01,British Columbia,2374441.8805378233
2031-11-01,British Columbia,2376778.734429756
2031-12-01,British Columbia,2379040.2059380775
2032-01-01,British Columbia,2381377.059830011
2032-02-01,British Columbia,2383713.9137219437
2032-03-01,British Columbia,2385900.002846655
2032-04-01,British Columbia,2388236.8567385874
2032-05-01,British Columbia,2390498.328246909
2032-06-01,British Columbia,2392835.182138842
2032-07-01,British Columbia,2395096.653647164
2032-08-01,British Columbia,2397433.507539097
2032-09-01,British Columbia,2399770.3614310296
2032-10-01,British Columbia,2402031.832939351
2032-11-01,British Columbia,2404368.6868312843
2032-12-01,British Columbia,2406630.158339606
2033-01-01,British Columbia,2408967.0122315385
2033-02-01,British Columbia,2411303.8661234714
2033-03-01,British Columbia,2413414.572864572
2033-04-01,British Columbia,2415751.4267565045
2033-05-01,British Columbia,2418012.8982648267
2033-06-01,British Columbia,2420349.7521567596
2033-07-01,British Columbia,2422611.223665081
2033-08-01,British Columbia,2424948.077557014
2033-09-01,British Columbia,2427284.9314489467
2033-10-01,British Columbia,2429546.402957269
2033-11-01,British Columbia,2431883.256849201
2033-12-01,British Columbia,2434144.7283575227
2034-01-01,British Columbia,2436481.582249456
2034-02-01,British Columbia,2438818.4361413885
2034-03-01,British Columbia,2440929.142882489
2034-04-01,British Columbia,2443265.996774422
2034-05-01,British Columbia,2445527.468282744
2034-06-01,British Columbia,2447864.322174676
2034-07-01,British Columbia,2450125.7936829985
2034-08-01,British Columbia,2452462.6475749314
2034-09-01,British Columbia,2454799.501466864
2034-10-01,British Columbia,2457060.9729751856
2024-11-01,Manitoba,563363.6136596464
2024-12-01,Manitoba,563615.4884218401
2025-01-01,Manitoba,563875.7590094404
2025-02-01,Manitoba,564136.0295970406
2025-03-01,Manitoba,564371.1127084214
2025-04-01,Manitoba,564631.3832960217
2025-05-01,Manitoba,564883.2580582154
2025-06-01,Manitoba,565143.5286458156
2025-07-01,Manitoba,565395.4034080093
2025-08-01,Manitoba,565655.6739956095
2025-09-01,Manitoba,565915.9445832097
2025-10-01,Manitoba,566167.8193454035
2025-11-01,Manitoba,566428.0899330035
2025-12-01,Manitoba,566679.9646951974
2026-01-01,Manitoba,566940.2352827976
2026-02-01,Manitoba,567200.5058703978
2026-03-01,Manitoba,567435.5889817786
2026-04-01,Manitoba,567695.8595693788
2026-05-01,Manitoba,567947.7343315725
2026-06-01,Manitoba,568208.0049191727
2026-07-01,Manitoba,568459.8796813665
2026-08-01,Manitoba,568720.1502689668
2026-09-01,Manitoba,568980.4208565669
2026-10-01,Manitoba,569232.2956187606
2026-11-01,Manitoba,569492.5662063608
2026-12-01,Manitoba,569744.4409685546
2027-01-01,Manitoba,570004.7115561548
2027-02-01,Manitoba,570264.982143755
2027-03-01,Manitoba,570500.0652551358
2027-04-01,Manitoba,570760.335842736
2027-05-01,Manitoba,571012.2106049297
2027-06-01,Manitoba,571272.4811925299
2027-07-01,Manitoba,571524.3559547237
2027-08-01,Manitoba,571784.6265423239
2027-09-01,Manitoba,572044.897129924
2027-10-01,Manitoba,572296.7718921178
2027-11-01,Manitoba,572557.042479718
2027-12-01,Manitoba,572808.9172419118
2028-01-01,Manitoba,573069.1878295119
2028-02-01,Manitoba,573329.4584171121
2028-03-01,Manitoba,573572.9373538995
2028-04-01,Manitoba,573833.2079414995
2028-05-01,Manitoba,574085.0827036933
2028-06-01,Manitoba,574345.3532912936
2028-07-01,Manitoba,574597.2280534873
2028-08-01,Manitoba,574857.4986410874
2028-09-01,Manitoba,575117.7692286877
2028-10-01,Manitoba,575369.6439908815
2028-11-01,Manitoba,575629.9145784816
2028-12-01,Manitoba,575881.7893406753
2029-01-01,Manitoba,576142.0599282755
2029-02-01,Manitoba,576402.3305158757
2029-03-01,Manitoba,576637.4136272566
2029-04-01,Manitoba,576897.6842148567
2029-05-01,Manitoba,577149.5589770505
2029-06-01,Manitoba,577409.8295646507
2029-07-01,Manitoba,577661.7043268444
2029-08-01,Manitoba,577921.9749144446
2029-09-01,Manitoba,578182.2455020449
2029-10-01,Manitoba,578434.1202642387
2029-11-01,Manitoba,578694.3908518387
2029-12-01,Manitoba,578946.2656140325
2030-01-01,Manitoba,579206.5362016327
2030-02-01,Manitoba,579466.8067892329
2030-03-01,Manitoba,579701.8899006138
2030-04-01,Manitoba,579962.1604882139
2030-05-01,Manitoba,580214.0352504076
2030-06-01,Manitoba,580474.305838008
2030-07-01,Manitoba,580726.1806002017
2030-08-01,Manitoba,580986.4511878018
2030-09-01,Manitoba,581246.7217754021
2030-10-01,Manitoba,581498.5965375958
2030-11-01,Manitoba,581758.8671251959
2030-12-01,Manitoba,582010.7418873897
2031-01-01,Manitoba,582271.01247499
2031-02-01,Manitoba,582531.28306259
2031-03-01,Manitoba,582766.366173971
2031-04-01,Manitoba,583026.636761571
2031-05-01,Manitoba,583278.5115237648
2031-06-01,Manitoba,583538.7821113651
2031-07-01,Manitoba,583790.6568735589
2031-08-01,Manitoba,584050.927461159
2031-09-01,Manitoba,584311.1980487591
2031-10-01,Manitoba,584563.0728109529
2031-11-01,Manitoba,584823.3433985531
2031-12-01,Manitoba,585075.2181607469
2032-01-01,Manitoba,585335.4887483472
2032-02-01,Manitoba,585595.7593359472
2032-03-01,Manitoba,585839.2382727345
2032-04-01,Manitoba,586099.5088603348
2032-05-01,Manitoba,586351.3836225285
2032-06-01,Manitoba,586611.6542101286
2032-07-01,Manitoba,586863.5289723224
2032-08-01,Manitoba,587123.7995599227
2032-09-01,Manitoba,587384.070147523
2032-10-01,Manitoba,587635.9449097165
2032-11-01,Manitoba,587896.2154973168
2032-12-01,Manitoba,588148.0902595106
2033-01-01,Manitoba,588408.3608471106
2033-02-01,Manitoba,588668.6314347109
2033-03-01,Manitoba,588903.7145460916
2033-04-01,Manitoba,589163.9851336919
2033-05-01,Manitoba,589415.8598958857
2033-06-01,Manitoba,589676.1304834858
2033-07-01,Manitoba,589928.0052456795
2033-08-01,Manitoba,590188.2758332798
2033-09-01,Manitoba,590448.5464208801
2033-10-01,Manitoba,590700.4211830737
2033-11-01,Manitoba,590960.691770674
2033-12-01,Manitoba,591212.5665328677
2034-01-01,Manitoba,591472.8371204678
2034-02-01,Manitoba,591733.1077080681
2034-03-01,Manitoba,591968.190819449
2034-04-01,Manitoba,592228.4614070491
2034-05-01,Manitoba,592480.3361692429
2034-06-01,Manitoba,592740.6067568429
2034-07-01,Manitoba,592992.4815190367
2034-08-01,Manitoba,593252.752106637
2034-09-01,Manitoba,593513.0226942373
2034-10-01,Manitoba,593764.8974564308
2024-11-01,New Brunswick,337169.76444770675
2024-12-01,New Brunswick,337374.6356798056
2025-01-01,New Brunswick,337586.3359529744
2025-02-01,New Brunswick,337798.0362261432
2025-03-01,New Brunswick,337989.2493761021
2025-04-01,New Brunswick,338200.949649271
2025-05-01,New Brunswick,338405.82088136976
2025-06-01,New Brunswick,338617.5211545386
2025-07-01,New Brunswick,338822.39238663745
2025-08-01,New Brunswick,339034.0926598063
2025-09-01,New Brunswick,339245.79293297505
2025-10-01,New Brunswick,339450.66416507395
2025-11-01,New Brunswick,339662.36443824274
2025-12-01,New Brunswick,339867.23567034164
2026-01-01,New Brunswick,340078.9359435104
2026-02-01,New Brunswick,340290.63621667924
2026-03-01,New Brunswick,340481.84936663817
2026-04-01,New Brunswick,340693.54963980697
2026-05-01,New Brunswick,340898.42087190587
2026-06-01,New Brunswick,341110.1211450746
2026-07-01,New Brunswick,341314.9923771735
2026-08-01,New Brunswick,341526.6926503423
2026-09-01,New Brunswick,341738.39292351116
2026-10-01,New Brunswick,341943.26415560994
2026-11-01,New Brunswick,342154.9644287788
2026-12-01,New Brunswick,342359.83566087764
2027-01-01,New Brunswick,342571.5359340465
2027-02-01,New Brunswick,342783.23620721535
2027-03-01,New Brunswick,342974.44935717416
2027-04-01,New Brunswick,343186.149630343
2027-05-01,New Brunswick,343391.02086244186
2027-06-01,New Brunswick,343602.7211356107
2027-07-01,New Brunswick,343807.5923677095
2027-08-01,New Brunswick,344019.29264087835
2027-09-01,New Brunswick,344230.9929140472
2027-10-01,New Brunswick,344435.86414614605
2027-11-01,New Brunswick,344647.5644193149
2027-12-01,New Brunswick,344852.4356514137
2028-01-01,New Brunswick,345064.1359245825
2028-02-01,New Brunswick,345275.83619775134
2028-03-01,New Brunswick,345473.87838878017
2028-04-01,New Brunswick,345685.578661949
2028-05-01,New Brunswick,345890.44989404787
2028-06-01,New Brunswick,346102.1501672167
2028-07-01,New Brunswick,346307.02139931556
2028-08-01,New Brunswick,346518.72167248436
2028-09-01,New Brunswick,346730.42194565316
2028-10-01,New Brunswick,346935.29317775206
2028-11-01,New Brunswick,347146.99345092085
2028-12-01,New Brunswick,347351.8646830197
2029-01-01,New Brunswick,347563.5649561885
2029-02-01,New Brunswick,347775.26522935735
2029-03-01,New Brunswick,347966.4783793163
2029-04-01,New Brunswick,348178.17865248513
2029-05-01,New Brunswick,348383.0498845839
2029-06-01,New Brunswick,348594.7501577527
2029-07-01,New Brunswick,348799.6213898516
2029-08-01,New Brunswick,349011.32166302047
2029-09-01,New Brunswick,349223.0219361892
2029-10-01,New Brunswick,349427.89316828805
2029-11-01,New Brunswick,349639.5934414569
2029-12-01,New Brunswick,349844.4646735558
2030-01-01,New Brunswick,350056.16494672454
2030-02-01,New Brunswick,350267.86521989334
2030-03-01,New Brunswick,350459.07836985233
2030-04-01,New Brunswick,350670.7786430211
2030-05-01,New Brunswick,350875.64987512
2030-06-01,New Brunswick,351087.35014828877
2030-07-01,New Brunswick,351292.22138038767
2030-08-01,New Brunswick,351503.92165355646
2030-09-01,New Brunswick,351715.6219267253
2030-10-01,New Brunswick,351920.4931588241
2030-11-01,New Brunswick,352132.1934319929
2030-12-01,New Brunswick,352337.0646640918
2031-01-01,New Brunswick,352548.76493726065
2031-02-01,New Brunswick,352760.4652104294
2031-03-01,New Brunswick,352951.6783603883
2031-04-01,New Brunswick,353163.3786335572
2031-05-01,New Brunswick,353368.249865656
2031-06-01,New Brunswick,353579.95013882476
2031-07-01,New Brunswick,353784.82137092366
2031-08-01,New Brunswick,353996.5216440925
2031-09-01,New Brunswick,354208.2219172613
2031-10-01,New Brunswick,354413.0931493601
2031-11-01,New Brunswick,354624.79342252895
2031-12-01,New Brunswick,354829.6646546278
2032-01-01,New Brunswick,355041.36492779665
2032-02-01,New Brunswick,355253.0652009655
2032-03-01,New Brunswick,355451.10739199433
2032-04-01,New Brunswick,355662.8076651631
2032-05-01,New Brunswick,355867.678897262
2032-06-01,New Brunswick,356079.37917043077
2032-07-01,New Brunswick,356284.25040252967
2032-08-01,New Brunswick,356495.95067569846
2032-09-01,New Brunswick,356707.6509488673
2032-10-01,New Brunswick,356912.52218096616
2032-11-01,New Brunswick,357124.22245413496
2032-12-01,New Brunswick,357329.0936862338
2033-01-01,New Brunswick,357540.79395940265
2033-02-01,New Brunswick,357752.4942325715
2033-03-01,New Brunswick,357943.7073825303
2033-04-01,New Brunswick,358155.4076556992
2033-05-01,New Brunswick,358360.2788877981
2033-06-01,New Brunswick,358571.9791609669
2033-07-01,New Brunswick,358776.85039306566
2033-08-01,New Brunswick,358988.5506662345
2033-09-01,New Brunswick,359200.25093940337
2033-10-01,New Brunswick,359405.1221715022
2033-11-01,New Brunswick,359616.82244467107
2033-12-01,New Brunswick,359821.69367676985
2034-01-01,New Brunswick,360033.3939499387
2034-02-01,New Brunswick,360245.0942231075
2034-03-01,New Brunswick,360436.30737306643
2034-04-01,New Brunswick,360648.0076462353
2034-05-01,New Brunswick,360852.8788783341
2034-06-01,New Brunswick,361064.5791515029
2034-07-01,New Brunswick,361269.45038360177
2034-08-01,New Brunswick,361481.1506567706
2034-09-01,New Brunswick,361692.85092993936
2034-10-01,New Brunswick,361897.72216203826
2024-11-01,Newfoundland and Labrador,220000.0
2024-12-01,Newfoundland and Labrador,220000.0
2025-01-01,Newfoundland and Labrador,220000.0
2025-02-01,Newfoundland and Labrador,220000.0
2025-03-01,Newfoundland and Labrador,220000.0
2025-04-01,Newfoundland and Labrador,220000.0
2025-05-01,Newfoundland and Labrador,220000.0
2025-06-01,Newfoundland and Labrador,220000.0
2025-07-01,Newfoundland and Labrador,220000.0
2025-08-01,Newfoundland and Labrador,220000.0
2025-09-01,Newfoundland and Labrador,220000.0
2025-10-01,Newfoundland and Labrador,220000.0
2025-11-01,Newfoundland and Labrador,220000.0
2025-12-01,Newfoundland and Labrador,220000.0
2026-01-01,Newfoundland and Labrador,220000.0
2026-02-01,Newfoundland and Labrador,220000.0
2026-03-01,Newfoundland and Labrador,220000.0
2026-04-01,Newfoundland and Labrador,220000.0
2026-05-01,Newfoundland and Labrador,220000.0
2026-06-01,Newfoundland and Labrador,220000.0
2026-07-01,Newfoundland and Labrador,220000.0
2026-08-01,Newfoundland and Labrador,220000.0
2026-09-01,Newfoundland and Labrador,220000.0
2026-10-01,Newfoundland and Labrador,220000.0
2026-11-01,Newfoundland and Labrador,220000.0
2026-12-01,Newfoundland and Labrador,220000.0
2027-01-01,Newfoundland and Labrador,220000.0
2027-02-01,Newfoundland and Labrador,220000.0
2027-03-01,Newfoundland and Labrador,220000.0
2027-04-01,Newfoundland and Labrador,220000.0
2027-05-01,Newfoundland and Labrador,220000.0
2027-06-01,Newfoundland and Labrador,220000.0
2027-07-01,Newfoundland and Labrador,220000.0
2027-08-01,Newfoundland and Labrador,220000.0
2027-09-01,Newfoundland and Labrador,220000.0
2027-10-01,Newfoundland and Labrador,220000.0
2027-11-01,Newfoundland and Labrador,220000.0
2027-12-01,Newfoundland and Labrador,220000.0
2028-01-01,Newfoundland and Labrador,220000.0
2028-02-01,Newfoundland and Labrador,220000.0
2028-03-01,Newfoundland and Labrador,220000.0
2028-04-01,Newfoundland and Labrador,220000.0
2028-05-01,Newfoundland and Labrador,220000.0
2028-06-01,Newfoundland and Labrador,220000.0
2028-07-01,Newfoundland and Labrador,220000.0
2028-08-01,Newfoundland and Labrador,220000.0
2028-09-01,Newfoundland and Labrador,220000.0
2028-10-01,Newfoundland and Labrador,220000.0
2028-11-01,Newfoundland and Labrador,220000.0
2028-12-01,Newfoundland and Labrador,220000.0
2029-01-01,Newfoundland and Labrador,220000.0
2029-02-01,Newfoundland and Labrador,220000.0
2029-03-01,Newfoundland and Labrador,220000.0
2029-04-01,Newfoundland and Labrador,220000.0
2029-05-01,Newfoundland and Labrador,220000.0
2029-06-01,Newfoundland and Labrador,220000.0
2029-07-01,Newfoundland and Labrador,220000.0
2029-08-01,Newfoundland and Labrador,220000.0
2029-09-01,Newfoundland and Labrador,220000.0
2029-10-01,Newfoundland and Labrador,220000.0
2029-11-01,Newfoundland and Labrador,220000.0
2029-12-01,Newfoundland and Labrador,220000.0
2030-01-01,Newfoundland and Labrador,220000.0
2030-02-01,Newfoundland and Labrador,220000.0
2030-03-01,Newfoundland and Labrador,220000.0
2030-04-01,Newfoundland and Labrador,220000.0
2030-05-01,Newfoundland and Labrador,220000.0
2030-06-01,Newfoundland and Labrador,220000.0
2030-07-01,Newfoundland and Labrador,220000.0
2030-08-01,Newfoundland and Labrador,220000.0
2030-09-01,Newfoundland and Labrador,220000.0
2030-10-01,Newfoundland and Labrador,220000.0
2030-11-01,Newfoundland and Labrador,220000.0
2030-12-01,Newfoundland and Labrador,220000.0
2031-01-01,Newfoundland and Labrador,220000.0
2031-02-01,Newfoundland and Labrador,220000.0
2031-03-01,Newfoundland and Labrador,220000.0
2031-04-01,Newfoundland and Labrador,220000.0
2031-05-01,Newfoundland and Labrador,220000.0
2031-06-01,Newfoundland and Labrador,220000.0
2031-07-01,Newfoundland and Labrador,220000.0
2031-08-01,Newfoundland and Labrador,220000.0
2031-09-01,Newfoundland and Labrador,220000.0
2031-10-01,Newfoundland and Labrador,220000.0
2031-11-01,Newfoundland and Labrador,220000.0
2031-12-01,Newfoundland and Labrador,220000.0
2032-01-01,Newfoundland and Labrador,220000.0
2032-02-01,Newfoundland and Labrador,220000.0
2032-03-01,Newfoundland and Labrador,220000.0
2032-04-01,Newfoundland and Labrador,220000.0
2032-05-01,Newfoundland and Labrador,220000.0
2032-06-01,Newfoundland and Labrador,220000.0
2032-07-01,Newfoundland and Labrador,220000.0
2032-08-01,Newfoundland and Labrador,220000.0
2032-09-01,Newfoundland and Labrador,220000.0
2032-10-01,Newfoundland and Labrador,220000.0
2032-11-01,Newfoundland and Labrador,220000.0
2032-12-01,Newfoundland and Labrador,220000.0
2033-01-01,Newfoundland and Labrador,220000.0
2033-02-01,Newfoundland and Labrador,220000.0
2033-03-01,Newfoundland and Labrador,220000.0
2033-04-01,Newfoundland and Labrador,220000.0
2033-05-01,Newfoundland and Labrador,220000.0
2033-06-01,Newfoundland and Labrador,220000.0
2033-07-01,Newfoundland and Labrador,220000.0
2033-08-01,Newfoundland and Labrador,220000.0
2033-09-01,Newfoundland and Labrador,220000.0
2033-10-01,Newfoundland and Labrador,220000.0
2033-11-01,Newfoundland and Labrador,220000.0
2033-12-01,Newfoundland and Labrador,220000.0
2034-01-01,Newfoundland and Labrador,220000.0
2034-02-01,Newfoundland and Labrador,220000.0
2034-03-01,Newfoundland and Labrador,220000.0
2034-04-01,Newfoundland and Labrador,220000.0
2034-05-01,Newfoundland and Labrador,220000.0
2034-06-01,Newfoundland and Labrador,220000.0
2034-07-01,Newfoundland and Labrador,220000.0
2034-08-01,Newfoundland and Labrador,220000.0
2034-09-01,Newfoundland and Labrador,220000.0
2034-10-01,Newfoundland and Labrador,220000.0
2024-11-01,Ontario,5989745.094464785
2024-12-01,Ontario,5994973.647202205
2025-01-01,Ontario,6000376.485030874
2025-02-01,Ontario,6005779.322859542
2025-03-01,Ontario,6010659.305414467
2025-04-01,Ontario,6016062.143243136
2025-05-01,Ontario,6021290.695980556
2025-06-01,Ontario,6026693.533809224
2025-07-01,Ontario,6031922.086546645
2025-08-01,Ontario,6037324.924375313
2025-09-01,Ontario,6042727.762203981
2025-10-01,Ontario,6047956.3149414025
2025-11-01,Ontario,6053359.15277007
2025-12-01,Ontario,6058587.705507492
2026-01-01,Ontario,6063990.54333616
2026-02-01,Ontario,6069393.381164827
2026-03-01,Ontario,6074273.363719754
2026-04-01,Ontario,6079676.201548422
2026-05-01,Ontario,6084904.754285842
2026-06-01,Ontario,6090307.592114511
2026-07-01,Ontario,6095536.144851931
2026-08-01,Ontario,6100938.9826806
2026-09-01,Ontario,6106341.820509267
2026-10-01,Ontario,6111570.373246688
2026-11-01,Ontario,6116973.211075357
2026-12-01,Ontario,6122201.763812777
2027-01-01,Ontario,6127604.601641445
2027-02-01,Ontario,6133007.439470113
2027-03-01,Ontario,6137887.42202504
2027-04-01,Ontario,6143290.259853709
2027-05-01,Ontario,6148518.812591128
2027-06-01,Ontario,6153921.650419797
2027-07-01,Ontario,6159150.203157217
2027-08-01,Ontario,6164553.040985885
2027-09-01,Ontario,6169955.878814554
2027-10-01,Ontario,6175184.431551974
2027-11-01,Ontario,6180587.269380642
2027-12-01,Ontario,6185815.8221180625
2028-01-01,Ontario,6191218.659946731
2028-02-01,Ontario,6196621.497775399
2028-03-01,Ontario,6201675.765421573
2028-04-01,Ontario,6207078.603250241
2028-05-01,Ontario,6212307.155987661
2028-06-01,Ontario,6217709.993816329
2028-07-01,Ontario,6222938.54655375
2028-08-01,Ontario,6228341.384382418
2028-09-01,Ontario,6233744.222211086
2028-10-01,Ontario,6238972.7749485085
2028-11-01,Ontario,6244375.612777175
2028-12-01,Ontario,6249604.165514597
2029-01-01,Ontario,6255007.0033432655
2029-02-01,Ontario,6260409.841171932
2029-03-01,Ontario,6265289.823726859
2029-04-01,Ontario,6270692.661555527
2029-05-01,Ontario,6275921.214292947
2029-06-01,Ontario,6281324.052121616
2029-07-01,Ontario,6286552.604859036
2029-08-01,Ontario,6291955.442687704
2029-09-01,Ontario,6297358.280516373
2029-10-01,Ontario,6302586.833253793
2029-11-01,Ontario,6307989.671082461
2029-12-01,Ontario,6313218.223819883
2030-01-01,Ontario,6318621.0616485495
2030-02-01,Ontario,6324023.899477218
2030-03-01,Ontario,6328903.882032145
2030-04-01,Ontario,6334306.719860812
2030-05-01,Ontario,6339535.272598234
2030-06-01,Ontario,6344938.110426902
2030-07-01,Ontario,6350166.663164322
2030-08-01,Ontario,6355569.50099299
2030-09-01,Ontario,6360972.338821659
2030-10-01,Ontario,6366200.891559079
2030-11-01,Ontario,6371603.729387747
2030-12-01,Ontario,6376832.282125169
2031-01-01,Ontario,6382235.119953836
2031-02-01,Ontario,6387637.957782504
2031-03-01,Ontario,6392517.940337431
2031-04-01,Ontario,6397920.7781660985
2031-05-01,Ontario,6403149.33090352
2031-06-01,Ontario,6408552.168732187
2031-07-01,Ontario,6413780.721469608
2031-08-01,Ontario,6419183.559298277
2031-09-01,Ontario,6424586.397126945
2031-10-01,Ontario,6429814.949864365
2031-11-01,Ontario,6435217.787693034
2031-12-01,Ontario,6440446.340430453
2032-01-01,Ontario,6445849.178259122
2032-02-01,Ontario,6451252.016087791
2032-03-01,Ontario,6456306.283733964
2032-04-01,Ontario,6461709.121562633
2032-05-01,Ontario,6466937.674300052
2032-06-01,Ontario,6472340.512128721
2032-07-01,Ontario,6477569.064866141
2032-08-01,Ontario,6482971.902694809
2032-09-01,Ontario,6488374.740523478
2032-10-01,Ontario,6493603.293260898
2032-11-01,Ontario,6499006.131089566
2032-12-01,Ontario,6504234.683826989
2033-01-01,Ontario,6509637.5216556555
2033-02-01,Ontario,6515040.359484323
2033-03-01,Ontario,6519920.342039249
2033-04-01,Ontario,6525323.179867919
2033-05-01,Ontario,6530551.732605339
2033-06-01,Ontario,6535954.570434007
2033-07-01,Ontario,6541183.123171427
2033-08-01,Ontario,6546585.961000096
2033-09-01,Ontario,6551988.798828764
2033-10-01,Ontario,6557217.351566184
2033-11-01,Ontario,6562620.189394853
2033-12-01,Ontario,6567848.742132273
2034-01-01,Ontario,6573251.579960942
2034-02-01,Ontario,6578654.417789609
2034-03-01,Ontario,6583534.400344535
2034-04-01,Ontario,6588937.2381732045
2034-05-01,Ontario,6594165.790910625
2034-06-01,Ontario,6599568.628739294
2034-07-01,Ontario,6604797.181476713
2034-08-01,Ontario,6610200.019305382
2034-09-01,Ontario,6615602.857134051
2034-10-01,Ontario,6620831.40987147
