REF_DATE,GEO,Full-time,Part-time,Total
01-01-2024,Alberta,35907,4653,40515
01-01-2024,New Brunswick,8450,284,8243
01-01-2024,Prince Edward Island,1558,29,1526
01-01-2024,Manitoba,12403,1423,13790
01-01-2024,Quebec,82637,37373,121322
01-01-2024,Newfoundland and Labrador,5251,278,5530
01-01-2024,Canada,364296,77790,431262
01-01-2024,Nova Scotia,10359,15980,10332
01-01-2024,Saskatchewan,10672,1167,11833
01-01-2024,Ontario,134692,17853,154216
01-01-2024,British Columbia,47590,8220,53427
01-01-2025,Newfoundland and Labrador,5257,239,5496
01-01-2025,Prince Edward Island,1566,11,1508
01-01-2025,Ontario,134927,16765,153407
01-01-2025,Manitoba,12485,1365,13770
01-01-2025,New Brunswick,8620,279,8341
01-01-2025,Saskatchewan,10672,1126,11823
01-01-2025,Quebec,84314,38126,123800
01-01-2025,Canada,369028,78056,436287
01-01-2025,Nova Scotia,10512,15980,10475
01-01-2025,Alberta,36022,4362,40238
01-01-2025,British Columbia,48889,8188,54578
01-01-2026,Nova Scotia,10755,15980,10684
01-01-2026,New Brunswick,8926,271,8285
01-01-2026,Canada,376874,77997,440306
01-01-2026,Alberta,35740,4386,40028
01-01-2026,British Columbia,51721,8211,56997
01-01-2026,Manitoba,12633,1312,13630
01-01-2026,Ontario,135073,13554,151585
01-01-2026,Quebec,85295,37138,126510
01-01-2026,Prince Edward Island,1521,-21,1338
01-01-2026,Saskatchewan,10540,1119,11620
01-01-2026,Newfoundland and Labrador,5217,135,5355
01-01-2027,Manitoba,12973,1221,13507
01-01-2027,Alberta,35366,4305,39353
01-01-2027,British Columbia,53957,8087,58995
01-01-2027,New Brunswick,9351,255,8343
01-01-2027,Newfoundland and Labrador,5156,-4,5161
01-01-2027,Canada,383636,77921,442985
01-01-2027,Quebec,86855,36613,130624
01-01-2027,Prince Edward Island,1475,-76,1144
01-01-2027,Ontario,135707,10259,149852
01-01-2027,Nova Scotia,11188,15980,11068
01-01-2027,Saskatchewan,10551,1053,11501
01-01-2028,Prince Edward Island,1439,-140,970
01-01-2028,Alberta,35022,4075,38300
01-01-2028,New Brunswick,9825,234,8534
01-01-2028,Nova Scotia,11727,15980,11554
01-01-2028,Manitoba,13430,1089,13444
01-01-2028,Canada,389621,77886,445071
01-01-2028,Quebec,89049,36918,135708
01-01-2028,British Columbia,55710,7825,60649
01-01-2028,Ontario,136860,7561,148616
01-01-2028,Saskatchewan,10711,933,11496
01-01-2028,Newfoundland and Labrador,5102,-139,4983
01-01-2029,Manitoba,13512,1032,13423
01-01-2029,Canada,394353,78152,450096
01-01-2029,Alberta,35137,3783,38023
01-01-2029,Quebec,90727,37671,138186
01-01-2029,British Columbia,57009,7793,61801
01-01-2029,Prince Edward Island,1447,-159,952
01-01-2029,Newfoundland and Labrador,5107,-178,4950
01-01-2029,Saskatchewan,10711,892,11486
01-01-2029,New Brunswick,9995,229,8632
01-01-2029,Ontario,137095,6474,147807
01-01-2029,Nova Scotia,11880,15980,11697
01-01-2030,Quebec,93191,38673,143118
01-01-2030,British Columbia,58381,7485,63135
01-01-2030,Ontario,138519,4734,147204
01-01-2030,Alberta,34919,3447,36913
01-01-2030,Nova Scotia,12380,15980,12153
01-01-2030,New Brunswick,10416,212,8893
01-01-2030,Manitoba,13949,884,13428
01-01-2030,Saskatchewan,10934,755,11559
01-01-2030,Prince Edward Island,1428,-215,831
01-01-2030,Canada,399660,78176,452884
01-01-2030,Newfoundland and Labrador,5086,-274,4847
01-01-2031,Canada,404173,78235,457256
01-01-2031,Alberta,34860,3091,36078
01-01-2031,Nova Scotia,12729,15980,12475
01-01-2031,Saskatchewan,11113,645,11642
01-01-2031,New Brunswick,10718,201,9138
01-01-2031,British Columbia,59435,7243,64152
01-01-2031,Prince Edward Island,1427,-251,770
01-01-2031,Manitoba,14262,752,13474
01-01-2031,Quebec,95460,39933,146917
01-01-2031,Newfoundland and Labrador,5103,-315,4833
01-01-2031,Ontario,139789,3845,147016
01-01-2032,Newfoundland and Labrador,5144,-311,4879
01-01-2032,Alberta,34936,2785,35640
01-01-2032,Quebec,97306,41065,149392
01-01-2032,Canada,407862,78294,463055
01-01-2032,Saskatchewan,11194,583,11688
01-01-2032,Nova Scotia,12916,15980,12651
01-01-2032,New Brunswick,10905,197,9320
01-01-2032,Prince Edward Island,1441,-266,754
01-01-2032,Manitoba,14433,658,13524
01-01-2032,Ontario,140555,3368,146833
01-01-2032,British Columbia,60237,7132,64896
01-01-2033,Alberta,35051,2493,35363
01-01-2033,Quebec,98984,41818,151870
01-01-2033,Nova Scotia,13069,15980,12794
01-01-2033,Manitoba,14515,600,13504
01-01-2033,Newfoundland and Labrador,5150,-350,4846
01-01-2033,Prince Edward Island,1449,-284,736
01-01-2033,Saskatchewan,11195,542,11678
01-01-2033,Ontario,140790,2281,146024
01-01-2033,New Brunswick,11075,193,9418
01-01-2033,Canada,412594,78560,468080
01-01-2033,British Columbia,61537,7100,66048
01-01-2034,British Columbia,62195,7098,66634
01-01-2034,Quebec,100519,42720,153581
01-01-2034,Prince Edward Island,1470,-289,741
01-01-2034,Canada,415727,78617,474365
01-01-2034,New Brunswick,11202,192,9548
01-01-2034,Ontario,140998,1778,145555
01-01-2034,Manitoba,14601,540,13538
01-01-2034,Newfoundland and Labrador,5194,-327,4909
01-01-2034,Saskatchewan,11195,517,11678
01-01-2034,Alberta,35211,2252,35194
01-01-2034,Nova Scotia,13162,15980,12887
01-01-2035,Ontario,140906,1080,144835
01-01-2035,Prince Edward Island,1493,-294,748
01-01-2035,Canada,418755,78698,480309
01-01-2035,Nova Scotia,13247,15980,12972
01-01-2035,British Columbia,62826,7138,67195
01-01-2035,Manitoba,14669,493,13558
01-01-2035,Newfoundland and Labrador,5231,-302,4962
01-01-2035,Saskatchewan,11174,504,11661
01-01-2035,New Brunswick,11328,191,9668
01-01-2035,Alberta,35415,2045,35072
01-01-2035,Quebec,101997,43527,155237
01-02-2024,Canada,361764,77804,432102
01-02-2024,British Columbia,46329,8166,52400
01-02-2024,Prince Edward Island,1588,32,1596
01-02-2024,New Brunswick,8432,283,8356
01-02-2024,Manitoba,12460,1402,13857
01-02-2024,Newfoundland and Labrador,5284,326,5606
01-02-2024,Nova Scotia,10367,15980,10350
01-02-2024,Quebec,83086,38337,121370
01-02-2024,Ontario,134823,18936,154746
01-02-2024,Alberta,36106,4469,40355
01-02-2024,Saskatchewan,10785,1137,11949
01-02-2025,Newfoundland and Labrador,5283,283,5566
01-02-2025,Nova Scotia,10513,15980,10487
01-02-2025,New Brunswick,8580,279,8458
01-02-2025,British Columbia,47599,8149,53506
01-02-2025,Prince Edward Island,1599,18,1564
01-02-2025,Ontario,134941,17691,153688
01-02-2025,Quebec,84813,39079,123897
01-02-2025,Saskatchewan,10762,1106,11918
01-02-2025,Manitoba,12511,1353,13831
01-02-2025,Alberta,36203,4213,40049
01-02-2025,Canada,366512,78156,437177
01-02-2026,Alberta,36010,4241,40022
01-02-2026,Manitoba,12582,1309,13708
01-02-2026,Quebec,85650,38118,126048
01-02-2026,British Columbia,50749,8216,56172
01-02-2026,Ontario,134961,14835,152074
01-02-2026,Saskatchewan,10597,1115,11709
01-02-2026,Nova Scotia,10671,15980,10620
01-02-2026,New Brunswick,8832,275,8377
01-02-2026,Newfoundland and Labrador,5265,208,5472
01-02-2026,Canada,374969,78100,441820
01-02-2026,Prince Edward Island,1559,-5,1424
01-02-2027,Canada,382229,77995,445119
01-02-2027,Ontario,135370,11543,150322
01-02-2027,Saskatchewan,10537,1077,11547
01-02-2027,Manitoba,12839,1236,13571
01-02-2027,Prince Edward Island,1511,-50,1241
01-02-2027,Quebec,86866,37291,129432
01-02-2027,British Columbia,53282,8165,58385
01-02-2027,New Brunswick,9210,263,8369
01-02-2027,Nova Scotia,11015,15980,10920
01-02-2027,Newfoundland and Labrador,5213,83,5298
01-02-2027,Alberta,35673,4211,39598
01-02-2028,Prince Edward Island,1468,-113,1057
01-02-2028,Canada,388570,77907,447338
01-02-2028,Newfoundland and Labrador,5153,-58,5105
01-02-2028,Nova Scotia,11520,15980,11372
01-02-2028,New Brunswick,9678,243,8495
01-02-2028,Alberta,35305,4043,38714
01-02-2028,Saskatchewan,10636,978,11493
01-02-2028,Quebec,88752,37171,134131
01-02-2028,Ontario,136317,8525,148879
01-02-2028,Manitoba,13263,1120,13476
01-02-2028,British Columbia,55272,7960,60220
01-02-2029,Prince Edward Island,1479,-127,1025
01-02-2029,Ontario,136435,7280,147821
01-02-2029,British Columbia,56542,7943,61326
01-02-2029,Saskatchewan,10614,947,11462
01-02-2029,Manitoba,13314,1071,13450
01-02-2029,Canada,393318,78259,452413
01-02-2029,Quebec,90478,37913,136658
01-02-2029,Alberta,35403,3786,38408
01-02-2029,Newfoundland and Labrador,5153,-101,5065
01-02-2029,New Brunswick,9826,239,8597
01-02-2029,Nova Scotia,11666,15980,11509
01-02-2030,Nova Scotia,12206,15980,11999
01-02-2030,British Columbia,58104,7638,62835
01-02-2030,New Brunswick,10293,219,8833
01-02-2030,Alberta,35119,3483,37289
01-02-2030,Newfoundland and Labrador,5115,-218,4923
01-02-2030,Ontario,137809,5100,146992
01-02-2030,Saskatchewan,10826,809,11511
01-02-2030,Manitoba,13789,924,13424
01-02-2030,Prince Edward Island,1450,-192,879
01-02-2030,Canada,398961,78225,454675
01-02-2030,Quebec,92852,38614,141800
01-02-2031,Alberta,34986,3114,36294
01-02-2031,Quebec,95251,39808,146230
01-02-2031,Ontario,139250,3879,146727
01-02-2031,Nova Scotia,12641,15980,12397
01-02-2031,Canada,403883,78242,458187
01-02-2031,Newfoundland and Labrador,5116,-285,4868
01-02-2031,British Columbia,59319,7346,64024
01-02-2031,Manitoba,14182,778,13456
01-02-2031,Prince Edward Island,1439,-240,794
01-02-2031,Saskatchewan,11046,678,11604
01-02-2031,New Brunswick,10665,204,9094
01-02-2032,Canada,407969,78276,463342
01-02-2032,Alberta,35007,2765,35670
01-02-2032,British Columbia,60248,7161,64910
01-02-2032,Prince Edward Island,1445,-266,763
01-02-2032,Nova Scotia,12907,15980,12644
01-02-2032,Saskatchewan,11186,588,11679
01-02-2032,Quebec,97299,41041,149320
01-02-2032,Newfoundland and Labrador,5150,-301,4891
01-02-2032,Manitoba,14431,661,13510
01-02-2032,Ontario,140336,3309,146673
01-02-2032,New Brunswick,10913,197,9308
01-02-2033,New Brunswick,11061,193,9410
01-02-2033,Nova Scotia,13052,15980,12782
01-02-2033,Newfoundland and Labrador,5149,-344,4851
01-02-2033,Ontario,140454,2064,145615
01-02-2033,Canada,412717,78628,468416
01-02-2033,British Columbia,61518,7145,66017
01-02-2033,Quebec,99025,41783,151848
01-02-2033,Manitoba,14482,612,13484
01-02-2033,Prince Edward Island,1456,-280,731
01-02-2033,Alberta,35104,2508,35364
01-02-2033,Saskatchewan,11164,557,11649
01-02-2034,New Brunswick,11217,191,9560
01-02-2034,Ontario,140964,1671,145391
01-02-2034,Manitoba,14611,533,13530
01-02-2034,Nova Scotia,13183,15980,12908
01-02-2034,Newfoundland and Labrador,5196,-325,4913
01-02-2034,Prince Edward Island,1473,-289,733
01-02-2034,Saskatchewan,11206,513,11676
01-02-2034,British Columbia,62242,7090,66679
01-02-2034,Canada,416067,78655,474577
01-02-2034,Alberta,35234,2225,35097
01-02-2034,Quebec,100670,42797,153826
01-02-2035,Manitoba,14692,480,13557
01-02-2035,Nova Scotia,13266,15980,12991
01-02-2035,Alberta,35425,1994,34986
01-02-2035,British Columbia,62883,7114,67253
01-02-2035,Saskatchewan,11196,494,11671
01-02-2035,Canada,419088,78691,480734
01-02-2035,Prince Edward Island,1495,-295,745
01-02-2035,New Brunswick,11345,191,9679
01-02-2035,Newfoundland and Labrador,5240,-298,4976
01-02-2035,Quebec,102130,43631,155422
01-02-2035,Ontario,141016,1124,144857
01-03-2024,New Brunswick,8685,275,8058
01-03-2024,Nova Scotia,10544,15980,10478
01-03-2024,Saskatchewan,10563,1163,11628
01-03-2024,Newfoundland and Labrador,5173,144,5323
01-03-2024,Ontario,134840,14970,152713
01-03-2024,Canada,370564,77759,429639
01-03-2024,British Columbia,50347,8197,55778
01-03-2024,Alberta,35373,4863,40292
01-03-2024,Quebec,82332,35467,122894
01-03-2024,Prince Edward Island,1486,-9,1329
01-03-2024,Manitoba,12505,1404,13608
01-03-2025,Quebec,83929,34966,127131
01-03-2025,Nova Scotia,10984,15980,10868
01-03-2025,Canada,377502,77710,432300
01-03-2025,New Brunswick,9104,258,8110
01-03-2025,Prince Edward Island,1438,-63,1135
01-03-2025,Manitoba,12831,1317,13467
01-03-2025,Ontario,135488,11518,150884
01-03-2025,Newfoundland and Labrador,5096,-20,5091
01-03-2025,Alberta,35008,4742,39626
01-03-2025,Saskatchewan,10563,1094,11507
01-03-2025,British Columbia,52621,8070,57804
01-03-2026,Manitoba,13274,1191,13385
01-03-2026,Ontario,136656,8661,149550
01-03-2026,New Brunswick,9570,237,8295
01-03-2026,Alberta,34674,4473,38581
01-03-2026,Saskatchewan,10711,971,11500
01-03-2026,Quebec,86161,35295,132338
01-03-2026,British Columbia,54412,7806,59484
01-03-2026,Canada,383663,77704,434371
01-03-2026,Prince Edward Island,1401,-128,961
01-03-2026,Nova Scotia,11530,15980,11361
01-03-2026,Newfoundland and Labrador,5027,-181,4875
01-03-2027,Alberta,34465,4097,37480
01-03-2027,Nova Scotia,12037,15980,11824
01-03-2027,Saskatchewan,10921,831,11572
01-03-2027,Canada,389146,77758,437143
01-03-2027,Manitoba,13698,1048,13371
01-03-2027,Ontario,138095,6764,148851
01-03-2027,Newfoundland and Labrador,4991,-302,4733
01-03-2027,New Brunswick,9984,219,8550
01-03-2027,British Columbia,55822,7495,60845
01-03-2027,Quebec,88664,36321,137393
01-03-2027,Prince Edward Island,1380,-185,840
01-03-2028,Prince Edward Island,1393,-203,823
01-03-2028,Ontario,138286,6151,148332
01-03-2028,British Columbia,57007,7471,61917
01-03-2028,Newfoundland and Labrador,5041,-265,4815
01-03-2028,Manitoba,13821,976,13406
01-03-2028,Canada,393349,77938,442217
01-03-2028,Quebec,90228,37002,139503
01-03-2028,New Brunswick,10174,216,8666
01-03-2028,Alberta,34552,3925,37176
01-03-2028,Nova Scotia,12169,15980,11946
01-03-2028,Saskatchewan,10957,800,11566
01-03-2029,Quebec,92533,38286,143424
01-03-2029,Canada,398039,78024,446571
01-03-2029,Manitoba,14120,849,13434
01-03-2029,British Columbia,58099,7227,62961
01-03-2029,Saskatchewan,11125,686,11649
01-03-2029,Prince Edward Island,1390,-239,761
01-03-2029,Nova Scotia,12525,15980,12275
01-03-2029,Newfoundland and Labrador,5044,-331,4763
01-03-2029,New Brunswick,10470,204,8905
01-03-2029,Alberta,34503,3529,36351
01-03-2029,Ontario,139571,5104,148048
01-03-2030,Newfoundland and Labrador,5070,-353,4771
01-03-2030,Ontario,140351,4468,147767
01-03-2030,British Columbia,58940,7112,63732
01-03-2030,Prince Edward Island,1402,-253,745
01-03-2030,Alberta,34587,3182,35922
01-03-2030,New Brunswick,10650,200,9081
01-03-2030,Quebec,94418,39442,146023
01-03-2030,Saskatchewan,11194,621,11692
01-03-2030,Canada,401904,78112,452355
01-03-2030,Manitoba,14278,759,13466
01-03-2030,Nova Scotia,12719,15980,12458
01-03-2031,British Columbia,59636,7108,64344
01-03-2031,Saskatchewan,11183,592,11691
01-03-2031,Ontario,140573,3807,147201
01-03-2031,New Brunswick,10771,199,9205
01-03-2031,Alberta,34756,2901,35762
01-03-2031,Manitoba,14350,704,13481
01-03-2031,Prince Edward Island,1422,-258,750
01-03-2031,Newfoundland and Labrador,5099,-355,4796
01-03-2031,Nova Scotia,12819,15980,12558
01-03-2031,Quebec,95991,40368,147857
01-03-2031,Canada,405213,78198,458624
01-03-2032,Prince Edward Island,1435,-276,733
01-03-2032,Canada,409417,78379,463699
01-03-2032,Quebec,97555,41049,149966
01-03-2032,Alberta,34844,2729,35458
01-03-2032,New Brunswick,10961,196,9321
01-03-2032,Saskatchewan,11219,562,11686
01-03-2032,Manitoba,14472,632,13516
01-03-2032,Newfoundland and Labrador,5150,-318,4877
01-03-2032,Ontario,140765,3194,146683
01-03-2032,British Columbia,60821,7084,65416
01-03-2032,Nova Scotia,12951,15980,12680
01-03-2033,Quebec,99071,41880,151744
01-03-2033,Ontario,140688,2339,145867
01-03-2033,Nova Scotia,13043,15980,12772
01-03-2033,Saskatchewan,11186,545,11667
01-03-2033,Prince Edward Island,1456,-281,739
01-03-2033,Newfoundland and Labrador,5172,-319,4893
01-03-2033,Canada,412621,78487,469624
01-03-2033,Manitoba,14528,590,13518
01-03-2033,Alberta,35057,2483,35345
01-03-2033,British Columbia,61491,7121,66004
01-03-2033,New Brunswick,11080,195,9435
01-03-2034,British Columbia,62200,7141,66633
01-03-2034,Alberta,35291,2232,35164
01-03-2034,Prince Edward Island,1475,-290,741
01-03-2034,Newfoundland and Labrador,5189,-326,4898
01-03-2034,Quebec,100682,42771,153767
01-03-2034,Canada,416007,78649,475194
01-03-2034,Nova Scotia,13159,15980,12888
01-03-2034,Manitoba,14600,544,13519
01-03-2034,Saskatchewan,11171,520,11656
01-03-2034,Ontario,140673,1401,145060
01-03-2034,New Brunswick,11217,192,9564
01-03-2035,Alberta,35522,1959,34954
01-03-2035,Nova Scotia,13285,15980,13012
01-03-2035,Prince Edward Island,1493,-299,741
01-03-2035,Quebec,102347,43741,155855
01-03-2035,British Columbia,62938,7133,67288
01-03-2035,Canada,419490,78837,481010
01-03-2035,Ontario,140900,580,144472
01-03-2035,Saskatchewan,11174,487,11657
01-03-2035,Manitoba,14681,489,13529
01-03-2035,Newfoundland and Labrador,5211,-336,4910
01-03-2035,New Brunswick,11358,188,9703
01-04-2024,Alberta,35641,4706,40386
01-04-2024,Newfoundland and Labrador,5211,199,5415
01-04-2024,Ontario,134679,15997,153052
01-04-2024,Canada,368800,77778,430750
01-04-2024,Prince Edward Island,1521,7,1419
01-04-2024,Manitoba,12437,1402,13684
01-04-2024,New Brunswick,8591,279,8147
01-04-2024,Saskatchewan,10604,1161,11698
01-04-2024,Quebec,82746,36482,122556
01-04-2024,British Columbia,49461,8207,55036
01-04-2024,Nova Scotia,10469,15980,10421
01-04-2025,Ontario,135074,12629,151206
01-04-2025,Canada,376149,77769,434121
01-04-2025,Saskatchewan,10530,1124,11536
01-04-2025,Alberta,35300,4665,39960
01-04-2025,Newfoundland and Labrador,5148,58,5215
01-04-2025,New Brunswick,8958,266,8130
01-04-2025,British Columbia,51996,8159,57238
01-04-2025,Quebec,84002,35663,126026
01-04-2025,Prince Edward Island,1473,-37,1233
01-04-2025,Manitoba,12675,1335,13532
01-04-2025,Nova Scotia,10811,15980,10721
01-04-2026,Nova Scotia,11314,15980,11170
01-04-2026,British Columbia,53986,7957,59060
01-04-2026,Manitoba,13079,1226,13422
01-04-2026,Quebec,85927,35551,130808
01-04-2026,Canada,382574,77777,436414
01-04-2026,Prince Edward Island,1430,-100,1046
01-04-2026,Ontario,136006,9538,149671
01-04-2026,Alberta,34927,4485,39075
01-04-2026,Newfoundland and Labrador,5077,-100,4996
01-04-2026,New Brunswick,9415,246,8249
01-04-2026,Saskatchewan,10615,1025,11482
01-04-2027,New Brunswick,9870,226,8476
01-04-2027,Alberta,34638,4169,37955
01-04-2027,British Columbia,55549,7655,60558
01-04-2027,Manitoba,13535,1087,13381
01-04-2027,Saskatchewan,10814,888,11530
01-04-2027,Prince Edward Island,1401,-163,898
01-04-2027,Quebec,88341,36260,136036
01-04-2027,Canada,388306,77841,438750
01-04-2027,Newfoundland and Labrador,5028,-234,4828
01-04-2027,Nova Scotia,11852,15980,11658
01-04-2027,Ontario,137367,7284,148750
01-04-2028,Saskatchewan,10833,855,11500
01-04-2028,Ontario,137526,6262,147970
01-04-2028,Prince Edward Island,1412,-180,875
01-04-2028,Newfoundland and Labrador,5061,-226,4866
01-04-2028,Canada,392792,77903,443605
01-04-2028,Manitoba,13643,1017,13400
01-04-2028,Nova Scotia,12004,15980,11800
01-04-2028,Alberta,34750,3949,37653
01-04-2028,British Columbia,56816,7629,61699
01-04-2028,New Brunswick,10052,223,8603
01-04-2028,Quebec,89948,36977,138309
01-04-2029,British Columbia,58033,7340,62877
01-04-2029,Alberta,34613,3567,36657
01-04-2029,Ontario,138953,4965,147611
01-04-2029,Manitoba,14018,877,13417
01-04-2029,Prince Edward Island,1401,-227,786
01-04-2029,Newfoundland and Labrador,5051,-310,4784
01-04-2029,New Brunswick,10414,208,8856
01-04-2029,Saskatchewan,11039,724,11593
01-04-2029,Nova Scotia,12437,15980,12198
01-04-2029,Quebec,92387,38181,142825
01-04-2029,Canada,397803,78016,447189
01-04-2030,Manitoba,14248,768,13456
01-04-2030,Saskatchewan,11166,635,11668
01-04-2030,Canada,401973,78147,452418
01-04-2030,British Columbia,58961,7158,63751
01-04-2030,Prince Edward Island,1407,-252,752
01-04-2030,Alberta,34628,3207,36031
01-04-2030,New Brunswick,10649,201,9062
01-04-2030,Nova Scotia,12700,15980,12443
01-04-2030,Quebec,94474,39421,145998
01-04-2030,Ontario,140025,4322,147465
01-04-2030,Newfoundland and Labrador,5073,-342,4782
01-04-2031,Alberta,34753,2911,35763
01-04-2031,Manitoba,14358,696,13486
01-04-2031,British Columbia,59687,7107,64402
01-04-2031,Prince Edward Island,1425,-261,751
01-04-2031,Nova Scotia,12829,15980,12567
01-04-2031,Quebec,96159,40444,148062
01-04-2031,Canada,405412,78271,458651
01-04-2031,Saskatchewan,11194,592,11695
01-04-2031,Ontario,140522,3854,147148
01-04-2031,New Brunswick,10795,199,9204
01-04-2031,Newfoundland and Labrador,5109,-341,4818
01-04-2032,British Columbia,60954,7081,65543
01-04-2032,Nova Scotia,12981,15980,12709
01-04-2032,Newfoundland and Labrador,5143,-333,4856
01-04-2032,Saskatchewan,11213,559,11665
01-04-2032,Canada,409898,78333,463507
01-04-2032,Quebec,97765,41160,150335
01-04-2032,New Brunswick,10976,195,9330
01-04-2032,Manitoba,14466,626,13506
01-04-2032,Ontario,140681,2833,146368
01-04-2032,Prince Edward Island,1435,-278,728
01-04-2032,Alberta,34865,2690,35461
01-04-2033,Quebec,99266,42003,152016
01-04-2033,Ontario,140719,2209,145740
01-04-2033,Newfoundland and Labrador,5174,-323,4892
01-04-2033,Canada,413008,78465,469736
01-04-2033,British Columbia,61597,7108,66106
01-04-2033,Nova Scotia,13062,15980,12791
01-04-2033,New Brunswick,11093,194,9441
01-04-2033,Prince Edward Island,1457,-282,737
01-04-2033,Manitoba,14527,579,13518
01-04-2033,Alberta,35052,2448,35348
01-04-2033,Saskatchewan,11189,540,11660
01-04-2034,Nova Scotia,13159,15980,12888
01-04-2034,British Columbia,62255,7141,66688
01-04-2034,Alberta,35269,2220,35204
01-04-2034,New Brunswick,11224,192,9558
01-04-2034,Manitoba,14595,537,13522
01-04-2034,Prince Edward Island,1478,-289,743
01-04-2034,Canada,416195,78639,475506
01-04-2034,Ontario,140644,1423,144978
01-04-2034,Newfoundland and Labrador,5198,-318,4916
01-04-2034,Saskatchewan,11168,521,11651
01-04-2034,Quebec,100809,42840,153860
01-04-2035,Quebec,102446,43766,155900
01-04-2035,New Brunswick,11369,189,9690
01-04-2035,Manitoba,14679,485,13533
01-04-2035,Nova Scotia,13278,15980,13005
01-04-2035,British Columbia,62957,7146,67313
01-04-2035,Saskatchewan,11171,493,11655
01-04-2035,Newfoundland and Labrador,5223,-318,4938
01-04-2035,Ontario,140757,663,144358
01-04-2035,Alberta,35497,1975,34996
01-04-2035,Prince Edward Island,1498,-299,745
01-04-2035,Canada,419566,78861,481189
01-05-2024,Manitoba,12495,1397,13594
01-05-2024,Saskatchewan,10550,1157,11625
01-05-2024,Prince Edward Island,1488,-9,1327
01-05-2024,Canada,371251,77678,430192
01-05-2024,Quebec,82654,35637,123372
01-05-2024,British Columbia,50525,8196,55924
01-05-2024,Ontario,134757,14663,152535
01-05-2024,Nova Scotia,10574,15980,10508
01-05-2024,Newfoundland and Labrador,5163,118,5289
01-05-2024,Alberta,35381,4781,40282
01-05-2024,New Brunswick,8702,274,8069
01-05-2025,British Columbia,52774,8069,57935
01-05-2025,New Brunswick,9126,257,8122
01-05-2025,Newfoundland and Labrador,5097,-28,5084
01-05-2025,Saskatchewan,10558,1089,11507
01-05-2025,Canada,378082,77648,432884
01-05-2025,Quebec,84225,35120,127522
01-05-2025,Manitoba,12832,1308,13462
01-05-2025,Prince Edward Island,1442,-64,1135
01-05-2025,Ontario,135424,11347,150786
01-05-2025,Alberta,35013,4688,39618
01-05-2025,Nova Scotia,11009,15980,10893
01-05-2026,Ontario,136610,8628,149534
01-05-2026,Newfoundland and Labrador,5038,-170,4895
01-05-2026,New Brunswick,9598,237,8308
01-05-2026,Prince Edward Island,1405,-130,963
01-05-2026,Canada,384133,77658,434983
01-05-2026,Quebec,86430,35433,132642
01-05-2026,Alberta,34675,4447,38575
01-05-2026,British Columbia,54539,7804,59600
01-05-2026,Nova Scotia,11550,15980,11380
01-05-2026,Manitoba,13285,1178,13391
01-05-2026,Saskatchewan,10715,968,11503
01-05-2027,Alberta,34462,4100,37476
01-05-2027,Prince Edward Island,1385,-187,844
01-05-2027,Saskatchewan,10935,829,11577
01-05-2027,Newfoundland and Labrador,5013,-273,4782
01-05-2027,British Columbia,55923,7493,60947
01-05-2027,New Brunswick,10018,219,8565
01-05-2027,Quebec,88904,36443,137607
01-05-2027,Nova Scotia,12052,15980,11838
01-05-2027,Manitoba,13720,1033,13388
01-05-2027,Canada,389503,77724,437781
01-05-2027,Ontario,138067,6870,148918
01-05-2028,Saskatchewan,10944,793,11564
01-05-2028,Prince Edward Island,1395,-203,820
01-05-2028,Nova Scotia,12199,15980,11976
01-05-2028,Newfoundland and Labrador,5032,-290,4781
01-05-2028,New Brunswick,10191,215,8677
01-05-2028,Ontario,138203,5844,148155
01-05-2028,Canada,394037,77857,442771
01-05-2028,Alberta,34560,3843,37167
01-05-2028,British Columbia,57185,7470,62063
01-05-2028,Manitoba,13812,968,13391
01-05-2028,Quebec,90550,37172,139981
01-05-2029,Manitoba,14121,839,13429
01-05-2029,Nova Scotia,12550,15980,12300
01-05-2029,Alberta,34507,3475,36343
01-05-2029,Quebec,92829,38440,143815
01-05-2029,Prince Edward Island,1394,-240,761
01-05-2029,British Columbia,58251,7225,63092
01-05-2029,Canada,398619,77962,447155
01-05-2029,Newfoundland and Labrador,5044,-339,4756
01-05-2029,Saskatchewan,11120,682,11649
01-05-2029,Ontario,139506,4933,147951
01-05-2029,New Brunswick,10492,204,8917
01-05-2030,Nova Scotia,12738,15980,12477
01-05-2030,British Columbia,59067,7111,63848
01-05-2030,Manitoba,14289,747,13472
01-05-2030,Canada,402374,78066,452967
01-05-2030,Alberta,34588,3156,35916
01-05-2030,Saskatchewan,11198,618,11695
01-05-2030,Newfoundland and Labrador,5081,-343,4791
01-05-2030,Ontario,140305,4435,147751
01-05-2030,Quebec,94687,39580,146326
01-05-2030,Prince Edward Island,1406,-255,747
01-05-2030,New Brunswick,10678,200,9094
01-05-2031,Saskatchewan,11197,591,11696
01-05-2031,Canada,405571,78164,459263
01-05-2031,Quebec,96231,40489,148070
01-05-2031,New Brunswick,10804,199,9220
01-05-2031,Prince Edward Island,1427,-261,754
01-05-2031,Alberta,34754,2904,35757
01-05-2031,British Columbia,59737,7106,64446
01-05-2031,Ontario,140546,3913,147268
01-05-2031,Manitoba,14371,689,13498
01-05-2031,Newfoundland and Labrador,5121,-326,4844
01-05-2031,Nova Scotia,12834,15980,12572
01-05-2032,Ontario,140681,2887,146505
01-05-2032,Prince Edward Island,1437,-277,730
01-05-2032,British Columbia,60999,7084,65562
01-05-2032,Newfoundland and Labrador,5140,-343,4844
01-05-2032,New Brunswick,10978,195,9332
01-05-2032,Nova Scotia,12981,15980,12710
01-05-2032,Manitoba,14463,624,13502
01-05-2032,Quebec,97878,41219,150444
01-05-2032,Saskatchewan,11205,555,11683
01-05-2032,Alberta,34852,2647,35448
01-05-2032,Canada,410105,78298,464252
01-05-2033,British Columbia,61643,7120,66134
01-05-2033,Prince Edward Island,1459,-282,739
01-05-2033,Canada,413200,78425,470208
01-05-2033,Nova Scotia,13067,15980,12797
01-05-2033,Ontario,140624,2167,145769
01-05-2033,Saskatchewan,11181,540,11667
01-05-2033,New Brunswick,11102,194,9447
01-05-2033,Manitoba,14529,580,13513
01-05-2033,Quebec,99367,42033,152136
01-05-2033,Alberta,35062,2429,35337
01-05-2033,Newfoundland and Labrador,5172,-326,4886
01-05-2034,New Brunswick,11244,191,9577
01-05-2034,Ontario,140627,1368,145044
01-05-2034,Quebec,100950,42909,154070
01-05-2034,Alberta,35292,2206,35157
01-05-2034,Nova Scotia,13179,15980,12907
01-05-2034,British Columbia,62326,7140,66749
01-05-2034,Saskatchewan,11175,517,11658
01-05-2034,Prince Edward Island,1480,-292,743
01-05-2034,Canada,416477,78603,475806
01-05-2034,Newfoundland and Labrador,5200,-316,4919
01-05-2034,Manitoba,14611,532,13525
01-05-2035,New Brunswick,11391,188,9717
01-05-2035,Ontario,140872,685,144539
01-05-2035,Saskatchewan,11187,486,11662
01-05-2035,Prince Edward Island,1498,-302,744
01-05-2035,British Columbia,63039,7131,67390
01-05-2035,Newfoundland and Labrador,5233,-307,4959
01-05-2035,Canada,419848,78803,481649
01-05-2035,Alberta,35519,1962,34949
01-05-2035,Quebec,102587,43862,156068
01-05-2035,Manitoba,14703,474,13546
01-05-2035,Nova Scotia,13301,15980,13025
01-06-2024,Ontario,134789,15869,153063
01-06-2024,British Columbia,49603,8209,55153
01-06-2024,Saskatchewan,10597,1155,11706
01-06-2024,Alberta,35640,4642,40306
01-06-2024,Nova Scotia,10495,15980,10448
01-06-2024,Quebec,83050,36644,122941
01-06-2024,Newfoundland and Labrador,5206,184,5395
01-06-2024,New Brunswick,8610,278,8155
01-06-2024,Prince Edward Island,1524,6,1418
01-06-2024,Manitoba,12436,1398,13674
01-06-2024,Canada,369347,77987,431559
01-06-2025,Nova Scotia,10835,15980,10744
01-06-2025,Prince Edward Island,1476,-38,1234
01-06-2025,Canada,376635,77848,434908
01-06-2025,British Columbia,52134,8159,57355
01-06-2025,Quebec,84287,35816,126354
01-06-2025,Newfoundland and Labrador,5150,54,5213
01-06-2025,New Brunswick,8979,266,8146
01-06-2025,Saskatchewan,10528,1119,11542
01-06-2025,Alberta,35299,4615,39898
01-06-2025,Ontario,135164,12536,151232
01-06-2025,Manitoba,12680,1328,13531
01-06-2026,New Brunswick,9440,246,8273
01-06-2026,Newfoundland and Labrador,5086,-93,5011
01-06-2026,Quebec,86193,35695,131080
01-06-2026,Manitoba,13091,1216,13429
01-06-2026,Ontario,136075,9480,149712
01-06-2026,Canada,382999,77724,437176
01-06-2026,Saskatchewan,10619,1021,11484
01-06-2026,British Columbia,54120,7954,59179
01-06-2026,Prince Edward Island,1434,-100,1047
01-06-2026,Alberta,34927,4450,39031
01-06-2026,Nova Scotia,11336,15980,11192
01-06-2027,Quebec,88589,36395,136253
01-06-2027,Canada,388671,77655,439486
01-06-2027,Prince Edward Island,1405,-164,899
01-06-2027,Ontario,137415,7257,148805
01-06-2027,New Brunswick,9898,226,8510
01-06-2027,Newfoundland and Labrador,5044,-216,4860
01-06-2027,Saskatchewan,10822,885,11529
01-06-2027,Nova Scotia,11873,15980,11677
01-06-2027,British Columbia,55680,7650,60678
01-06-2027,Manitoba,13553,1073,13397
01-06-2027,Alberta,34639,4149,37927
01-06-2028,Saskatchewan,10826,850,11508
01-06-2028,Nova Scotia,12030,15980,11827
01-06-2028,Quebec,90251,37139,138694
01-06-2028,New Brunswick,10071,222,8610
01-06-2028,British Columbia,56958,7632,61816
01-06-2028,Prince Edward Island,1415,-180,874
01-06-2028,Alberta,34749,3884,37573
01-06-2028,Ontario,137636,6133,147981
01-06-2028,Newfoundland and Labrador,5057,-241,4847
01-06-2028,Canada,393339,78112,444414
01-06-2028,Manitoba,13642,1013,13391
01-06-2029,Saskatchewan,11038,720,11598
01-06-2029,New Brunswick,10435,207,8872
01-06-2029,Ontario,139043,4873,147637
01-06-2029,Nova Scotia,12461,15980,12221
01-06-2029,Alberta,34613,3518,36595
01-06-2029,Newfoundland and Labrador,5053,-314,4782
01-06-2029,British Columbia,58171,7340,62995
01-06-2029,Prince Edward Island,1405,-228,786
01-06-2029,Manitoba,14023,870,13416
01-06-2029,Quebec,92672,38333,143152
01-06-2029,Canada,398288,78095,447976
01-06-2030,Quebec,94740,39565,146269
01-06-2030,Alberta,34629,3172,35987
01-06-2030,Canada,402398,78093,453180
01-06-2030,Prince Edward Island,1411,-253,753
01-06-2030,Newfoundland and Labrador,5082,-335,4797
01-06-2030,New Brunswick,10674,200,9086
01-06-2030,Manitoba,14259,757,13464
01-06-2030,British Columbia,59096,7156,63869
01-06-2030,Saskatchewan,11169,631,11670
01-06-2030,Nova Scotia,12723,15980,12464
01-06-2030,Ontario,140094,4264,147506
01-06-2031,Newfoundland and Labrador,5125,-323,4850
01-06-2031,New Brunswick,10822,199,9237
01-06-2031,Quebec,96407,40578,148279
01-06-2031,Manitoba,14376,682,13503
01-06-2031,Ontario,140570,3828,147203
01-06-2031,Saskatchewan,11203,589,11695
01-06-2031,British Columbia,59818,7102,64522
01-06-2031,Prince Edward Island,1429,-262,753
01-06-2031,Nova Scotia,12850,15980,12586
01-06-2031,Canada,405777,78085,459387
01-06-2031,Alberta,34754,2891,35735
01-06-2032,Newfoundland and Labrador,5138,-349,4837
01-06-2032,Nova Scotia,13007,15980,12735
01-06-2032,Saskatchewan,11206,553,11673
01-06-2032,Alberta,34864,2626,35381
01-06-2032,New Brunswick,10995,194,9338
01-06-2032,Ontario,140791,2704,146379
01-06-2032,Manitoba,14465,622,13496
01-06-2032,Canada,410446,78542,464316
01-06-2032,Quebec,98069,41323,150720
01-06-2032,Prince Edward Island,1438,-278,728
01-06-2032,British Columbia,61096,7083,65660
01-06-2033,Manitoba,14533,572,13517
01-06-2033,Quebec,99551,42156,152344
01-06-2033,Canada,413493,78543,470523
01-06-2033,Ontario,140809,2117,145766
01-06-2033,Alberta,35051,2399,35286
01-06-2033,Prince Edward Island,1460,-283,738
01-06-2033,New Brunswick,11115,194,9457
01-06-2033,Newfoundland and Labrador,5177,-327,4890
01-06-2033,Saskatchewan,11188,536,11665
01-06-2033,Nova Scotia,13086,15980,12815
01-06-2033,British Columbia,61735,7107,66224
01-06-2034,Manitoba,14606,526,13530
01-06-2034,Newfoundland and Labrador,5208,-311,4931
01-06-2034,Saskatchewan,11172,518,11653
01-06-2034,Quebec,101075,42983,154132
01-06-2034,Prince Edward Island,1482,-290,744
01-06-2034,Ontario,140713,1365,145019
01-06-2034,Canada,416620,78586,476268
01-06-2034,Alberta,35269,2185,35160
01-06-2034,New Brunswick,11249,192,9583
01-06-2034,Nova Scotia,13181,15980,12909
01-06-2034,British Columbia,62390,7139,66807
01-06-2035,Nova Scotia,13298,15980,13023
01-06-2035,Alberta,35498,1954,34969
01-06-2035,Prince Edward Island,1502,-300,747
01-06-2035,Manitoba,14696,471,13549
01-06-2035,Canada,419931,78675,481925
01-06-2035,British Columbia,63088,7141,67433
01-06-2035,Ontario,140805,636,144413
01-06-2035,Saskatchewan,11179,490,11654
01-06-2035,Quebec,102694,43900,156116
01-06-2035,Newfoundland and Labrador,5239,-300,4969
01-06-2035,New Brunswick,11396,189,9724
01-07-2024,British Columbia,50643,8178,56039
01-07-2024,Newfoundland and Labrador,5166,118,5292
01-07-2024,Prince Edward Island,1492,-10,1327
01-07-2024,Manitoba,12507,1391,13590
01-07-2024,Canada,371812,77783,431009
01-07-2024,New Brunswick,8726,274,8078
01-07-2024,Ontario,134904,14602,152403
01-07-2024,Alberta,35403,4750,40309
01-07-2024,Quebec,82934,35793,123689
01-07-2024,Saskatchewan,10546,1154,11620
01-07-2024,Nova Scotia,10596,15980,10530
01-07-2025,Quebec,84497,35273,127835
01-07-2025,Alberta,35028,4650,39602
01-07-2025,British Columbia,52900,8057,58057
01-07-2025,Newfoundland and Labrador,5101,-27,5089
01-07-2025,Ontario,135545,11259,150680
01-07-2025,New Brunswick,9150,257,8139
01-07-2025,Canada,378588,77704,433688
01-07-2025,Saskatchewan,10557,1085,11503
01-07-2025,Nova Scotia,11032,15980,10915
01-07-2025,Prince Edward Island,1445,-65,1135
01-07-2025,Manitoba,12848,1299,13465
01-07-2026,Manitoba,13305,1168,13399
01-07-2026,Nova Scotia,11574,15980,11403
01-07-2026,Ontario,136706,8512,149453
01-07-2026,Alberta,34683,4402,38515
01-07-2026,Saskatchewan,10716,963,11499
01-07-2026,Prince Edward Island,1409,-131,963
01-07-2026,Newfoundland and Labrador,5044,-169,4902
01-07-2026,New Brunswick,9623,236,8333
01-07-2026,Canada,384587,77668,435774
01-07-2026,British Columbia,54673,7798,59732
01-07-2026,Quebec,86694,35584,132951
01-07-2027,Ontario,138138,6724,148862
01-07-2027,Alberta,34463,4047,37371
01-07-2027,Canada,389908,77691,438559
01-07-2027,British Columbia,56066,7492,61087
01-07-2027,Saskatchewan,10939,823,11573
01-07-2027,Prince Edward Island,1389,-188,844
01-07-2027,Quebec,89161,36591,137915
01-07-2027,New Brunswick,10043,218,8597
01-07-2027,Newfoundland and Labrador,5020,-271,4789
01-07-2027,Manitoba,13744,1021,13402
01-07-2027,Nova Scotia,12077,15980,11861
01-07-2028,British Columbia,57304,7452,62177
01-07-2028,Prince Edward Island,1399,-204,821
01-07-2028,Newfoundland and Labrador,5035,-290,4785
01-07-2028,Alberta,34582,3811,37194
01-07-2028,Ontario,138350,5783,148022
01-07-2028,Quebec,90830,37328,140298
01-07-2028,Nova Scotia,12221,15980,11998
01-07-2028,Manitoba,13823,962,13388
01-07-2028,Saskatchewan,10939,791,11558
01-07-2028,Canada,394598,77963,443587
01-07-2028,New Brunswick,10215,214,8686
01-07-2029,Canada,399125,78018,447959
01-07-2029,Manitoba,14137,831,13432
01-07-2029,Nova Scotia,12573,15980,12322
01-07-2029,Quebec,93101,38593,144128
01-07-2029,Prince Edward Island,1398,-241,762
01-07-2029,British Columbia,58378,7213,63215
01-07-2029,Alberta,34522,3437,36327
01-07-2029,Saskatchewan,11119,678,11644
01-07-2029,New Brunswick,10516,203,8934
01-07-2029,Ontario,139627,4845,147844
01-07-2029,Newfoundland and Labrador,5049,-338,4761
01-07-2030,Nova Scotia,12762,15980,12500
01-07-2030,New Brunswick,10703,200,9119
01-07-2030,Canada,402828,78076,453759
01-07-2030,Ontario,140401,4319,147670
01-07-2030,Newfoundland and Labrador,5087,-341,4797
01-07-2030,Manitoba,14309,737,13480
01-07-2030,Saskatchewan,11200,613,11691
01-07-2030,Prince Edward Island,1410,-256,747
01-07-2030,Quebec,94951,39731,146635
01-07-2030,Alberta,34597,3111,35855
01-07-2030,British Columbia,59201,7104,63979
01-07-2031,Nova Scotia,12859,15980,12595
01-07-2031,Prince Edward Island,1430,-261,754
01-07-2031,Saskatchewan,11201,585,11693
01-07-2031,Manitoba,14395,677,13512
01-07-2031,Newfoundland and Labrador,5128,-324,4851
01-07-2031,Ontario,140616,3767,147213
01-07-2031,Alberta,34755,2851,35652
01-07-2031,British Columbia,59880,7106,64586
01-07-2031,New Brunswick,10830,199,9252
01-07-2031,Canada,405975,78131,460041
01-07-2031,Quebec,96488,40638,148378
01-07-2032,Manitoba,14475,618,13498
01-07-2032,Alberta,34874,2615,35475
01-07-2032,Nova Scotia,13003,15980,12732
01-07-2032,British Columbia,61118,7066,65676
01-07-2032,Ontario,140829,2826,146372
01-07-2032,New Brunswick,11001,195,9341
01-07-2032,Saskatchewan,11201,552,11678
01-07-2032,Canada,410665,78403,465068
01-07-2032,Prince Edward Island,1441,-278,731
01-07-2032,Newfoundland and Labrador,5143,-343,4847
01-07-2032,Quebec,98158,41375,150761
01-07-2033,Saskatchewan,11180,536,11662
01-07-2033,Manitoba,14545,572,13516
01-07-2033,Alberta,35077,2391,35321
01-07-2033,Canada,413706,78481,471012
01-07-2033,Newfoundland and Labrador,5177,-325,4891
01-07-2033,Ontario,140745,2080,145663
01-07-2033,New Brunswick,11126,194,9464
01-07-2033,Quebec,99639,42187,152448
01-07-2033,Nova Scotia,13090,15980,12819
01-07-2033,British Columbia,61769,7108,66257
01-07-2033,Prince Edward Island,1463,-283,739
01-07-2034,New Brunswick,11269,191,9603
01-07-2034,Nova Scotia,13203,15980,12930
01-07-2034,Ontario,140722,1252,144963
01-07-2034,Manitoba,14631,522,13533
01-07-2034,Quebec,101214,43060,154380
01-07-2034,Prince Edward Island,1483,-292,743
01-07-2034,Alberta,35300,2161,35097
01-07-2034,Saskatchewan,11177,512,11654
01-07-2034,Canada,416930,78612,476598
01-07-2034,British Columbia,62460,7133,66880
01-07-2034,Newfoundland and Labrador,5206,-314,4925
01-07-2035,New Brunswick,11416,188,9750
01-07-2035,Ontario,140943,539,144483
01-07-2035,British Columbia,63182,7130,67530
01-07-2035,Manitoba,14727,462,13560
01-07-2035,Nova Scotia,13325,15980,13048
01-07-2035,Quebec,102844,44011,156377
01-07-2035,Newfoundland and Labrador,5240,-305,4966
01-07-2035,Alberta,35520,1909,34845
01-07-2035,Saskatchewan,11191,480,11658
01-07-2035,Canada,420252,78770,482427
01-07-2035,Prince Edward Island,1502,-302,745
01-08-2024,Ontario,134775,15848,152987
01-08-2024,Alberta,35650,4617,40305
01-08-2024,Quebec,83313,36793,123194
01-08-2024,Nova Scotia,10499,15980,10452
01-08-2024,Newfoundland and Labrador,5215,192,5411
01-08-2024,New Brunswick,8634,278,8199
01-08-2024,Manitoba,12458,1389,13681
01-08-2024,British Columbia,49725,8195,55273
01-08-2024,Canada,369676,77738,432744
01-08-2024,Prince Edward Island,1528,4,1420
01-08-2024,Saskatchewan,10596,1152,11706
01-08-2025,New Brunswick,9005,266,8185
01-08-2025,Newfoundland and Labrador,5157,58,5222
01-08-2025,Ontario,135168,12455,151149
01-08-2025,Prince Edward Island,1480,-40,1235
01-08-2025,Saskatchewan,10528,1115,11542
01-08-2025,Manitoba,12704,1319,13536
01-08-2025,Canada,377000,77684,436012
01-08-2025,Nova Scotia,10848,15980,10756
01-08-2025,British Columbia,52269,8149,57487
01-08-2025,Alberta,35313,4581,39870
01-08-2025,Quebec,84554,35967,126644
01-08-2026,Saskatchewan,10618,1017,11486
01-08-2026,British Columbia,54268,7948,59321
01-08-2026,New Brunswick,9466,246,8305
01-08-2026,Prince Edward Island,1437,-102,1047
01-08-2026,Alberta,34945,4407,38978
01-08-2026,Manitoba,13117,1207,13433
01-08-2026,Canada,383405,77648,438201
01-08-2026,Newfoundland and Labrador,5090,-93,5014
01-08-2026,Quebec,86464,35848,131408
01-08-2026,Nova Scotia,11357,15980,11210
01-08-2026,Ontario,136099,9339,149620
01-08-2027,New Brunswick,9925,226,8535
01-08-2027,Newfoundland and Labrador,5046,-221,4856
01-08-2027,Manitoba,13580,1064,13398
01-08-2027,Ontario,137459,7057,148702
01-08-2027,Quebec,88864,36551,136619
01-08-2027,Canada,389120,77668,440431
01-08-2027,British Columbia,55841,7647,60831
01-08-2027,Saskatchewan,10821,881,11532
01-08-2027,Prince Edward Island,1409,-165,899
01-08-2027,Alberta,34662,4096,37851
01-08-2027,Nova Scotia,11902,15980,11703
01-08-2028,Prince Edward Island,1419,-183,876
01-08-2028,Saskatchewan,10826,846,11507
01-08-2028,New Brunswick,10095,222,8655
01-08-2028,Quebec,90515,37288,138947
01-08-2028,British Columbia,57080,7618,61936
01-08-2028,Newfoundland and Labrador,5066,-234,4862
01-08-2028,Ontario,137622,6112,147905
01-08-2028,Manitoba,13664,1004,13397
01-08-2028,Alberta,34759,3859,37571
01-08-2028,Nova Scotia,12034,15980,11831
01-08-2028,Canada,393668,77863,445599
01-08-2029,Quebec,92939,38484,143443
01-08-2029,Ontario,139048,4792,147554
01-08-2029,Prince Edward Island,1409,-230,787
01-08-2029,Saskatchewan,11037,716,11599
01-08-2029,Canada,398654,77931,449080
01-08-2029,Alberta,34627,3484,36567
01-08-2029,Nova Scotia,12474,15980,12233
01-08-2029,Manitoba,14047,861,13421
01-08-2029,Newfoundland and Labrador,5060,-311,4792
01-08-2029,New Brunswick,10461,207,8911
01-08-2029,British Columbia,58306,7330,63126
01-08-2030,Canada,402804,78017,454205
01-08-2030,Prince Edward Island,1415,-255,753
01-08-2030,Manitoba,14285,748,13467
01-08-2030,Saskatchewan,11168,627,11672
01-08-2030,Alberta,34647,3129,35934
01-08-2030,Nova Scotia,12744,15980,12482
01-08-2030,Newfoundland and Labrador,5087,-336,4800
01-08-2030,Ontario,140118,4123,147414
01-08-2030,Quebec,95011,39718,146597
01-08-2030,New Brunswick,10700,200,9118
01-08-2030,British Columbia,59243,7149,64012
01-08-2031,Newfoundland and Labrador,5127,-328,4846
01-08-2031,British Columbia,59979,7099,64676
01-08-2031,Prince Edward Island,1432,-263,752
01-08-2031,Alberta,34776,2838,35659
01-08-2031,New Brunswick,10850,198,9262
01-08-2031,Canada,406226,78098,460333
01-08-2031,Quebec,96682,40734,148645
01-08-2031,Ontario,140613,3628,147100
01-08-2031,Nova Scotia,12879,15980,12612
01-08-2031,Manitoba,14403,673,13504
01-08-2031,Saskatchewan,11201,584,11698
01-08-2032,Manitoba,14487,613,13503
01-08-2032,Prince Edward Island,1443,-280,729
01-08-2032,Alberta,34874,2601,35380
01-08-2032,Quebec,98333,41471,150973
01-08-2032,Newfoundland and Labrador,5147,-341,4853
01-08-2032,Saskatchewan,11206,550,11673
01-08-2032,Nova Scotia,13011,15980,12740
01-08-2032,Ontario,140777,2683,146304
01-08-2032,British Columbia,61218,7070,65780
01-08-2032,Canada,410774,78293,465501
01-08-2032,New Brunswick,11019,194,9382
01-08-2033,Ontario,140813,2036,145683
01-08-2033,Canada,413859,78380,471627
01-08-2033,Nova Scotia,13099,15980,12826
01-08-2033,British Columbia,61870,7097,66355
01-08-2033,Manitoba,14557,563,13522
01-08-2033,Newfoundland and Labrador,5183,-324,4900
01-08-2033,Prince Edward Island,1464,-284,738
01-08-2033,Saskatchewan,11187,532,11665
01-08-2033,Quebec,99818,42307,152634
01-08-2033,Alberta,35065,2364,35258
01-08-2033,New Brunswick,11140,194,9496
01-08-2034,Ontario,140737,1224,144927
01-08-2034,Alberta,35288,2141,35107
01-08-2034,British Columbia,62537,7132,66949
01-08-2034,Newfoundland and Labrador,5212,-312,4934
01-08-2034,Manitoba,14632,517,13533
01-08-2034,Canada,417026,78510,477292
01-08-2034,Saskatchewan,11171,514,11655
01-08-2034,Prince Edward Island,1486,-292,744
01-08-2034,Quebec,101346,43137,154460
01-08-2034,New Brunswick,11275,191,9615
01-08-2034,Nova Scotia,13202,15980,12928
01-08-2035,Ontario,140849,436,144310
01-08-2035,Manitoba,14723,462,13550
01-08-2035,Newfoundland and Labrador,5240,-305,4966
01-08-2035,Saskatchewan,11178,485,11657
01-08-2035,Prince Edward Island,1505,-302,746
01-08-2035,New Brunswick,11424,188,9749
01-08-2035,Alberta,35521,1901,34892
01-08-2035,Quebec,102969,44056,156483
01-08-2035,Canada,420380,78689,482871
01-08-2035,British Columbia,63249,7138,67587
01-08-2035,Nova Scotia,13328,15980,13049
01-09-2024,Canada,367212,77687,433940
01-09-2024,Ontario,134793,16893,153576
01-09-2024,Alberta,35871,4470,40187
01-09-2024,Newfoundland and Labrador,5257,256,5513
01-09-2024,Prince Edward Island,1563,13,1503
01-09-2024,Manitoba,12459,1379,13769
01-09-2024,New Brunswick,8573,280,8311
01-09-2024,British Columbia,48631,8182,54368
01-09-2024,Saskatchewan,10678,1139,11811
01-09-2024,Quebec,83777,37814,123038
01-09-2024,Nova Scotia,10465,15980,10428
01-09-2025,Quebec,84773,36842,125799
01-09-2025,Canada,375166,77673,437962
01-09-2025,Newfoundland and Labrador,5211,139,5353
01-09-2025,British Columbia,51480,8199,56797
01-09-2025,Alberta,35602,4474,40014
01-09-2025,Saskatchewan,10542,1129,11612
01-09-2025,Manitoba,12604,1327,13619
01-09-2025,New Brunswick,8882,272,8250
01-09-2025,Nova Scotia,10711,15980,10643
01-09-2025,Prince Edward Island,1517,-19,1334
01-09-2025,Ontario,134970,13656,151731
01-09-2026,Newfoundland and Labrador,5142,-12,5140
01-09-2026,Ontario,135634,10334,149972
01-09-2026,Nova Scotia,11145,15980,11032
01-09-2026,Saskatchewan,10551,1060,11496
01-09-2026,Prince Edward Island,1470,-73,1142
01-09-2026,British Columbia,53734,8070,58806
01-09-2026,Alberta,35242,4372,39376
01-09-2026,New Brunswick,9309,255,8303
01-09-2026,Manitoba,12941,1237,13485
01-09-2026,Canada,382038,77644,440645
01-09-2026,Quebec,86349,36333,129966
01-09-2027,Manitoba,13394,1107,13411
01-09-2027,Nova Scotia,11686,15980,11523
01-09-2027,Newfoundland and Labrador,5081,-159,4944
01-09-2027,Prince Edward Island,1433,-138,969
01-09-2027,Saskatchewan,10706,938,11494
01-09-2027,Canada,388135,77656,442737
01-09-2027,Quebec,88559,36654,135105
01-09-2027,New Brunswick,9784,234,8489
01-09-2027,Alberta,34911,4121,38360
01-09-2027,Ontario,136819,7609,148710
01-09-2027,British Columbia,55505,7804,60470
01-09-2028,Canada,392538,77783,447750
01-09-2028,Quebec,90190,37359,137424
01-09-2028,New Brunswick,9948,231,8602
01-09-2028,Newfoundland and Labrador,5108,-162,4966
01-09-2028,Alberta,34986,3892,37972
01-09-2028,Nova Scotia,11834,15980,11650
01-09-2028,Manitoba,13486,1045,13423
01-09-2028,Ontario,136961,6601,147975
01-09-2028,Saskatchewan,10717,905,11474
01-09-2028,British Columbia,56751,7787,61590
01-09-2028,Prince Edward Island,1444,-156,947
01-09-2029,Saskatchewan,10936,765,11550
01-09-2029,Newfoundland and Labrador,5080,-269,4845
01-09-2029,Prince Edward Island,1424,-213,827
01-09-2029,Quebec,92669,38377,142408
01-09-2029,Manitoba,13920,899,13417
01-09-2029,British Columbia,58140,7473,62935
01-09-2029,Nova Scotia,12336,15980,12111
01-09-2029,Alberta,34781,3536,36899
01-09-2029,Canada,397952,77853,450540
01-09-2029,Ontario,138416,4836,147350
01-09-2029,New Brunswick,10371,213,8858
01-09-2030,Canada,402575,77958,454917
01-09-2030,Alberta,34736,3159,36101
01-09-2030,Saskatchewan,11112,652,11638
01-09-2030,Manitoba,14230,769,13452
01-09-2030,New Brunswick,10675,202,9098
01-09-2030,Quebec,94953,39653,146260
01-09-2030,Ontario,139717,3920,147137
01-09-2030,Nova Scotia,12687,15980,12439
01-09-2030,British Columbia,59212,7227,63963
01-09-2030,Newfoundland and Labrador,5090,-323,4812
01-09-2030,Prince Edward Island,1422,-248,768
01-09-2031,Canada,406376,78064,460722
01-09-2031,New Brunswick,10864,198,9275
01-09-2031,Manitoba,14398,676,13492
01-09-2031,Prince Edward Island,1435,-263,753
01-09-2031,Saskatchewan,11190,587,11686
01-09-2031,Ontario,140514,3416,146927
01-09-2031,British Columbia,60032,7110,64718
01-09-2031,Quebec,96816,40801,148789
01-09-2031,Newfoundland and Labrador,5124,-332,4840
01-09-2031,Nova Scotia,12874,15980,12620
01-09-2031,Alberta,34825,2831,35700
01-09-2032,Manitoba,14490,614,13503
01-09-2032,Newfoundland and Labrador,5150,-334,4862
01-09-2032,Quebec,98447,41507,151109
01-09-2032,Ontario,140656,2409,146192
01-09-2032,Canada,410779,78191,465734
01-09-2032,Prince Edward Island,1446,-282,731
01-09-2032,Saskatchewan,11200,554,11666
01-09-2032,Alberta,34900,2602,35313
01-09-2032,New Brunswick,11028,194,9388
01-09-2032,Nova Scotia,13022,15980,12747
01-09-2032,British Columbia,61279,7093,65837
01-09-2033,Alberta,35073,2340,35180
01-09-2033,Quebec,99997,42424,152871
01-09-2033,Prince Edward Island,1466,-286,737
01-09-2033,Saskatchewan,11198,527,11670
01-09-2033,Manitoba,14572,555,13527
01-09-2033,Nova Scotia,13118,15980,12845
01-09-2033,British Columbia,61954,7087,66434
01-09-2033,Newfoundland and Labrador,5188,-322,4907
01-09-2033,Canada,414020,78293,472021
01-09-2033,New Brunswick,11158,193,9513
01-09-2033,Ontario,140894,1880,145700
01-09-2034,New Brunswick,11285,192,9628
01-09-2034,British Columbia,62603,7122,67005
01-09-2034,Prince Edward Island,1488,-291,745
01-09-2034,Saskatchewan,11173,511,11656
01-09-2034,Nova Scotia,13204,15980,12936
01-09-2034,Manitoba,14638,510,13536
01-09-2034,Quebec,101491,43246,154580
01-09-2034,Canada,417157,78421,477969
01-09-2034,Newfoundland and Labrador,5218,-310,4942
01-09-2034,Ontario,140834,1155,144956
01-09-2034,Alberta,35290,2113,35095
01-09-2035,Alberta,35528,1881,34942
01-09-2035,Saskatchewan,11167,487,11650
01-09-2035,New Brunswick,11431,189,9758
01-09-2035,Manitoba,14720,461,13545
01-09-2035,Nova Scotia,13315,15980,13050
01-09-2035,Ontario,140836,349,144220
01-09-2035,Newfoundland and Labrador,5243,-305,4967
01-09-2035,Quebec,103079,44130,156533
01-09-2035,Canada,420478,78601,483561
01-09-2035,British Columbia,63292,7139,67619
01-09-2035,Prince Edward Island,1508,-300,749
01-10-2024,British Columbia,49865,8207,55366
01-10-2024,Alberta,35746,4589,40287
01-10-2024,Quebec,83562,36937,123509
01-10-2024,Manitoba,12482,1377,13691
01-10-2024,Newfoundland and Labrador,5226,202,5430
01-10-2024,Ontario,134804,15635,152830
01-10-2024,Canada,369914,77819,433745
01-10-2024,Prince Edward Island,1533,6,1421
01-10-2024,New Brunswick,8674,278,8220
01-10-2024,Nova Scotia,10519,15980,10471
01-10-2024,Saskatchewan,10601,1149,11711
01-10-2025,Newfoundland and Labrador,5164,62,5233
01-10-2025,Ontario,135201,12243,150985
01-10-2025,Saskatchewan,10529,1112,11543
01-10-2025,Canada,377328,77772,437072
01-10-2025,Prince Edward Island,1484,-39,1235
01-10-2025,Manitoba,12722,1309,13540
01-10-2025,Nova Scotia,10864,15980,10771
01-10-2025,Quebec,84811,36119,126981
01-10-2025,British Columbia,52413,8153,57587
01-10-2025,New Brunswick,9040,265,8206
01-10-2025,Alberta,35401,4546,39854
01-10-2026,Canada,383819,77740,439319
01-10-2026,Manitoba,13128,1199,13432
01-10-2026,Alberta,35026,4365,38962
01-10-2026,Saskatchewan,10616,1013,11483
01-10-2026,Quebec,86730,36007,131765
01-10-2026,British Columbia,54416,7944,59429
01-10-2026,Newfoundland and Labrador,5093,-95,5016
01-10-2026,New Brunswick,9497,246,8327
01-10-2026,Prince Edward Island,1441,-102,1047
01-10-2026,Nova Scotia,11370,15980,11222
01-10-2026,Ontario,136136,9126,149450
01-10-2027,British Columbia,55993,7636,60947
01-10-2027,New Brunswick,9951,225,8558
01-10-2027,Nova Scotia,11911,15980,11712
01-10-2027,Newfoundland and Labrador,5045,-229,4848
01-10-2027,Saskatchewan,10815,875,11524
01-10-2027,Alberta,34733,4048,37834
01-10-2027,Quebec,89137,36716,136997
01-10-2027,Prince Edward Island,1411,-167,898
01-10-2027,Canada,389617,77763,441610
01-10-2027,Ontario,137499,6844,148528
01-10-2027,Manitoba,13586,1058,13392
01-10-2028,Newfoundland and Labrador,5076,-224,4882
01-10-2028,New Brunswick,10135,222,8676
01-10-2028,Ontario,137651,5900,147748
01-10-2028,British Columbia,57220,7630,62029
01-10-2028,Nova Scotia,12054,15980,11850
01-10-2028,Manitoba,13688,992,13407
01-10-2028,Quebec,90764,37433,139262
01-10-2028,Alberta,34855,3831,37554
01-10-2028,Saskatchewan,10831,844,11513
01-10-2028,Prince Edward Island,1424,-181,877
01-10-2028,Canada,393906,77944,446600
01-10-2029,Ontario,139081,4579,147390
01-10-2029,Prince Edward Island,1413,-229,788
01-10-2029,Canada,398982,78019,450140
01-10-2029,Nova Scotia,12490,15980,12248
01-10-2029,Saskatchewan,11038,713,11600
01-10-2029,Newfoundland and Labrador,5067,-307,4802
01-10-2029,Quebec,93196,38636,143780
01-10-2029,New Brunswick,10496,207,8932
01-10-2029,British Columbia,58450,7334,63227
01-10-2029,Alberta,34715,3449,36551
01-10-2029,Manitoba,14065,851,13425
01-10-2030,Canada,403218,78109,455323
01-10-2030,Newfoundland and Labrador,5090,-338,4801
01-10-2030,Quebec,95276,39877,146955
01-10-2030,British Columbia,59392,7146,64120
01-10-2030,Alberta,34727,3087,35918
01-10-2030,New Brunswick,10731,200,9140
01-10-2030,Manitoba,14296,740,13466
01-10-2030,Prince Edward Island,1418,-255,753
01-10-2030,Nova Scotia,12757,15980,12495
01-10-2030,Ontario,140155,3910,147244
01-10-2030,Saskatchewan,11166,623,11669
01-10-2031,British Columbia,60131,7087,64791
01-10-2031,Canada,406723,78193,461511
01-10-2031,New Brunswick,10875,198,9285
01-10-2031,Ontario,140653,3415,146926
01-10-2031,Prince Edward Island,1435,-264,752
01-10-2031,Quebec,96955,40900,149023
01-10-2031,Saskatchewan,11195,579,11690
01-10-2031,Manitoba,14408,667,13497
01-10-2031,Alberta,34848,2790,35642
01-10-2031,Nova Scotia,12888,15980,12620
01-10-2031,Newfoundland and Labrador,5126,-336,4839
01-10-2032,Prince Edward Island,1447,-278,731
01-10-2032,Nova Scotia,13031,15980,12758
01-10-2032,Canada,411013,78374,466502
01-10-2032,Quebec,98582,41616,151288
01-10-2032,Saskatchewan,11211,547,11678
01-10-2032,Ontario,140806,2470,146146
01-10-2032,Newfoundland and Labrador,5157,-331,4872
01-10-2032,Alberta,34970,2573,35362
01-10-2032,New Brunswick,11059,194,9403
01-10-2032,Manitoba,14511,601,13513
01-10-2032,British Columbia,61358,7082,65873
01-10-2033,Alberta,35153,2330,35242
01-10-2033,Nova Scotia,13115,15980,12842
01-10-2033,Quebec,100075,42459,152971
01-10-2033,New Brunswick,11176,193,9517
01-10-2033,British Columbia,62014,7102,66455
01-10-2033,Manitoba,14574,553,13526
01-10-2033,Newfoundland and Labrador,5190,-320,4910
01-10-2033,Saskatchewan,11188,528,11667
01-10-2033,Prince Edward Island,1468,-284,739
01-10-2033,Ontario,140846,1823,145519
01-10-2033,Canada,414187,78467,472686
01-10-2034,Nova Scotia,13215,15980,12940
01-10-2034,British Columbia,62685,7129,67057
01-10-2034,Quebec,101611,43296,154817
01-10-2034,New Brunswick,11306,191,9637
01-10-2034,Newfoundland and Labrador,5215,-314,4935
01-10-2034,Alberta,35368,2100,35091
01-10-2034,Ontario,140774,1011,144757
01-10-2034,Saskatchewan,11169,509,11652
01-10-2034,Prince Edward Island,1489,-292,745
01-10-2034,Manitoba,14644,509,13532
01-10-2034,Canada,417440,78601,478411
01-10-2035,Saskatchewan,11172,480,11650
01-10-2035,Newfoundland and Labrador,5240,-313,4958
01-10-2035,New Brunswick,11449,188,9772
01-10-2035,Quebec,103242,44222,156860
01-10-2035,Nova Scotia,13337,15980,13058
01-10-2035,Alberta,35592,1853,34876
01-10-2035,Prince Edward Island,1508,-303,746
01-10-2035,Ontario,140889,223,144136
01-10-2035,Canada,420877,78783,484049
01-10-2035,Manitoba,14729,456,13544
01-10-2035,British Columbia,63400,7127,67702
01-11-2024,Prince Edward Island,1567,16,1503
01-11-2024,Manitoba,12481,1367,13773
01-11-2024,Canada,368158,77973,435093
01-11-2024,Newfoundland and Labrador,5265,261,5525
01-11-2024,Ontario,134843,16843,153443
01-11-2024,Saskatchewan,10682,1135,11810
01-11-2024,Quebec,84013,37966,123375
01-11-2024,Nova Scotia,10485,15980,10451
01-11-2024,New Brunswick,8615,280,8330
01-11-2024,Alberta,35981,4438,40231
01-11-2024,British Columbia,48725,8184,54443
01-11-2025,New Brunswick,8920,272,8268
01-11-2025,British Columbia,51580,8207,56877
01-11-2025,Saskatchewan,10543,1125,11609
01-11-2025,Ontario,135012,13580,151591
01-11-2025,Manitoba,12622,1317,13622
01-11-2025,Quebec,85019,36991,126145
01-11-2025,Nova Scotia,10730,15980,10660
01-11-2025,Alberta,35701,4438,40033
01-11-2025,Newfoundland and Labrador,5217,142,5360
01-11-2025,Prince Edward Island,1521,-17,1334
01-11-2025,Canada,376047,77910,439144
01-11-2026,Prince Edward Island,1474,-73,1143
01-11-2026,Canada,382850,77831,441857
01-11-2026,Alberta,35329,4332,39370
01-11-2026,Newfoundland and Labrador,5146,-12,5144
01-11-2026,Manitoba,12954,1229,13486
01-11-2026,New Brunswick,9343,255,8320
01-11-2026,British Columbia,53840,8084,58890
01-11-2026,Ontario,135668,10233,149825
01-11-2026,Quebec,86605,36478,130318
01-11-2026,Saskatchewan,10549,1056,11493
01-11-2026,Nova Scotia,11163,15980,11042
01-11-2027,British Columbia,55615,7823,60559
01-11-2027,Nova Scotia,11703,15980,11527
01-11-2027,Canada,388875,77793,443977
01-11-2027,Alberta,34988,4078,38329
01-11-2027,Newfoundland and Labrador,5083,-162,4944
01-11-2027,Saskatchewan,10702,933,11490
01-11-2027,Manitoba,13403,1101,13411
01-11-2027,New Brunswick,9815,234,8505
01-11-2027,Prince Edward Island,1437,-139,971
01-11-2027,Quebec,88824,36795,135462
01-11-2027,Ontario,136844,7483,148556
01-11-2028,Ontario,137011,6552,147843
01-11-2028,Newfoundland and Labrador,5115,-156,4978
01-11-2028,Manitoba,13508,1033,13427
01-11-2028,British Columbia,56845,7789,61665
01-11-2028,Nova Scotia,11854,15980,11673
01-11-2028,New Brunswick,9990,231,8621
01-11-2028,Prince Edward Island,1448,-153,947
01-11-2028,Alberta,35096,3860,38016
01-11-2028,Quebec,90426,37511,137762
01-11-2028,Saskatchewan,10721,901,11473
01-11-2028,Canada,393483,78069,448903
01-11-2029,Ontario,138458,4761,147210
01-11-2029,New Brunswick,10409,212,8876
01-11-2029,Nova Scotia,12355,15980,12128
01-11-2029,Newfoundland and Labrador,5085,-267,4852
01-11-2029,Alberta,34880,3499,36918
01-11-2029,Quebec,92915,38526,142753
01-11-2029,Manitoba,13938,889,13419
01-11-2029,Prince Edward Island,1428,-211,828
01-11-2029,Canada,398833,78090,451723
01-11-2029,Saskatchewan,10937,761,11548
01-11-2029,British Columbia,58241,7481,63015
01-11-2030,Manitoba,14243,761,13453
01-11-2030,Canada,403388,78145,456128
01-11-2030,New Brunswick,10710,201,9115
01-11-2030,Saskatchewan,11111,648,11634
01-11-2030,Nova Scotia,12704,15980,12449
01-11-2030,Newfoundland and Labrador,5094,-323,4816
01-11-2030,Prince Edward Island,1426,-248,769
01-11-2030,British Columbia,59317,7240,64048
01-11-2030,Alberta,34824,3119,36095
01-11-2030,Quebec,95209,39798,146612
01-11-2030,Ontario,139750,3819,146990
01-11-2031,Alberta,34901,2788,35669
01-11-2031,Ontario,140538,3290,146773
01-11-2031,New Brunswick,10895,197,9291
01-11-2031,Canada,407116,78201,461962
01-11-2031,Prince Edward Island,1438,-264,755
01-11-2031,Quebec,97081,40942,149147
01-11-2031,Manitoba,14407,670,13492
01-11-2031,Saskatchewan,11185,583,11682
01-11-2031,British Columbia,60143,7129,64807
01-11-2031,Nova Scotia,12891,15980,12624
01-11-2031,Newfoundland and Labrador,5126,-335,4839
01-11-2032,Nova Scotia,13042,15980,12770
01-11-2032,Alberta,35010,2569,35356
01-11-2032,Prince Edward Island,1450,-279,731
01-11-2032,Manitoba,14511,602,13508
01-11-2032,British Columbia,61373,7095,65912
01-11-2032,Saskatchewan,11204,551,11664
01-11-2032,Canada,411724,78477,466887
01-11-2032,New Brunswick,11070,194,9407
01-11-2032,Newfoundland and Labrador,5158,-329,4874
01-11-2032,Quebec,98683,41658,151446
01-11-2032,Ontario,140706,2359,146060
01-11-2033,Newfoundland and Labrador,5194,-320,4915
01-11-2033,Nova Scotia,13137,15980,12862
01-11-2033,British Columbia,62055,7095,66514
01-11-2033,Saskatchewan,11199,523,11667
01-11-2033,Canada,414900,78530,473204
01-11-2033,Prince Edward Island,1470,-285,738
01-11-2033,Ontario,140936,1804,145561
01-11-2033,Manitoba,14589,545,13529
01-11-2033,New Brunswick,11196,193,9531
01-11-2033,Quebec,100243,42572,153216
01-11-2033,Alberta,35172,2303,35199
01-11-2034,New Brunswick,11319,191,9645
01-11-2034,Nova Scotia,13222,15980,12947
01-11-2034,British Columbia,62709,7135,67090
01-11-2034,Canada,417969,78608,479181
01-11-2034,Saskatchewan,11171,507,11652
01-11-2034,Ontario,140868,1054,144809
01-11-2034,Manitoba,14651,502,13537
01-11-2034,Prince Edward Island,1491,-291,746
01-11-2034,Quebec,101747,43391,154932
01-11-2034,Alberta,35378,2073,35090
01-11-2034,Newfoundland and Labrador,5222,-311,4945
01-11-2035,Quebec,103345,44271,156891
01-11-2035,Newfoundland and Labrador,5245,-308,4967
01-11-2035,British Columbia,63403,7158,67708
01-11-2035,Nova Scotia,13332,15980,13054
01-11-2035,Manitoba,14729,454,13545
01-11-2035,Canada,421219,78738,484801
01-11-2035,New Brunswick,11461,189,9774
01-11-2035,Ontario,140860,223,144066
01-11-2035,Saskatchewan,11162,483,11646
01-11-2035,Prince Edward Island,1512,-301,750
01-11-2035,Alberta,35605,1838,34911
01-12-2024,British Columbia,50002,8207,55509
01-12-2024,Manitoba,12496,1367,13688
01-12-2024,Newfoundland and Labrador,5227,196,5425
01-12-2024,Alberta,35776,4539,40281
01-12-2024,Quebec,83821,37094,123881
01-12-2024,Prince Edward Island,1532,0,1419
01-12-2024,Ontario,134873,15584,152826
01-12-2024,Canada,371103,77915,434897
01-12-2024,Nova Scotia,10542,15980,10493
01-12-2024,Saskatchewan,10600,1144,11700
01-12-2024,New Brunswick,8687,278,8233
01-12-2025,Quebec,85067,36269,127336
01-12-2025,Ontario,135254,12195,150970
01-12-2025,Alberta,35437,4504,39843
01-12-2025,Newfoundland and Labrador,5167,60,5234
01-12-2025,Prince Edward Island,1485,-43,1235
01-12-2025,Canada,378421,77865,438240
01-12-2025,British Columbia,52538,8161,57715
01-12-2025,New Brunswick,9052,265,8223
01-12-2025,Nova Scotia,10887,15980,10794
01-12-2025,Saskatchewan,10528,1107,11537
01-12-2025,Manitoba,12736,1300,13541
01-12-2026,Prince Edward Island,1442,-104,1049
01-12-2026,Alberta,35068,4331,38946
01-12-2026,Quebec,86981,36151,132102
01-12-2026,British Columbia,54529,7960,59541
01-12-2026,New Brunswick,9508,245,8349
01-12-2026,Canada,384815,77830,440503
01-12-2026,Manitoba,13144,1190,13435
01-12-2026,Nova Scotia,11392,15980,11245
01-12-2026,Saskatchewan,10615,1009,11481
01-12-2026,Ontario,136172,9083,149425
01-12-2026,Newfoundland and Labrador,5100,-92,5025
01-12-2027,Alberta,34782,4022,37813
01-12-2027,Manitoba,13602,1050,13398
01-12-2027,Saskatchewan,10816,873,11529
01-12-2027,New Brunswick,9962,225,8584
01-12-2027,Ontario,137518,6807,148493
01-12-2027,Quebec,89384,36854,137314
01-12-2027,Newfoundland and Labrador,5054,-220,4865
01-12-2027,Prince Edward Island,1414,-167,901
01-12-2027,British Columbia,56094,7660,61043
01-12-2027,Nova Scotia,11932,15980,11735
01-12-2027,Canada,390517,77851,442807
01-12-2028,New Brunswick,10147,221,8688
01-12-2028,British Columbia,57356,7629,62172
01-12-2028,Prince Edward Island,1423,-186,875
01-12-2028,Quebec,91023,37589,139634
01-12-2028,Alberta,34885,3782,37548
01-12-2028,Nova Scotia,12077,15980,11872
01-12-2028,Ontario,137720,5849,147744
01-12-2028,Canada,395095,78040,447752
01-12-2028,Manitoba,13703,982,13405
01-12-2028,Newfoundland and Labrador,5077,-230,4877
01-12-2028,Saskatchewan,10829,838,11501
01-12-2029,Saskatchewan,11038,708,11594
01-12-2029,Newfoundland and Labrador,5070,-308,4804
01-12-2029,Prince Edward Island,1413,-233,787
01-12-2029,British Columbia,58575,7342,63354
01-12-2029,Canada,400075,78112,451308
01-12-2029,Manitoba,14080,842,13426
01-12-2029,Quebec,93452,38786,144134
01-12-2029,Alberta,34751,3407,36540
01-12-2029,Ontario,139134,4531,147375
01-12-2029,New Brunswick,10508,206,8949
01-12-2029,Nova Scotia,12513,15980,12271
01-12-2030,British Columbia,59505,7162,64232
01-12-2030,Ontario,140191,3868,147219
01-12-2030,Newfoundland and Labrador,5096,-335,4810
01-12-2030,Saskatchewan,11166,619,11668
01-12-2030,Nova Scotia,12778,15980,12518
01-12-2030,Prince Edward Island,1420,-257,755
01-12-2030,Manitoba,14312,731,13469
01-12-2030,Alberta,34769,3053,35902
01-12-2030,Quebec,95528,40021,147292
01-12-2030,Canada,404214,78199,456507
01-12-2030,New Brunswick,10742,199,9162
01-12-2031,New Brunswick,10886,197,9312
01-12-2031,British Columbia,60232,7112,64887
01-12-2031,Manitoba,14425,659,13504
01-12-2031,Newfoundland and Labrador,5135,-327,4855
01-12-2031,Saskatchewan,11196,577,11694
01-12-2031,Canada,407623,78281,462709
01-12-2031,Quebec,97202,41037,149341
01-12-2031,Prince Edward Island,1437,-265,755
01-12-2031,Alberta,34897,2764,35621
01-12-2031,Ontario,140673,3378,146891
01-12-2031,Nova Scotia,12909,15980,12644
01-12-2032,Nova Scotia,13054,15980,12781
01-12-2032,Quebec,98841,41772,151660
01-12-2032,Prince Edward Island,1446,-284,729
01-12-2032,Manitoba,14525,591,13510
01-12-2032,New Brunswick,11072,194,9416
01-12-2032,Saskatchewan,11210,541,11667
01-12-2032,Alberta,35000,2523,35356
01-12-2032,Ontario,140875,2419,146143
01-12-2032,Newfoundland and Labrador,5158,-337,4867
01-12-2032,Canada,412201,78470,467654
01-12-2032,British Columbia,61494,7081,66016
01-12-2033,Alberta,35189,2287,35231
01-12-2033,Canada,415280,78560,473855
01-12-2033,Quebec,100331,42609,153326
01-12-2033,Saskatchewan,11187,524,11660
01-12-2033,Nova Scotia,13138,15980,12865
01-12-2033,Prince Edward Island,1469,-288,739
01-12-2033,New Brunswick,11187,193,9534
01-12-2033,Manitoba,14589,544,13526
01-12-2033,British Columbia,62139,7109,66583
01-12-2033,Newfoundland and Labrador,5194,-321,4912
01-12-2033,Ontario,140899,1776,145504
01-12-2034,British Columbia,62799,7145,67169
01-12-2034,Alberta,35410,2066,35075
01-12-2034,Saskatchewan,11168,506,11651
01-12-2034,Quebec,101863,43439,155154
01-12-2034,Manitoba,14659,500,13535
01-12-2034,Prince Edward Island,1490,-294,746
01-12-2034,New Brunswick,11317,191,9659
01-12-2034,Ontario,140810,968,144732
01-12-2034,Newfoundland and Labrador,5221,-310,4944
01-12-2034,Canada,418436,78692,479594
01-12-2034,Nova Scotia,13237,15980,12963
01-12-2035,Canada,421777,78871,485246
01-12-2035,Prince Edward Island,1510,-303,749
01-12-2035,Ontario,140909,186,144101
01-12-2035,Nova Scotia,13358,15980,13081
01-12-2035,Newfoundland and Labrador,5249,-304,4975
01-12-2035,New Brunswick,11460,188,9799
01-12-2035,Quebec,103489,44359,157178
01-12-2035,Manitoba,14746,448,13550
01-12-2035,British Columbia,63502,7151,67798
01-12-2035,Alberta,35641,1827,34855
01-12-2035,Saskatchewan,11173,478,11654
