REF_DATE,GEO,Full-time educators,Part-time educators,"Total, work status",Education price index (EPI),Fees and contractual services sub-index,Instructional supplies sub-index,Non-salary sub-index,Non-teaching salaries sub-index,Salaries and wages sub-index,"School facilities, supplies and services sub-index",Teachers' salaries sub-index,Teachers salaries,Total expenditures,Total operating expenditures,College,Elementary and/or High School,University,Educator_to_OperatingSpending,Salary_to_EPI,OpSpend_per_Educator,Education_Access_Index,Capital_Efficiency
01-01-2020,Alberta,35524.54154356396,5279.565149521852,40814.1654588806,165.01582603328708,210.3668439080921,206.52984325606243,195.1407019614931,144.4642219314459,159.15847566000846,170.02822864940066,160.58917888686062,124932.70181481271,247415.02118443119,230035.08825426025,8.33094862441541,5.252140041244585,29.107621297919813,0.17824700881288835,756.5071437640038,5.639722314548902,13.930832381961652,1540.2968288810603
01-01-2021,Alberta,35639.49757941936,4988.207003769783,40537.14309695965,165.0835082724092,210.1916776026411,206.12623070649047,195.18961126504618,144.5237882596631,159.22812802157162,170.4910514389158,160.66023581393105,124871.89004150876,247253.20718769042,229892.40733802516,8.383530635858989,5.264060674177661,30.65505568148606,0.176081734154681,756.8777296806273,5.656650846601212,14.059610664635033,1539.7867654601373
01-01-2022,Alberta,35906.5671552218,4728.81148176153,40401.38135337747,165.03484754077846,210.2255400253868,206.10392100892324,195.08741614995222,144.49240519943524,159.18994132394138,170.15807776109992,160.6212365223427,124955.54190693381,247450.43022562892,230068.08256125147,8.573692920642724,5.25669459102632,30.922538941553256,0.17614205831582677,756.8698590866197,5.6645248388558365,14.423776399375306,1539.936057609967
01-01-2023,Alberta,36008.78438799066,4632.090324313569,40449.73200386455,165.00407586960267,210.3102239788749,206.05822213957535,195.06622052463322,144.46534788532372,159.157619215715,169.92522936150786,160.58836217522756,124989.29370748426,247539.56261354353,230146.42333494223,8.92758991936579,5.616156694310268,29.771291986794665,0.1765026554376365,756.8144948040291,5.669748720387975,14.53948512208376,1539.9433871408423
01-01-2024,Alberta,35907.24511191505,4652.888291941558,40514.88926005986,165.07564630060023,210.38285623646368,206.81209066434235,195.30044509382867,144.49424331672563,159.19824438943687,170.36825453298871,160.63064239709286,124841.98850846135,247203.7897248791,229846.63657822562,9.34209885560815,6.207778276391691,28.52220058838398,0.17763977203859166,756.4123497381414,5.666033435691296,14.33485590918364,1540.524296831515
01-01-2025,Alberta,36022.20114777066,4361.530146189585,40237.86689813959,165.14332853972223,210.20768993101376,206.4084781147735,195.34935439738166,144.5538096449427,159.2678967509999,170.8310773225025,160.70169932416317,124781.17673515771,247041.9757281392,229703.95566199126,9.394680867052381,6.219698909324928,30.06963497194625,0.17547449738039259,756.7829356547619,5.682961967743602,14.463634191857007,1540.014233410589
01-01-2026,Alberta,35739.81968579096,4386.350498585136,40027.61705468361,165.39537519883126,210.08399144245445,208.7653927856006,195.8900583054804,144.6981365792085,159.46544272265822,172.4154173616382,160.90580835831923,124436.44816337209,246206.69180570033,228965.2370046035,9.604126246783217,6.762932511105351,30.802053718646192,0.17767205810535935,756.1224946746474,5.677479263949144,14.04717102773515,1542.4344833647378
01-01-2027,Alberta,35366.27497997031,4304.746466297692,39353.006803761506,165.84653257020702,209.55481341386837,212.54563605833468,196.60123307907952,144.98381454068178,159.86914139451181,175.10544977008084,161.3232560965535,124042.65231322355,245177.44110183313,228066.823248133,9.376604185607482,7.012338416447392,34.87253911420907,0.1802581852721888,755.9696059213768,5.69022872018067,13.651627000769222,1547.586096921804
01-01-2028,Alberta,35022.2457124776,4074.8399638769965,38299.862840594455,166.42425424851632,208.55088890939405,216.18791894143166,197.24718058745253,145.36907842012602,160.43790797212984,178.28109458410435,161.91264329946236,123810.97596530324,244441.10109594197,227444.23996394608,8.718644476645958,6.911326964815125,41.79083985558513,0.1812269196869079,757.4369487040206,5.738495198233243,13.481080766307128,1554.9993442499729
01-01-2029,Alberta,35137.201748333195,3783.4818181248356,38022.84047867408,166.49193648763853,208.37572260394302,215.78430639185842,197.2960898910057,145.4286447483433,160.50756033369308,178.74391737361992,161.98370022653296,123750.16419199953,244279.2870992017,227301.5590477115,8.771226488089514,6.923247597748215,43.33827423915136,0.17906164502869618,757.807534620647,5.755423730285583,13.609859048980564,1554.4892808290542
01-01-2030,Alberta,34918.942141312255,3447.424299144071,36912.54936207594,167.05519858703795,207.0630982092066,217.00875376767627,197.70367575132605,145.81286131779413,161.1054822953294,181.52656630231266,162.60503946316285,123785.16576433761,244127.68622715684,227207.9449472878,7.957186192455879,6.613822029729387,50.97632104498978,0.17568259040831635,761.5961535554153,5.836610160720488,13.717923561194588,1562.2573170012456
01-01-2031,Alberta,34860.49624060911,3091.35222766797,36078.08332043949,167.4632907425702,205.77970886824073,214.2425216695707,197.86288033045426,146.0894213211985,161.56517014898688,183.28161344447008,163.0844158569713,124001.30687797525,244439.06116969325,227523.0214668403,7.349859381745437,6.309455616124207,56.96814143900352,0.1660390678876613,767.3765950337219,5.925433305175596,14.005178462486537,1568.1334233781283
01-01-2032,Alberta,34936.2042849484,2784.577389988619,35640.43420286806,167.64405863304765,204.85423419799093,207.84331397585026,197.8925351619757,146.20404668095705,161.77671431749846,183.92014445503082,163.30619458549714,124204.03952473176,244816.67768086525,227883.83376806602,7.16196192409304,6.1474906186570255,60.158603620880854,0.15059741172622856,773.7877651420245,5.989210099032971,14.313575470339783,1571.0014864695133
01-01-2033,Alberta,35051.160320804585,2493.2192442360647,35363.41184094735,167.71174087216917,204.67906789254107,207.43970142629144,197.9414444655283,146.26361300917395,161.8463666790609,184.38296724454432,163.37725151256691,124143.2277514274,244654.8636841238,227741.15285183024,7.214543935536863,6.159411251589677,61.70603800444505,0.1484321370680527,774.1583510586362,6.006138631085173,14.442353753013391,1570.491423048582
01-01-2034,Alberta,35210.846812481504,2251.6413007749634,35193.63385492075,167.69381053672615,204.25575466930542,199.67042521873117,197.96189901478598,146.24187064263634,161.8208543575624,184.28045943423677,163.35129085347003,124205.53660585292,244798.791914082,227879.40113842528,7.396211721442427,6.139517846146236,62.606708823386576,0.13037282561404623,779.5355309912004,6.028301294019866,14.672408317492918,1571.0319987497503
01-01-2035,Alberta,35414.63818012053,2045.2620027392497,35072.20218545584,167.58379187557577,204.24870071443186,193.36099842312765,197.9969615234471,146.16648541397288,161.6817499132164,183.93039811317945,163.20568052525493,124177.39506627189,244766.19325252873,227853.07425090618,7.72448102631297,6.174030904781348,62.65319439255321,0.11421238080765572,782.8411121981584,6.020759662628682,14.832228317210506,1571.0009909919083
01-01-2020,British Columbia,35469.313454368596,8068.645261409595,43027.55155838108,159.01378031571136,196.14259149989482,206.52984325606243,177.24048389765719,144.3937700948679,156.40549779043582,146.85762341543287,158.61194251898633,245142.84812686394,476654.9842161059,427409.8370839872,10.350004141393699,4.062076714642402,32.16032135567505,0.09479439356260784,1542.829880903249,10.536534923310928,15.520182302739169,3001.334399745947
01-01-2021,British Columbia,36768.83187280251,8036.590824125547,44179.27705099109,158.9956209965992,196.21821198455234,206.12623070649047,177.12936355166437,144.455515006268,156.4010827417492,146.95532737370974,158.59621967373045,245596.95780009514,476518.59048056684,428114.2614021519,9.72786155883946,4.045645698736002,33.31626086465974,0.09541861681968064,1544.1391902814032,10.476451440881965,15.691812518558967,3006.8178655135293
01-01-2022,British Columbia,40393.55779625331,8047.754044938569,47343.540315532024,158.99123026085945,196.13236156947235,206.10392100892324,177.12276035897926,144.42284301254594,156.3966897702759,146.8776717812729,158.5965779026466,245433.73422560538,476487.79668892606,427906.9716868734,8.99119847052283,4.1296569385196324,33.88188955160392,0.09609568062708247,1543.6946988793757,10.39476513747485,15.672429856087973,3005.100268522556
01-01-2023,British Columbia,44165.12750610005,8124.367501474842,50548.23721941873,159.0036706981992,196.09552118728203,206.05822213957535,177.18195800627302,144.3946164168222,156.40241214978892,146.82803873139508,158.60804329696938,245279.3072310699,476505.1035693266,427691.19774443965,8.657661743489511,4.112802730750086,33.84871335160209,0.0964675396002013,1543.5104100164233,10.35153256638598,15.551222200899765,3003.428955814005
01-01-2024,British Columbia,47589.84875142175,8220.324642136384,53426.75299332118,159.0304218346112,196.25145985662172,206.81209066434235,177.30970102932355,144.42521391180597,156.41481597649678,146.93037061364188,158.6175574193831,245200.566296218,476750.5338992328,427429.66583829315,8.718381859398395,4.007857082870838,33.75431990922155,0.09676238691845473,1542.5605896272677,10.309472503288289,15.486467219461296,3001.111626701029
01-01-2025,British Columbia,48889.367169856356,8188.270204852508,54578.47848593176,159.01226251549917,196.32708034127924,206.4084781147735,177.19858068333122,144.4869588232059,156.41040092781031,147.02807457191858,158.60183457412737,245654.6759694469,476614.14016369346,428134.09015645465,8.096239276844718,3.9914260669644577,34.91025941820479,0.09738661017552759,1543.869899005415,10.249389020859267,15.658097435280776,3006.595092468594
01-01-2026,British Columbia,51720.629148563596,8210.717645467435,56996.635421255625,159.02493534332012,196.75201605869276,208.7653927856006,177.276126377033,144.63848808780506,156.41353452082208,147.36229626864704,158.58022080876214,245817.65538886306,477095.16963341826,428011.8552260111,8.193898539006726,3.8980430646196247,35.55874200240186,0.09789958801215061,1540.218448890623,10.170462194466984,15.821213351339862,3004.0377544895414
01-01-2027,British Columbia,53956.7970814223,8086.886421263407,58995.075505863955,158.9925490021342,197.3913744538658,212.54563605833468,177.13369759422224,144.93733570768583,156.39560217835665,147.89096871701312,158.5091621926919,246502.02683179293,477561.79724149214,428547.3881040659,7.855423079787398,3.9358927516924336,37.47762275582252,0.09873220555639382,1532.6495959946508,10.053715541391197,16.28321234016105,3003.7145975492713
01-01-2028,British Columbia,55709.8510798277,7825.134361305533,60648.90815475093,158.91245279462936,198.08313249358648,216.18791894143166,176.7033192815668,145.33921253415602,156.36290359922458,148.47049595980124,158.4036153408458,247988.48149991536,477641.55927150184,430379.5324196674,6.850598877421584,4.149651426619636,40.5073018876642,0.09968165684654645,1522.5986494980614,9.944637058653928,16.95914197407202,3009.402126361584
01-01-2029,British Columbia,57009.36949826553,7793.079924021459,61800.63364736438,158.8942934755172,198.1587529782441,215.78430639185842,176.59219893557398,145.4009574455562,156.35848855053794,148.5681999180781,158.38789249558988,248442.59117314732,477505.1655359632,431083.95673783316,6.228456294867331,4.1332204107133865,41.663241396648715,0.10030588010361902,1523.9079588762197,9.884553576225018,17.13077218989176,3014.885592129171
01-01-2030,British Columbia,58381.105838037154,7484.750904158879,63135.43351310278,158.80081876310123,198.72910614409,217.00875376767627,175.99681345779646,145.80088123402334,156.3329413171078,149.0356673167884,158.2914865088018,250824.8426116174,477023.1478857787,434533.0965144273,4.744478521877253,4.455877404114035,45.02945761641943,0.10101797342700687,1515.8715475360816,9.843092491969871,17.828688989811177,3029.232818378922
01-01-2031,British Columbia,59434.627035531084,7243.411803276985,64152.19831435124,158.74061018708025,199.08499441964904,214.2425216695707,175.4826956497509,146.08849326016406,156.3335349490128,149.30229747963068,158.24520652077132,253865.7192167694,476228.4349099821,439247.01241472055,3.2354571895030015,4.759900196418744,47.84968576227279,0.10127687948951423,1515.3137020804722,9.895074968632352,18.367274571703625,3051.337521776898
01-01-2032,British Columbia,60237.47351180395,7131.588437636055,64896.421981274776,158.73489090723697,199.23375271483846,207.84331397585026,175.24880059281702,146.20833353296229,156.35721420611807,149.3852393832032,158.25459601007256,257003.4899017369,475654.5657827387,444214.75762738124,2.0950010462285524,4.944827091756957,49.66424157974123,0.10117622816622591,1525.0897825219902,10.008617987857646,18.673092991556516,3076.3220353815896
01-01-2033,British Columbia,61536.991930241005,7099.534000352083,66048.14747388766,158.71673158812467,199.30937319949524,207.43970142629144,175.1376802468243,146.27007844436204,156.3527991574313,149.4829433414798,158.23887316481654,257457.5995749622,475518.17204719875,444919.1819455371,1.4728584636746198,4.928396075850063,50.820181088725114,0.10180045142330062,1526.3990919001208,9.948534505428288,18.844723207376056,3081.805501149133
01-01-2034,British Columbia,62195.11804014735,7098.301778194073,66634.48955285201,158.7456605695898,199.3170675709477,199.67042521873117,175.193533845911,146.2492532396422,156.37625865295755,149.460919216209,158.2715014301354,260026.03204996444,475597.7384219498,448943.4209996594,0.7855964701482293,4.983320640662033,51.77943557802953,0.10166398263425726,1544.3282585441464,10.054421813955328,18.968703770885757,3103.09323140314
01-01-2035,British Columbia,62826.15478643507,7138.244945965657,67194.64748322536,158.7696861865833,199.25600743047087,193.36099842312765,175.36681354437408,146.1731812974325,156.3788183481689,149.4037126277132,158.28820197214876,261572.80263670615,476336.5352140773,451273.2638838468,0.3411924971807351,4.979276638296964,52.39890597248218,0.10179585173621071,1563.9592672392694,10.093399052330572,19.023846848552374,3115.9595665507195
01-01-2020,Canada,331420.0622250041,77191.91110856198,410136.43839991314,162.20322361219223,211.22981684249757,206.52984325606243,195.07238657595872,149.48964247351694,155.3808448751758,161.28183203789672,156.08274756615677,1297164.7570744527,2748044.9270945177,2529659.20085431,13.544048111782416,4.485941044058101,31.105077344429816,0.1613635114396964,7994.4402931503655,6.201932539881224,16.376372874722684,17612.873097172625
01-01-2021,Canada,336151.8607435509,77457.97332299799,415161.4761447844,162.2108948225766,211.25645959651033,206.12623070649047,194.9777062024334,149.5587049328794,155.4098524087028,161.35045758964444,156.10712438579299,1297944.9145356554,2749101.3835791363,2531403.1326937247,13.239622708993432,4.2927893334788125,31.79832288772787,0.16228548807481272,8004.087077926651,6.150186369912587,16.446678187848633,17610.634809026153
01-01-2022,Canada,345480.3863883966,77646.94387324313,420588.26390313584,162.18857068529724,211.22284986381646,206.10392100892324,194.9692318362545,149.52524306233522,155.38523939830426,161.27910735802388,156.08312548686766,1297722.1542567322,2748672.5307630803,2530890.737304692,12.962011063463745,4.285428621201182,32.08854438401296,0.1636490288407802,8000.425445812605,6.096411182598527,16.447760110556217,17609.475275306173
01-01-2023,Canada,355242.7037484287,77770.3528958568,426118.0544845535,162.18770426473563,211.21224290146924,206.05822213957535,195.02364592279693,149.49549619075225,155.37272062808736,161.25288620894517,156.07303582352847,1297384.2143372337,2748207.244616236,2530041.658867828,13.006872125005854,4.588870658663942,31.639864659966232,0.16459927706958505,7996.114451093531,6.0661467780758755,16.412680425123334,17609.423181090573
01-01-2024,Canada,364295.7765733103,77789.83106547315,431261.6849478874,162.24203556323891,211.26277634953365,206.81209066434235,195.13902031993086,149.51850164831657,155.41268880903232,161.3639163305036,156.1161378706114,1297376.2238861045,2748101.6811216874,2529684.139920776,13.251382220873298,4.9739015394963015,30.9620271347709,0.1656664427677087,7996.627531988569,6.041522364637261,16.397793800052543,17613.919120705905
01-01-2025,Canada,369027.57509185746,78055.89327991068,436286.7226927642,162.24970677362336,211.2894191035467,206.4084781147735,195.04433994640607,149.58756410767887,155.44169634255928,161.4325418822514,156.1405146902476,1298156.3813473054,2749158.1376063037,2531428.071760186,12.946956818084784,4.78074982891756,31.655272678067586,0.166588419402826,8006.274316764816,5.989776194668641,16.468099113178358,17611.68083255945
01-01-2026,Canada,376873.6980487476,77996.8266535605,440305.5829940452,162.36747230062727,211.40469138410114,208.7653927856006,195.10880983959947,149.72236926171286,155.56711910079997,161.7089631729732,156.26639083371774,1299489.6938833916,2749726.8557259,2533173.393962998,13.046936423084905,4.883652869519318,31.63263827725475,0.16816457573458318,8020.491548783966,5.953549462163668,16.537780125630977,17614.089702811496
01-01-2027,Canada,383636.157735751,77920.83850364652,442984.67509635905,162.52747770970063,211.54823620013013,212.54563605833468,194.97227575233484,149.99767213874543,155.78406939532147,162.0919832439908,156.4782277713796,1303142.9140641333,2750794.0841333466,2538211.312372594,12.674696634223586,4.459637004532215,32.917389112482006,0.17002953033031493,8054.858471232547,5.9043995911643234,16.721312989958403,17596.188886170148
01-01-2028,Canada,389621.1895201527,77885.7768277373,445070.87126162736,162.69388807396265,211.67328435581794,216.18791894143166,194.58439640847303,150.37592892700692,156.06080012410385,162.47765141598106,156.74491261747065,1309092.5505463625,2751717.4813960698,2546051.7243954632,11.772321336527378,3.568136092807852,35.427783971951904,0.17139497080838834,8107.429964112726,5.856808089145591,16.988567441120015,17540.50148923175
01-01-2029,Canada,394352.98803870735,78151.83904217459,450095.90900650097,162.7015592843471,211.69992710983075,215.78430639185842,194.48971603494772,150.44499138636948,156.08980765763087,162.54627696772877,156.7692894371069,1309872.7080075685,2752773.937880687,2547795.6562348804,11.467895933738287,3.374984382228654,36.12102951524989,0.17231694744350362,8117.076748889029,5.805061919176986,17.05887275424592,17538.263201085276
01-01-2030,Canada,399659.568283557,78176.46183908907,452883.84870131064,162.84429249529177,211.78107606511628,217.00875376767627,193.97101214160338,150.82770584740246,156.36611968056496,162.8526666025285,157.034990198976,1316689.0748274797,2752906.5300263437,2556118.109093736,10.298791240349486,2.341023209074491,39.072508218418506,0.17243306270181402,8176.4506144274155,5.773834103770864,17.33621864243398,17446.368619801393
01-01-2031,Canada,404173.3394435536,78234.74753821924,457256.2835544511,162.9487354758276,211.82140618502115,214.2425216695707,193.54111626880783,151.1063194358977,156.5794081332665,163.05451813170745,157.24202909712804,1322227.5525388734,2752126.029605486,2562099.78237468,9.256851255461838,1.526645409872638,41.51761386295739,0.1712583570185366,8227.38220944809,5.758030582400863,17.551809963116252,17346.80146549447
01-01-2032,Canada,407862.2639680129,78293.96820377716,463055.2258063004,163.01032034933445,211.83959029417846,207.84331397585026,193.36287763837038,151.22233077852704,156.69025452694825,163.163511474247,157.35262922990168,1324960.9238486309,2750992.45575546,2564322.6380187804,8.601915745004094,1.1040491271279322,42.94224292748934,0.1695875349054321,8259.569282688542,5.739805133631527,17.67546795350183,17282.214966710915
01-01-2033,Canada,412594.0624865671,78560.0304182134,468080.2635511675,163.01799155971847,211.866233048191,207.43970142629144,193.2681972648451,151.29139323788917,156.71926206047482,163.23213702599423,157.37700604953747,1325741.0813098282,2752048.912240084,2566066.5698581957,8.297490342215355,0.9108974165487425,43.63548847078673,0.17050951154055338,8269.216067464784,5.6880589636627725,17.745773266627662,17279.9766785645
01-01-2034,Canada,415727.22895467555,78616.90578478681,474365.30787369667,163.03656328770165,211.87725263413418,199.67042521873117,193.33140090909146,151.2675938734612,156.72892412869092,163.25974492220908,157.3896569088486,1325782.4320799045,2751358.0226934976,2565420.719560295,8.015775269389142,0.7999274073190137,44.18407521473185,0.16944031319981043,8282.462236703997,5.648083002035361,17.797511402872193,17279.994630616766
01-01-2035,Canada,418754.89550824603,78698.13525343809,480309.0896519046,163.0199379659818,211.88676527461217,193.36099842312765,193.47623390639177,151.1875939325126,156.67918230003426,163.20851125552858,157.34166251841077,1324738.7080046206,2751457.639645195,2564232.74526274,7.895003631478568,0.7908428347050981,44.399005462833706,0.16961907596393375,8284.465369162206,5.583221902012587,17.823077961158788,17339.89639013497
01-01-2020,Manitoba,12281.245499699953,1618.957476294248,13890.452093786053,157.3641014729182,213.46756623975784,206.52984325606243,185.2486722185322,154.18306510313798,152.08817498147778,151.98858515715017,151.7295941669166,53676.9571329614,100112.39408556189,95015.99374950414,7.018958175768689,4.855981913098207,29.296785141658937,0.14571177737179458,341.2740885520377,6.850052107436947,13.760431667360145,659.7019405996916
01-01-2021,Manitoba,12363.345442460857,1561.1004318786975,13870.077149512877,157.39161063461611,213.2792628036649,206.12623070649047,185.46613359465843,154.25855776420246,152.1459267139947,152.1442591261738,151.78301208494727,53710.591568634874,100308.91301918,95073.18506702571,7.10449063324911,4.8987850015489975,29.585013660238406,0.14599956030367123,341.297921656055,6.8541821432962395,13.84684173175336,660.8019961303189
01-01-2022,Manitoba,12429.05967840008,1502.220800300825,13913.531452502337,157.35572190849234,213.33052757131796,206.10392100892324,185.60371196611226,154.21271885725338,152.10303015690724,152.03599943432047,151.74133888422926,53699.80117040639,100236.69328284678,95056.54221856841,6.856317196612451,4.68407204363707,29.81996763496517,0.14630944947100796,341.27601934934677,6.834789608011024,13.765857811870976,660.4039101880218
01-01-2023,Manitoba,12404.476496484212,1459.103716627256,13888.792645889433,157.34476128669604,213.42832365842048,206.05822213957535,185.64514185131756,154.17382339753874,152.07688596602924,151.95544534647556,151.71776740197663,53676.61867526261,100152.26717208084,95036.85360830405,6.50434369979105,4.674830347009568,29.72777497525444,0.14587485904007402,341.2447723658539,6.848929887486111,13.545403185657202,660.0919641697247
01-01-2024,Manitoba,12403.003252637076,1423.0575440908203,13789.903216320472,157.41865906480146,213.47777474880672,206.81209066434235,184.95229814671205,154.22611971052362,152.14052681190284,152.08170297544038,151.7824372957387,53683.79210940917,100147.61780478746,95011.12058904846,6.314851535646431,4.918834249376538,29.500878928555434,0.14463833285004923,341.2663851794732,6.900013548029913,13.341604527196186,659.6855249589414
01-01-2025,Manitoba,12485.103195397776,1365.2004996753078,13769.52827204732,157.4461682264993,213.28947131271462,206.4084781147735,185.16975952283588,154.30161237158782,152.1982785444196,152.23737694446365,151.83585521376924,53717.42654508254,100344.13673840485,95068.31190656999,6.400383993126527,4.9616373378271525,29.78910744713455,0.1449261157819245,341.2902182834896,6.904143583889205,13.428014591588934,660.7855804895642
01-01-2026,Manitoba,12632.843823568246,1312.480825950098,13630.151774511867,157.63560700036496,213.0937130080726,208.7653927856006,183.45599950164498,154.52778689147164,152.41370914291622,152.71114324138196,152.0466784944405,53831.587226182506,100582.90849994123,95037.30454833117,6.553630414173239,5.3874747347829866,29.820092180008945,0.14330981027250697,341.39747977854717,6.9773946493623,13.463472683076931,660.087491250874
01-01-2027,Manitoba,12972.559351122334,1220.909301163606,13506.734440207721,157.91801516225883,212.47995498402182,212.54563605833468,181.3711267122321,154.94418846935935,152.7881795250307,153.51195190588558,152.4096782856101,54109.50712397914,101211.29894891316,95007.10274152465,7.023605658228425,5.842050727742377,30.423287672664056,0.14210074582110352,341.5228643314566,7.046513322132422,13.879266413179096,659.2891083792333
01-01-2028,Manitoba,13429.561590514966,1089.3952323725723,13443.533399999586,158.2269382947099,211.4502730907399,216.18791894143166,180.3814624216821,155.4652488305479,153.25432306089095,154.44233477538285,152.86165325917713,54524.41151119428,102241.83716637133,94985.6978278853,7.613744693316262,6.181160130247422,31.582459801931087,0.14205955550202207,341.54091726531544,7.088988981661938,14.62160237490653,659.1911555332542
01-01-2029,Manitoba,13511.661533276185,1031.5381879570043,13423.158455726405,158.25444745640786,211.26196965464692,215.78430639185842,180.59892379780914,155.54074149161247,153.312074793408,154.59800874440657,152.9150711772079,54558.045946867904,102438.35609998976,95042.88914540687,7.699277150796545,6.223963218698095,31.870688320510585,0.14234733843389927,341.56475036933267,7.09311901752124,14.70801243929968,660.2912110638828
01-01-2030,Manitoba,13948.888441383891,883.7981073346185,13427.680483266276,158.51719918858907,210.0441111429624,217.00875376767627,182.0854454717119,156.01632688759227,153.75579689256122,155.39336981126777,153.3492560587896,54991.279337127075,103696.14127955447,95035.91381427868,8.182287433683936,6.384007114927508,33.23661244321832,0.1437850528346059,341.39575588541976,7.101974674529457,15.543792325794671,662.0371854603766
01-01-2031,Manitoba,14261.799665319919,752.4315817418538,13473.734856014924,158.6920685249562,208.9847593502115,214.2425216695707,186.28717140884552,156.32072461997703,154.07562359728792,155.87559635738526,153.66902008692,55298.93873466451,104884.14526790738,95044.3042139088,8.42934869253275,6.390509081676676,34.37489257382089,0.1463783132228403,341.07554595564744,7.086312615260835,16.197646329666036,666.3956365683118
01-01-2032,Manitoba,14433.180063174459,657.9632276493769,13524.497482178202,158.77759913536462,208.3522858402785,207.84331397585026,191.94201473895703,156.42076425492175,154.22860799515064,156.03663502428884,153.82977335646294,55403.093793358676,105735.98752731014,95062.80846593458,8.450833405926932,6.3173363476878155,35.04460889084436,0.14932810649652445,340.74064825937535,7.063172114162982,16.506675679295068,673.0333065204663
01-01-2033,Manitoba,14515.28000593539,600.106183233898,13504.122537905056,158.80510829706213,208.1639824041861,207.43970142629144,192.15947611507352,156.49625691598584,154.28635972766705,156.19230899331205,153.88319127449304,55436.72822903194,105932.50646092699,95119.9997834565,8.536365863407903,6.36013943613832,35.33283740942321,0.14961588942839738,340.76448136339445,7.067302150022248,16.593085743687837,674.1333620510807
01-01-2034,Manitoba,14600.513886825393,539.6927496405888,13537.947823503977,158.82593281527764,208.0064072638146,199.67042521873117,197.20760372217998,156.45771214723842,154.29994069024437,156.15489117880279,153.90544037288214,55375.93770846576,106347.81641977729,95138.9557464244,8.422834443834208,6.27193763970831,35.59643256129277,0.15207193960990395,340.52340819417645,7.050065675667454,16.577340982781124,681.5198247615922
01-01-2035,Manitoba,14669.385201854775,493.35736615101894,13557.617602967717,158.81286955023756,208.16354148032246,193.36099842312765,200.0663656296,156.38929302074334,154.24676601690692,156.0595394697288,153.8552693687036,55272.936656404054,106416.76993907061,95148.5154363625,8.259823465286363,6.19209415108329,35.70237223991413,0.15355296798871743,340.3278612451104,7.04158487063671,16.39004363834368,687.6512143318183
01-01-2020,New Brunswick,7777.289006642733,282.66235899794304,8054.838349279815,156.70201805430415,215.03326264080115,206.52984325606243,178.75984970430153,154.79702691495729,151.97763807423527,139.42414627324922,151.44575420479327,169421.17532467534,351469.3005565863,325853.02690166974,9.319466133617139,3.9145315937760095,24.72967736196405,0.024718750690562646,1081.150887699641,40.44440755767866,12.557129530561129,2320.7805160820703
01-01-2021,New Brunswick,7946.643215588305,278.0255915250095,8153.079148605708,156.68505728012465,214.8278278546024,206.12623070649047,178.4948250156404,154.93862859448544,152.0125311737118,138.88650997550482,151.46313986001888,169421.17532467534,351469.3005565863,325853.02690166974,9.241465023150791,3.863643860219678,24.76286499627947,0.025020327190447868,1081.3021416195525,39.889078849558246,12.527190604076551,2320.4508845957075
01-01-2022,New Brunswick,8110.759813533665,279.68898341345056,8298.238189177027,156.6817676439668,214.89011608648354,206.10392100892324,178.60906790056688,154.8664712059692,151.98478077859,139.1720924526886,151.4425072389387,169421.17532467534,351469.3005565863,325853.02690166974,9.520554510463809,3.89657159881769,24.41936566570804,0.025466708633857055,1081.297311724802,39.117562302073274,12.56594213299948,2320.764146396125
01-01-2023,New Brunswick,8256.622425333266,283.2862771852368,8315.76522210176,156.69704204240261,214.99900762381088,206.05822213957535,178.7615317743749,154.80207330116008,151.97130413094075,139.48241053468072,151.43767982741437,169421.17532467534,351469.3005565863,325853.02690166974,10.217025294479948,4.183554762659871,23.779285818559046,0.025522468188406255,1081.16828869349,39.07220058816774,12.790092709893145,2320.8581133973394
01-01-2024,New Brunswick,8450.497391459927,283.5639450883179,8242.948147987143,156.717581109338,215.0309665684853,206.81209066434235,178.69040863777585,154.85908708801944,152.01149988326787,139.19402883331358,151.4755079101122,169421.17532467534,351469.3005565863,325853.02690166974,10.973410615141,4.590701239625909,23.258438456131653,0.025301782069442003,1081.0750006146836,39.55412979969501,13.090849726553785,2320.358796997294
01-01-2025,New Brunswick,8619.851600405385,278.9271776153951,8341.188947313012,156.70062033515867,214.8255317822875,206.4084781147735,178.42538394911588,155.00068876754722,152.0463929827444,138.65639253557146,151.49289356533785,169421.17532467534,351469.3005565863,325853.02690166974,10.895409504674735,4.5398135060698355,23.291626090446197,0.02560335856932715,1081.226254534593,38.998801091574904,13.060910800069395,2320.0291655109304
01-01-2026,New Brunswick,8926.487173535408,271.08010198544576,8285.201653236987,156.68838915662394,214.55507071616202,208.7653927856006,177.78513747947153,155.3039737505681,152.16773609732257,137.0578062174481,151.58400792018637,169421.17532467534,351469.3005565863,325853.02690166974,11.31027068284707,4.84750323560185,23.39451892712443,0.0254346393402001,1081.4909882343393,39.40707214740304,13.278760292249247,2318.7516034683654
01-01-2027,New Brunswick,9351.498694080045,254.59165114251635,8343.03496434958,156.61473199397258,213.80393330338111,212.54563605833468,176.42362390623902,155.89481746591898,152.36809289147095,133.94424738631125,151.7182998635177,169421.17532467534,351469.3005565863,325853.02690166974,11.243049621388103,4.887389808250605,24.35168971374499,0.02561504648300213,1082.3080389829365,39.18885668287466,13.306946599709073,2316.764990443444
01-01-2028,New Brunswick,9825.251655101025,234.0674042399322,8533.671700397972,156.4922172908506,212.60217959751105,216.18791894143166,174.58372242911307,156.66823510458585,152.6112353918354,129.95812423215833,151.8708458982566,169421.17532467534,351469.3005565863,325853.02690166974,10.893801206004376,4.648198473037683,25.919387822689128,0.026202518223201292,1083.5085715895275,38.222648600373994,13.155717736751683,2314.3672125900275
01-01-2029,New Brunswick,9994.605864046815,229.43063676700044,8631.912499723987,156.4752565166711,212.3967448113122,215.78430639185842,174.31869774045163,156.8098367841142,152.64612849131203,129.4204879344132,151.88823155348226,169421.17532467534,351469.3005565863,325853.02690166974,10.815800095538425,4.597310739481509,25.952575457004418,0.026504094723086898,1083.6598255094384,37.66731989225291,13.125778810267104,2314.037581103664
01-01-2030,New Brunswick,10415.594084417024,211.62413290430518,8893.086734904287,156.355579270383,211.02037046078465,217.00875376767627,172.55570057657147,157.55020999421342,152.87660206566966,125.7750590740365,152.0308686830483,169421.17532467534,351469.3005565863,325853.02690166974,10.525436020801504,4.219297030917061,27.555723599317833,0.02730743369271974,1084.7731217297332,36.290890055665194,12.901383119283722,2311.6561941692075
01-01-2031,New Brunswick,10717.855234972727,200.99371878937097,9138.052790304495,156.29135769036643,209.85633525866288,214.2425216695707,171.3996186781982,158.05194010846793,153.04523092447843,123.51137774695057,152.1413591083901,169421.17532467534,351469.3005565863,325853.02690166974,10.486532268465687,3.887407033261871,28.663533480994314,0.028060442816783368,1085.365029478138,34.99148227571004,12.723082766065115,2309.7247827552724
01-01-2032,New Brunswick,10905.195683137195,197.27197471966196,9319.548665424458,156.2937762952048,209.18326765485813,207.84331397585026,171.02564196940082,158.235264050145,153.12801386466296,122.86234268321779,152.20576022437632,169421.17532467534,351469.3005565863,325853.02690166974,10.618229564184048,3.7121228878259998,29.09172721610688,0.028618139606272033,1085.3702162541083,34.04068511685504,12.647672943867438,2308.581179668293
01-01-2033,New Brunswick,11074.54989208274,192.6352072467288,9417.789464750445,156.2768155210251,208.97783286866,207.43970142629144,170.76061728074018,158.3768657296728,153.16290696413915,122.32470638547443,152.2231458796016,169421.17532467534,351469.3005565863,325853.02690166974,10.54022845371699,3.6612351542693715,29.124914850421362,0.02891971610615755,1085.5214701740206,33.485356408733765,12.617734017382487,2308.2515481819346
01-01-2034,New Brunswick,11202.150597457872,192.10466005382844,9548.058948197235,156.30946098119367,208.8233949506318,199.67042521873117,170.91859068692145,158.3204761340509,153.16873413698818,122.67308288855567,152.23897054265578,169421.17532467534,351469.3005565863,325853.02690166974,10.618402951465393,3.6313132635887633,29.063137124135547,0.029319727125981004,1085.2635642098314,32.81996862748692,12.622915784003016,2307.9906001314876
01-01-2035,New Brunswick,11327.587174469716,191.10435933630686,9668.096111085504,156.32493884297668,208.9956584977467,193.36099842312765,171.16968078209172,158.19024215791117,153.1335555233408,123.11388686771346,152.22005917584042,169421.17532467534,351469.3005565863,325853.02690166974,10.513369530113557,3.6589476849908857,28.85078867688607,0.029687893912065208,1085.1400623055033,32.21347972443275,12.648953976397431,2308.3440599926244
01-01-2020,Newfoundland and Labrador,5157.116621168983,341.85833582188275,5495.339059580925,158.41395314303716,213.39691956306743,206.52984325606243,183.28890440347365,164.2722529597023,154.80449087851892,141.92226392236338,154.15925176242328,169421.17532467534,351469.3005565863,325853.02690166974,11.891316152337073,3.918177978542943,31.164259189554016,0.016865241841175833,1069.4599998995113,59.39970103465526,14.990974550917228,2279.9599167369315
01-01-2021,Newfoundland and Labrador,5162.735033847683,302.7001103397375,5462.014297499942,158.37373349023068,213.19286642873874,206.12623070649047,182.97989419586497,164.42311498501675,154.80603697739562,141.4271049595779,154.1513409508851,169421.17532467534,351469.3005565863,325853.02690166974,12.175473601547493,4.178303495952399,31.88618492962182,0.01676019249100746,1069.7875316146303,59.524062898178855,15.362663899643223,2280.014943812052
01-01-2022,Newfoundland and Labrador,5214.646289538345,327.1580633718154,5540.434715050985,158.36609428736594,213.24234429550893,206.10392100892324,183.11257313819584,164.34658108231582,154.77664754772258,141.6962806781459,154.12508693327712,169421.17532467534,351469.3005565863,325853.02690166974,11.71146015404727,4.361970945790176,32.018342677136545,0.017003309113370155,1069.8087742068756,58.811966176907234,15.42563266047635,2280.4279790591772
01-01-2023,Newfoundland and Labrador,5250.479110406553,327.19714624530275,5577.5676633021785,158.3920323848734,213.34191992380457,206.05822213957535,183.28968271331587,164.2776510920756,154.7790938101684,141.98546232532198,154.1321116210421,169421.17532467534,351469.3005565863,325853.02690166974,11.785443307083394,4.845211605811507,31.604807767893835,0.017118707931776538,1069.5875389142416,58.509434940003146,15.712774221318314,2280.3314515134734
01-01-2024,Newfoundland and Labrador,5251.057428306741,278.4743756344836,5529.743818630855,158.44951644398645,213.4144169930016,206.81209066434235,183.20933374764758,164.33719585909196,154.85819264561476,141.6948664373652,154.21216923283615,169421.17532467534,351469.3005565863,325853.02690166974,12.500621419810217,5.54165185385103,31.552814679480168,0.016967613887984546,1069.226976822516,58.885356577747906,16.401554791499436,2279.128042073422
01-01-2025,Newfoundland and Labrador,5256.675840985493,239.31615015241204,5496.419056549994,158.40929679118028,213.21036385867382,206.4084781147735,182.9003235400402,164.488057884406,154.85973874449164,141.19970747458174,154.20425842129816,169421.17532467534,351469.3005565863,325853.02690166974,12.784778869019995,5.801777371260233,32.27474041954685,0.01686256453781656,1069.5545085376323,59.00971844127073,16.773244140224723,2279.1830691485393
01-01-2026,Newfoundland and Labrador,5217.352714441895,135.07398296681907,5354.770366025541,158.4478992410904,213.06121606445407,208.7653927856006,182.16107157934638,164.81000096314648,155.02029325421745,139.65732611141365,154.3537134093753,169421.17532467534,351469.3005565863,325853.02690166974,14.010150590719379,6.662303453440502,33.448027863787,0.016414440987224947,1069.490417841369,60.016568253838706,17.988953238271044,2276.8744799280926
01-01-2027,Newfoundland and Labrador,5155.593807365226,135.07398296681907,5160.6187387035825,158.41246802345478,212.4856136617406,212.54563605833468,180.58129458366633,165.4401225078706,155.22756710884704,136.68625987121675,154.53268167546233,169421.17532467534,351469.3005565863,325853.02690166974,15.455172294156123,7.681553759115524,35.99395524170941,0.015797006795900615,1070.1044726647144,61.2594216881504,19.677503802931874,2273.9549388363175
01-01-2028,Newfoundland and Labrador,5101.687361610501,135.07398296681907,4983.416839854192,158.29744538173935,211.4311321438811,216.18791894143166,178.4365845539768,166.26808574410887,155.43239711858013,132.91721176298006,154.69623843396394,169421.17532467534,351469.3005565863,325853.02690166974,16.80484909322694,8.814917054990325,39.20520916712539,0.015228623732078,1071.3251530720836,62.22995668362246,21.56006979296488,2271.030990338535
01-01-2029,Newfoundland and Labrador,5107.305774289215,135.07398296681907,4950.092077773199,158.25722572893287,211.2270790095523,215.78430639185842,178.12757434636777,166.41894776942345,155.43394321745686,132.42205280019385,154.68832762242585,169421.17532467534,351469.3005565863,325853.02690166974,17.08900654243722,9.075042572400005,39.9271349071934,0.015123574381909593,1071.6526847872021,62.35431854714609,21.931759141691014,2271.0860174136546
01-01-2030,Newfoundland and Labrador,5086.065655690748,135.07398296681907,4846.836830795771,158.12053887150893,209.88108538022638,217.00875376767627,176.06093251691914,167.21491558487767,155.60250107200858,129.01353032040052,154.81573215332077,169421.17532467534,351469.3005565863,325853.02690166974,18.11931979867795,10.174950187329667,42.74788621950982,0.014785885208286111,1072.9258472293616,62.727038256389044,23.608377767074245,2268.5330339578895
01-01-2031,Newfoundland and Labrador,5103.149193679443,135.07398296681907,4832.637175004873,158.03924729302358,208.59872797989365,214.2425216695707,174.6939980754411,167.75772394452133,155.7259980428601,126.93687163197191,154.91222741294143,169421.17532467534,351469.3005565863,325853.02690166974,18.7462795678096,11.035907736323672,44.49909298689029,0.014729763053232262,1073.6270093117996,62.50305079647811,24.759704516684092,2266.4705043109875
01-01-2032,Newfoundland and Labrador,5144.2919295775855,135.07398296681907,4879.117161356831,158.04287330537485,207.71220883822383,207.84331397585026,174.24166741832462,167.95941250935826,155.80421556981847,126.38078346498777,154.98326601672298,169421.17532467534,351469.3005565863,325853.02690166974,19.01043284060394,11.522755750427216,45.24296784646582,0.014868326152080924,1073.5791100256456,61.94486994929074,25.307483437538316,2265.0384243687395
01-01-2033,Newfoundland and Labrador,5149.910342256245,135.07398296681907,4845.792399275756,158.002653652568,207.50815570389608,207.43970142629144,173.9326572107166,168.1102745346723,155.8057616686946,125.88562450220319,154.9753552051843,169421.17532467534,351469.3005565863,325853.02690166974,19.29459028981278,11.782881267834913,45.964893586533634,0.014763276801912278,1073.9066417407673,62.06923181281511,25.679172786262676,2265.0934514438686
01-01-2034,Newfoundland and Labrador,5194.445044036733,135.07398296681907,4908.999111020299,158.05073779740624,207.14968296852402,199.67042521873117,174.11243523800565,168.05269252070454,155.8356891423316,126.23689130309235,155.01210013834176,169421.17532467534,351469.3005565863,325853.02690166974,19.313560127035018,11.937715557657251,46.27364724314877,0.014958407852939174,1073.4960604520256,61.47266195067694,25.79571862844945,2264.507863726119
01-01-2035,Newfoundland and Labrador,5231.358023109761,135.07398296681907,4962.434235023254,158.0773291324728,207.2113005013297,193.36099842312765,174.41152160671936,167.9127396501146,155.82135506184332,126.63161910271661,155.0068961726718,169421.17532467534,351469.3005565863,325853.02690166974,19.22888964987509,11.96070743287493,46.67922432235766,0.015124914391842995,1073.2681001468734,60.965903330896715,25.763123051544024,2264.7509542847406
01-01-2020,Nova Scotia,9956.45600080974,15979.88181818182,9955.92926207545,149.57971398339527,213.62225317226347,206.52984325606243,176.8114322778334,154.79702691495729,146.37003428723614,130.60526979282056,145.2697715778789,169421.17532467534,351469.3005565863,325853.02690166974,10.11934270816079,5.115252070675944,28.41182265498842,0.030552921504277453,1132.6079862378856,32.69846163403862,14.497853624389517,2419.3395656218163
01-01-2021,Nova Scotia,10109.479818719483,15979.88181818182,10098.568692891986,149.51906095283158,213.69173602894313,206.12623070649047,176.58571599786788,154.93862859448544,146.32892942083524,130.36240244157986,145.20675725181812,169421.17532467534,351469.3005565863,325853.02690166974,10.47263781249474,4.835774839944483,28.915599352315578,0.030992626454828386,1133.1693942486165,32.15767371508928,14.601362539444933,2420.5850896366674
01-01-2022,Nova Scotia,10218.25588818513,15979.88181818182,10209.828352540419,149.54452577010633,213.62211949980397,206.10392100892324,176.66773056133334,154.8664712059692,146.34800095527675,130.50060499294372,145.23669081032426,169421.17532467534,351469.3005565863,325853.02690166974,9.850628616189802,4.13604037458802,29.201824298770543,0.03133279540266965,1132.899110958218,31.80516297716912,14.275187399778773,2419.9009801984857
01-01-2023,Nova Scotia,10268.606355545162,15979.88181818182,10257.81699772455,149.57446596196493,213.58918495933295,206.05822213957535,176.79764742592593,154.80207330116008,146.3661447919065,130.64682455269138,145.26480996049256,169421.17532467534,351469.3005565863,325853.02690166974,9.007207489344157,3.5655765078722985,29.624555289867853,0.031478118788299175,1132.625901052168,31.678173440057183,13.919529376453376,2419.3534915924547
01-01-2024,Nova Scotia,10358.514981734928,15979.88181818182,10332.015068824516,149.56652494848447,213.70288256047397,206.81209066434235,176.78174439136183,154.85908708801944,146.35871981812184,130.47510547092892,145.24982480393194,169421.17532467534,351469.3005565863,325853.02690166974,8.436619608421609,3.408722870456489,30.212983975107967,0.03170545523620158,1132.7958927214177,31.410817509078527,13.770640114251824,2419.893210557099
01-01-2025,Nova Scotia,10511.53879964449,15979.88181818182,10474.654499640905,149.5058719179211,213.77236541715362,206.4084781147735,176.55602811139732,155.00068876754722,146.3176149517211,130.23223811968933,145.18681047787143,169421.17532467534,351469.3005565863,325853.02690166974,8.78991471275387,3.1292456397250965,30.716760672434354,0.03214516018675205,1133.3573007321459,30.870029590129747,13.874149029306553,2421.1387345719445
01-01-2026,Nova Scotia,10755.417359283842,15979.88181818182,10684.459514617727,149.41223219148992,214.09279590279624,208.7653927856006,176.1003800523463,155.3039737505681,146.26619684572756,129.37733306043197,145.09251722746768,169421.17532467534,351469.3005565863,325853.02690166974,9.163410354566146,3.323251874158301,31.6337766544956,0.03279294671380556,1134.406551918124,30.038760999105197,14.16727270732178,2423.454008568401
01-01-2027,Nova Scotia,11188.11104249147,15979.88181818182,11067.990635928674,149.22487486529883,214.57980961826016,212.54563605833468,175.03475124867103,155.89481746591898,146.18274520442154,127.7398602671493,144.92648821723046,169421.17532467534,351469.3005565863,325853.02690166974,10.855783434598496,3.4757261328483144,33.0495010476246,0.03397903693500201,1136.3454404085633,28.516360432853556,14.963743428563316,2427.2130160635306
01-01-2028,Nova Scotia,11727.419552507756,15979.88181818182,11554.133194664017,148.99479311746893,215.10953596176023,216.18791894143166,173.51359347388598,156.66823510458585,146.10688913710652,125.66298122028118,144.74524679025942,169421.17532467534,351469.3005565863,325853.02690166974,13.592550974459312,3.1769526941516464,34.9323981892255,0.03548311407572824,1138.6296719738616,26.603797254889262,16.069997965303667,2431.1042008467834
01-01-2029,Nova Scotia,11880.443370417695,15979.88181818182,11696.772625480757,148.93414008690524,215.17901881843997,215.78430639185842,173.28787719392025,156.8098367841142,146.06578427070568,125.42011386904008,144.68223246419865,169421.17532467534,351469.3005565863,325853.02690166974,13.945846078792739,2.8974754634198066,35.43617488655302,0.0359228190262798,1139.1910799845923,26.063009335939174,16.17350688035895,2432.349724861634
01-01-2030,Nova Scotia,12380.253371591041,15979.88181818182,12152.574607559158,148.74394853168567,215.6159608112686,217.00875376767627,171.76197580651066,157.55020999421342,146.03685233712272,123.54041144983076,144.55618198691045,169421.17532467534,351469.3005565863,325853.02690166974,16.87975914747643,2.0574848344195824,37.46563517468724,0.037332897186247424,1141.0297020240516,24.290632311034162,17.231657737744186,2434.926780695548
01-01-2031,Nova Scotia,12729.425627906481,15979.88181818182,12475.028221026629,148.65258369996985,215.88469035282964,214.2425216695707,170.70881369832566,158.05194010846793,146.06352164237052,122.39422854208064,144.52101177410995,169421.17532467534,351469.3005565863,325853.02690166974,19.075955174289163,0.97936043520165,39.17318195651603,0.0383294726707428,1141.9072516439383,23.058154468969647,17.92554597864844,2435.5903572866223
01-01-2032,Nova Scotia,12915.563753468497,15979.88181818182,12651.123370403382,148.65622264710478,215.9895687666842,207.84331397585026,170.3343405300081,158.235264050145,146.11572096930084,122.09092990345148,144.55401782727645,169421.17532467534,351469.3005565863,325853.02690166974,20.054680892451323,0.11795606597713448,40.21441894234971,0.03887190342406198,1141.9002235932567,22.40564235536215,18.150418281021622,2434.9289321363262
01-01-2033,Nova Scotia,13068.587571378212,15979.88181818182,12793.762801219942,148.59556961654087,216.0590516233633,207.43970142629144,170.1086242500432,158.3768657296728,146.07461610289957,121.84806255221147,144.49100350121535,169421.17532467534,351469.3005565863,325853.02690166974,20.40797599678362,0.11795606597713448,40.718195639674995,0.039311608374612984,1142.4616316039892,21.864854436412717,18.25392719607646,2436.174456151184
01-01-2034,Nova Scotia,13162.29316922351,15979.88181818182,12886.94204200744,148.64027334666184,216.05488875965145,199.67042521873117,170.24123087242944,158.3204761340509,146.11104641506728,122.05306434231538,144.53717041152134,169421.17532467534,351469.3005565863,325853.02690166974,20.349183895297173,0.11795606597713448,41.0783029781352,0.03959651172367073,1142.0755978106158,21.535530033298294,18.136063977040454,2435.3073029258326
01-01-2035,Nova Scotia,13246.547642504587,15979.88181818182,12972.348936686583,148.67430648454697,216.00435504773478,193.36099842312765,170.49818049662048,158.19024215791117,146.11874292653815,122.28382705934244,144.56171850646726,169421.17532467534,351469.3005565863,325853.02690166974,19.843178643328443,0.11795606597713448,41.05147578671488,0.039857117490416615,1141.7619852091166,21.23471488836304,17.905168304951616,2434.8298103578804
01-01-2020,Ontario,134713.81628450856,23522.040436364237,158013.8720646495,162.95673107276085,212.30503684570883,206.52984325606243,198.45142866978748,148.65883090640813,155.1614916336715,172.14774853294406,155.9324753054866,451889.95730728,1022857.5573022413,923662.1777132691,12.882899715957553,4.6361319314001905,33.91270311324962,0.17124539138298964,2774.041957577019,5.8438531643133755,17.051600014116577,6559.168715948957
01-01-2021,Ontario,134949.0985449588,22434.426901491704,157205.0732267652,162.9544379002658,212.1871156592492,206.12623070649047,198.33170501564143,148.68464436907567,155.1872617052853,172.1975173218541,155.95708599638925,452224.18337581167,1023567.6657582014,924332.896545605,12.357210670009604,4.337083552387027,34.77030348142226,0.17011233766333214,2775.043898781428,5.868667991231713,17.173124967861067,6565.469435816293
01-01-2022,Ontario,134937.15508044985,21805.52679865159,156679.98866870574,162.93649040467028,212.2020208833852,206.10392100892324,198.33547377363655,148.6770498706676,155.16352941524184,172.13388162015715,155.93161257933033,452108.95647238014,1023320.7860694759,924107.3750948512,12.3255291570625,4.189224747727754,35.40260226485966,0.16943439422000034,2774.728301959984,5.890502262812797,17.238499774947105,6564.2876889370045
01-01-2023,Ontario,134806.4659217086,20334.221894957245,155707.19509741478,162.9412498366672,212.2606125893947,206.05822213957535,198.4028937878371,148.6699960474856,155.15356233612223,172.1184118235999,155.92173005318554,451983.52459223475,1023070.21030712,923856.3980751196,12.509400701431142,4.46561837534917,35.50751818108191,0.16826150267691056,2774.234998397196,5.93582673492414,17.43658935646488,6561.506252906197
01-01-2024,Ontario,134692.1621440244,17852.606467629892,154215.79952938584,162.9915010498323,212.32408756112585,206.81209066434235,198.50919634278887,148.66238800679145,155.19261682501013,172.22662111253283,155.96688371317424,452025.7477977922,1023155.1540843975,923920.1342761443,12.528498874307928,4.931340742385717,35.41523098767333,0.16741165260345722,2773.9793889134817,5.981838009601771,17.765398612248006,6558.680872916507
01-01-2025,Ontario,134927.44440447458,16764.992932758927,153407.00069150233,162.98920787733726,212.20616637466716,206.4084781147735,198.3894726886434,148.68820146945902,155.21838689662394,172.276389901443,155.9914944040769,452359.9738663231,1023865.2625403559,924590.8531084786,12.002809828360563,4.632292363373218,36.27283135584492,0.16627859888380095,2774.9813301178883,6.006652836520142,17.88692356599241,6564.98159278383
01-01-2026,Ontario,135073.0670089681,13553.694805531644,151585.2994423326,163.07777732294028,212.13458753738126,208.7653927856006,198.39764680433913,148.68894687547635,155.3297707882123,172.51944719733171,156.1160530200942,452939.87604313326,1025017.958012091,925703.5126476166,11.501632570106924,4.825409269619238,36.64841132853526,0.16650274388564876,2775.6009436349873,6.031642553090265,18.29884805705471,6567.949439600564
01-01-2027,Ontario,135706.560511352,10258.762085330109,149851.57434133842,163.17451804453432,211.7575568938702,212.54563605833468,198.15048192774995,148.7177720961848,155.51146180340146,172.8405887811394,156.314616960925,454419.5705028933,1027983.4052229108,928601.7877506228,10.400090532697417,4.379043777984286,38.031802109507126,0.16763807466576472,2777.4228299915994,6.035407912997807,18.72961845507509,6582.731361046506
01-01-2028,Ontario,136860.1067603413,7561.414137488444,148615.72504039592,163.25142133613497,211.00886975698714,216.18791894143166,197.6195328684908,148.7892139107597,155.7334437645174,173.15900712980957,156.55160221068746,456796.752065584,1032790.6575993984,933305.4884198613,8.952168393020772,3.2998235193676124,40.40321607304388,0.16845221253318,2780.1100664159044,6.039884781317735,19.124413013094518,6609.425745890681
01-01-2029,Ontario,137095.3890207924,6473.800602616698,147806.92620251264,163.2491281636399,210.8909485705275,215.78430639185842,197.49980921434476,148.8150273734273,155.7592138361312,173.2087759187196,156.5762129015901,457130.97813411674,1033500.7660553608,933976.2072521994,8.426479347073125,3.000775140354482,41.26081644121628,0.16731915881352172,2781.1120076203133,6.0646996082361,19.245937966838994,6615.7264657580245
01-01-2030,Ontario,138519.0883263718,4734.235147629546,147204.42747494488,163.3001563385391,209.89025444225285,217.00875376767627,196.84684272620032,148.9197137169211,155.97529107731472,173.47067329503417,156.801659461998,459872.9102542762,1039094.352860103,939439.588567952,7.045177138305201,1.6688258357219024,44.017828994693694,0.1663053742991657,2783.7943702319053,6.09351013888202,19.572229221570254,6645.781515818273
01-01-2031,Ontario,139788.98286240446,3844.949691764558,147016.23463708974,163.33791344484794,208.8964143050459,214.2425216695707,196.32759486221784,149.02198247666217,156.14214085461802,173.6627384084528,156.97253755247314,462153.60733216425,1043788.0587033035,944011.2655449429,6.035170101739328,0.5631241233461386,46.39015347348045,0.1628423948373621,2785.618036239188,6.1492350831057205,19.819947265884114,6666.207786191423
01-01-2032,Ontario,140555.04506429666,3368.471605840824,146832.61867196937,163.372233870049,208.16797717667106,207.84331397585026,196.1153943638028,149.07917595378782,156.23321435088474,173.7823140311039,157.06526278369887,463343.18408365507,1046260.9354582512,946410.7511951809,5.435374800796617,0.5631241233461386,47.93502050738076,0.15776124278281917,2786.3117216714663,6.209794550896062,19.99464396398112,6668.54237809803
01-01-2033,Ontario,140790.3273247456,2280.858070968437,146023.8198340843,163.36994069755357,208.0500559902125,207.43970142629144,195.99567070965682,149.10498941645525,156.2589844224982,173.83208282001326,157.08987347460115,463677.41015218414,1046971.0439142057,947081.4700275115,4.909685754848708,0.5631241233461386,48.79262087555221,0.15662818906317028,2787.313662875874,6.234609377814287,20.11616891772503,6674.843097965397
01-01-2034,Ontario,140997.66698035743,1777.7805960414003,145555.00823867854,163.39427911161468,207.70591092000927,199.67042521873117,196.06357204974856,149.09855557481578,156.27351362623722,173.86504130243495,157.10605903020985,463757.3516457481,1047145.855215083,947243.9422530155,4.54516406190834,0.5631241233461386,49.60835815264811,0.15168545492336535,2787.274630342006,6.2727917257002295,20.235219056131413,6661.389449851786
01-01-2035,Ontario,140906.38626863185,1079.6096910372585,144834.96613533466,163.39527234867174,207.68562119054357,193.36099842312765,196.22467495441822,149.05136115574456,156.23793924304715,173.80400212762922,157.07202602575495,463317.9911192081,1046219.3514402433,946334.8138493379,4.210802089875655,0.5631241233461386,50.139458312545415,0.14835936764256874,2787.134330923525,6.2809741404025985,20.32526422854358,6643.304126715013
01-01-2020,Prince Edward Island,1580.148866760427,94.14477201362357,1702.0560013043637,157.36188395463478,209.84361250863628,206.52984325606243,171.41570984498645,164.2722529597023,155.90525086069016,139.6334430982403,154.44829985364453,169421.17532467534,351469.3005565863,325853.02690166974,9.86950382972727,5.4356328290857325,28.626786120158386,0.005222567338505242,1076.7171204194285,189.9934022300672,14.648416108344497,2275.8569354598026
01-01-2021,Prince Edward Island,1588.2871622581595,75.81889666771778,1684.3711794426667,157.4337378951973,209.91157026877354,206.12623070649047,171.22619720267275,164.42311498501675,156.01267543924772,139.43107417944103,154.5460798779386,169421.17532467534,351469.3005565863,325853.02690166974,9.680252875125104,5.706959867192577,29.322273356612378,0.005168735401982587,1076.0444977808,191.55043202105566,14.958389007343186,2273.9120040254065
01-01-2022,Prince Edward Island,1600.6781877937103,53.42411140999785,1686.8205700789701,157.38804750625894,209.84796072189656,206.10392100892324,171.2914664571027,164.34658108231582,155.95190536409177,139.52721351773286,154.49049210670367,169421.17532467534,351469.3005565863,325853.02690166974,9.880215468489812,5.6757752717970575,29.77527992821873,0.005175922337720478,1076.419660278228,192.11662318264865,15.160707252947532,2274.913266124347
01-01-2023,Prince Edward Island,1589.8792109908725,42.730100403165835,1639.164397870366,157.35437151234845,209.8161995139782,206.05822213957535,171.41041151758517,164.2776510920756,155.8976997731984,139.6642446433454,154.4394492570098,169421.17532467534,351469.3005565863,325853.02690166974,9.902123265118155,5.271084125512749,30.714363124885235,0.005029757953253806,1076.739936644163,198.8192105719698,15.319719566191214,2275.9300987359343
01-01-2024,Prince Edward Island,1557.889957366256,29.059087479688912,1525.7204080794884,157.40552934871002,209.91521666521757,206.81209066434235,171.39511791541864,164.33719585909196,155.95780671711893,139.5633111748713,154.49462231405727,169421.17532467534,351469.3005565863,325853.02690166974,9.662013081387666,4.7716681213327465,32.09556264280437,0.004682932277608668,1076.4115708355012,212.6132939376056,15.511295537115348,2275.147416777915
01-01-2025,Prince Edward Island,1566.0282528639998,10.733212133807683,1508.0355862178176,157.47738328927247,209.98317442535483,206.4084781147735,171.20560527310587,164.488057884406,156.0652312956763,139.36094225607312,154.59240233835115,169421.17532467534,351469.3005565863,325853.02690166974,9.472762126785502,5.042995159438879,32.791049879257095,0.00462910034108609,1075.7389481968737,214.17032372859006,15.821268436113296,2273.2024853435228
01-01-2026,Prince Edward Island,1521.219115847177,10.733212133807683,1337.64053366698,157.67864477169482,210.26948611801564,208.7653927856006,170.76681956041358,164.81000096314648,156.35265491876712,138.66455693068662,154.86255072499893,169421.17532467534,351469.3005565863,325853.02690166974,9.091398858190457,4.892411311381627,34.703669348452785,0.004109579951872395,1074.156571005599,233.20411380702518,16.31265720680489,2268.54046713798
01-01-2027,Prince Edward Island,1475.2708628912908,10.733212133807683,1143.845727986817,158.03889306298595,210.71089535636804,212.54563605833468,169.74447666815058,165.4401225078706,156.8992559273678,137.24147951225478,155.381247079986,169421.17532467534,351469.3005565863,325853.02690166974,8.81111432195926,5.3952012629190005,37.25199360772533,0.0035204999293004563,1071.1572152258505,253.30545546954508,17.37065768599531,2259.2422343290295
01-01-2028,Prince Edward Island,1439.2721241593388,10.733212133807683,970.0351992784574,158.48769544962119,211.1986552408872,216.18791894143166,168.30264356490378,166.26808574410887,157.60345254693917,135.3843691059876,156.05487502347333,169421.17532467534,351469.3005565863,325853.02690166974,8.801369879454153,6.48641923079407,40.295539807869076,0.0029940471644564867,1067.294692174802,269.9312327705224,18.99663557973108,2246.9633913638595
01-01-2029,Prince Edward Island,1447.4104196570504,10.733212133807683,952.350377416713,158.55954939018375,211.2666130010245,215.78430639185842,168.11313092258976,166.41894776942345,157.7108771254969,135.18200018718784,156.15265504776752,169421.17532467534,351469.3005565863,325853.02690166974,8.612118924852108,6.757746268900677,40.99102704432354,0.002940215227933688,1066.6220695361733,271.4882625615176,19.306608478729995,2245.018459929461
01-01-2030,Prince Edward Island,1428.3827633748429,10.733212133807683,830.9321923397904,158.97542871110437,211.6774884732728,217.00875376767627,166.69897078210002,167.21491558487767,158.3748305591247,133.4869041028511,156.79310584765437,169421.17532467534,351469.3005565863,325853.02690166974,8.843753984437402,8.043207154247185,44.04290873973075,0.0025740595673435767,1062.9756141613486,281.8613274874199,21.147021941951053,2233.295892693813
01-01-2031,Prince Edward Island,1427.4951586289524,10.733212133807683,769.8604563469275,159.25014390251644,211.93802998268768,214.2425216695707,165.76442624861357,167.75772394452133,158.8144010985086,132.4717311519147,157.22156341697962,169421.17532467534,351469.3005565863,325853.02690166974,9.13138555204506,9.078038646448247,46.47873646363536,0.0023909247960200507,1060.570448450519,285.9403396886401,22.682003627191783,2225.5675627693627
01-01-2032,Prince Edward Island,1440.829601047298,10.733212133807683,754.0086730472187,159.34299899257013,212.0457873643411,207.84331397585026,165.47005545657208,167.95941250935826,158.9608598442093,132.2337718771069,157.36722148869396,169421.17532467534,351469.3005565863,325853.02690166974,9.28080951226801,9.649815222204534,47.89895619624413,0.0023437273658338917,1059.8224748873788,285.7968632043395,23.546890956086624,2223.193577075776
01-01-2033,Prince Edward Island,1448.9678965450926,10.733212133807683,736.3238511856475,159.4148529331323,212.11374512447787,207.43970142629144,165.28054281425872,168.1102745346723,159.06828442276642,132.03140295830795,157.46500151298764,169421.17532467534,351469.3005565863,325853.02690166974,9.091558557665476,9.921142260311033,48.594443432694305,0.00228989542931162,1059.1498522487525,287.3538929953101,23.85686385508375,2221.248645641386
01-01-2034,Prince Edward Island,1470.043426780873,10.733212133807683,741.1108261459781,159.36693933007368,212.1151545608887,199.67042521873117,165.41467009296485,168.05269252070454,158.99591661056192,132.2221828499753,157.39527176297906,169421.17532467534,351469.3005565863,325853.02690166974,9.035649883935141,10.131480635204303,49.07168030271397,0.002303813159828283,1059.681591152018,285.5451502699387,24.059253275774804,2222.8740428150836
01-01-2035,Prince Edward Island,1492.8259745156063,10.733212133807683,747.6815707530268,159.26934641731202,212.06890679349777,193.36099842312765,165.59254020232376,167.9127396501146,158.85966380063397,132.3590695071699,157.25940948836183,169421.17532467534,351469.3005565863,325853.02690166974,8.852487852027181,10.242271228290726,49.07357926142382,0.0023222928987150313,1060.6204964886088,283.7006112676803,23.92719186534489,2225.5552822294653
01-01-2020,Quebec,76759.17417607292,36367.18710112651,111871.46333839303,165.59305136644463,211.04419067896845,206.52984325606243,199.51208127780566,153.00724014542726,157.33899676464313,156.87172606388486,157.80447184279467,390060.6403227195,821507.7601876155,779748.8418997623,23.770272363528154,4.746277563803604,26.421046044580656,0.14615991433163059,2353.6286912748205,6.84909492939818,18.31507652147464,5207.869725003168
01-01-2021,Quebec,78436.3905737816,37119.78129888007,114349.23429968025,165.621994180304,211.11413577066395,206.12623070649047,199.43360263547768,153.14540338558393,157.39327170842324,156.93657750551404,157.84683621253345,390348.4800895571,822342.704539754,780531.7708854359,24.074507398412358,4.591281901698496,26.47349257691607,0.1506207080589557,2356.6403855084145,6.631555022147549,18.389711793053173,5207.869725003168
01-01-2022,Quebec,80426.75453331535,38078.58899987692,117347.34107787095,165.58913062057857,211.04632330305395,206.10392100892324,199.41109213797387,153.07695400014148,157.3547677135406,156.87888249808478,157.81374509242312,390271.9762544529,821953.1723536695,780177.6303807182,24.512647417638764,4.561677419323709,26.193539355204052,0.15448338246681503,2355.531104675747,6.4477351346097285,18.430412892261167,5207.869725003168
01-01-2023,Quebec,81758.00862379669,38130.94798333767,119450.12746638745,165.5762101825335,211.01357852106284,206.05822213957535,199.46445921060047,153.015141419524,157.3286693948264,156.85019906138672,157.79245228004316,390131.6116483618,821558.9302712667,779807.2171154628,24.598736640426303,4.261433310365383,25.48323602867602,0.15762439683786,2355.852567383076,6.311561115877301,18.119841224917582,5207.869725003168
01-01-2024,Quebec,82636.82843928768,37372.94389972973,121321.82611409847,165.641673047909,211.12235371906453,206.81209066434235,199.59961744162106,153.06622986707004,157.38726226951073,156.92519920522275,157.8479419954622,390101.4458926439,821857.8057249736,780064.3157133465,24.42704678885374,3.6922961251016737,24.67394121855226,0.1607432618303968,2352.2810975278794,6.179558388304114,17.60360530816154,5207.869725003168
01-01-2025,Quebec,84314.044836996,38125.538097483135,123799.59707538439,165.67061586176837,211.19229881076004,206.4084781147735,199.5211387992935,153.20439310722634,157.44153721329073,156.99005064685187,157.89030636520087,390389.28565948055,822692.7500771096,780847.2446990176,24.731281823737508,3.5373004629965314,24.726387750886655,0.16520405555772047,2355.292791761472,5.962018481053568,17.678240579739562,5207.869725003168
01-01-2026,Quebec,85295.30565015465,37137.88846880774,126509.64577365066,165.8555966209893,211.5019507892607,208.7653927856006,199.6195257211416,153.4893189054588,157.65788940029154,157.19626411600814,158.087744431966,390848.6637982164,824582.7188404722,782586.4734160467,24.651179769647413,2.871834506533189,24.409563604368415,0.16914191702957093,2338.6424973074563,5.783027384246851,17.33021400163015,5207.869725003168
01-01-2027,Quebec,86855.34303562072,36613.13668033443,130623.79538883081,166.1551461376264,211.9753463860457,212.54563605833468,199.51609722638483,154.05408040449387,158.05637551745278,157.48711174326934,158.4494124996644,392139.1588575372,828500.7979436966,786251.0705171443,25.030186819775928,2.350211358579909,25.02473394422132,0.1742646871418597,2303.4360243530514,5.535527694892133,17.50137543504987,5207.869725003168
01-01-2028,Quebec,89049.39941746125,36918.06218727019,135708.11333508493,166.5133329944341,212.49352765222105,216.18791894143166,199.149978111496,154.80587655175248,158.57868995265147,157.77456581366323,158.92462345185743,394224.9079422269,833875.5916414964,791333.9578389022,25.96650066324184,2.121935959611946,26.503923373129137,0.18019728730746906,2255.8277579137643,5.242194852742674,18.251815957205732,5207.869725003168
01-01-2029,Quebec,90726.6158151706,37670.65638502367,138185.88429637445,166.5422758082936,212.56347274391658,215.78430639185842,199.07149946916797,154.94403979190932,158.6329648964317,157.8394172552924,158.96698782159626,394512.74770906515,834710.5359936361,792116.8868245771,26.270735698126135,1.9669402975068893,26.55636990546467,0.1846580810347936,2258.839452147368,5.024654945492081,18.32645122878434,5207.869725003168
01-01-2030,Quebec,93191.47297890001,38673.11602635565,143118.22448277456,166.8764022600465,212.99416790127006,217.00875376767627,198.56518248543014,155.67817326537894,159.15322878279378,158.05354320081977,159.4440769190466,396865.3557443696,840078.3251423005,797242.3659592378,27.515160046201625,2.0032074475249235,28.33174170599051,0.19058348821210933,2217.6556911649986,4.732939968613334,19.371743537893096,5207.869725003168
01-01-2031,Quebec,95459.70687811277,39933.33011178843,146917.07853203788,167.11509052279771,213.26134888346238,214.2425216695707,198.1486690468776,156.18950821192885,159.53907372956104,158.17698948502883,159.80282882019688,398731.11752409255,843890.6081336469,800920.3574082586,28.665306792724042,2.1415471187032784,29.708242389953817,0.19584355593007963,2205.407412196566,4.479100909598501,20.28676152194227,5207.869725003168
01-01-2032,Quebec,97306.44083759058,41065.267091081805,149392.32512150495,167.22647366287052,213.36645598751736,207.84331397585026,197.99027799273958,156.38796699404924,159.71766198738194,158.2321689457617,159.9731513234959,399601.1860497716,845426.4569384056,802428.380691718,29.44568231412385,2.2124764300644566,30.295107967803617,0.20034152980078423,2234.0502299660347,4.265765540746663,20.78664962862896,5207.869725003168
01-01-2033,Quebec,98983.65723530088,41817.86128883708,151870.09608279506,167.25541647672944,213.43640107921235,207.43970142629144,197.91179935041146,156.52613023420557,159.77193693116152,158.29702038739057,160.0155156932341,399889.02581660764,846261.4012905413,803211.3096773889,29.74991734900732,2.05748076795951,30.347554500138344,0.20480232352811045,2237.061924199543,4.048225633495936,20.86128490020705,5207.869725003168
01-01-2034,Quebec,100518.8970797127,42719.654966315036,153581.3759819335,167.25540043560338,213.43199662175178,199.67042521873117,197.9940331286808,156.47765302022214,159.76390601994493,158.30693900954617,160.0108255972772,399827.68500218075,845992.0064482379,802972.1442625206,30.17030442949036,1.9940816257471208,30.238692442219154,0.20891544254063543,2299.1506209283093,3.851777869142748,20.953904532203435,5207.869725003168
01-01-2035,Quebec,101997.41733604266,43526.59055524006,155237.27148988988,167.19551261380533,213.3807425272415,193.36099842312765,198.14284229147296,156.34302562754243,159.66418572637113,158.27384540469987,159.9154407567175,399389.7850804867,845126.81558535,802142.695947069,30.453126777340245,1.8464592388696313,29.840534088172642,0.2130653944575568,2371.498804228868,3.6488625324664925,20.865682840032058,5207.869725003168
01-01-2020,Saskatchewan,10973.578877365566,1206.0211233648022,12207.164513343756,158.1071489069224,208.35392065810723,206.52984325606243,191.46255651694588,151.50290843847569,149.7200157760332,151.84547753567847,149.3756905630442,11145.9717823671,36603.5522769907,35803.01251610271,5.700475504351592,6.244274037393465,28.29801414723828,0.3398951012624957,70.48750209377576,2.941656682222595,13.456390726930751,245.0954134583194
01-01-2021,Saskatchewan,10974.212202759665,1165.3562599208974,12197.071483920312,158.0599805695609,208.42184959833205,206.12623070649047,191.35444050395108,151.57624549332425,149.68403629106018,151.94928381671795,149.32882681770326,11154.477440773026,36626.21019318039,35785.38698384971,5.611660352469647,6.306842320646118,29.362868218022417,0.3391864525080278,70.54362136261949,2.9458900356946036,13.789553762926394,245.0954134583194
01-01-2022,Saskatchewan,10975.838431464374,1137.3255558176002,12169.584452429091,158.06297722684943,208.3547045441155,206.10392100892324,191.32963505743015,151.5315963187571,149.6902972654011,151.86431235444473,149.33985665916143,11151.311578894278,36613.27499894499,35789.426119211785,5.624595690769512,6.327247815428869,29.360423372827153,0.33779606344263896,70.5451790931709,2.95713386439272,13.831572484976693,245.0954134583194
01-01-2023,Saskatchewan,10855.691932256685,1145.5095388843624,12038.945625959475,158.09334738438318,208.32299221197934,206.05822213957535,191.3983215777073,151.49351184579052,149.71512719445508,151.81238638907078,149.371187790765,11147.651120121283,36595.738871326226,35792.374887699894,5.754920845518826,6.502324691972148,28.804120740305518,0.33420226877708875,70.51132185436921,2.9876049671776777,13.856460455806907,245.0954134583194
01-01-2024,Saskatchewan,10671.693153741902,1166.8896920723716,11832.701721708047,158.12496042650835,208.4321884884522,206.81209066434235,191.57777871865179,151.54441408498454,149.7262547097707,151.92869817152877,149.3790483471786,11146.993326578386,36616.69297881572,35806.08448111957,5.925855172953142,6.759998648505492,29.023802766106577,0.3307488168396624,70.46266592904234,3.0219515101298002,14.148705914814146,245.0954134583194
01-01-2025,Saskatchewan,10672.326479135878,1126.2248286285296,11822.608692284486,158.07779208914718,208.500117428677,206.4084781147735,191.4696627056574,151.61775113983282,149.69027522479794,152.03250445256813,149.33218460183792,11155.498984984275,36639.35089500534,35788.458948866624,5.837040021071287,6.822566931758029,30.08865683688836,0.33004016808519016,70.51878519788679,3.026184863601849,14.481868950809265,245.0954134583194
01-01-2026,Saskatchewan,10539.69543020671,1119.046382660658,11619.924389002552,158.0397955284624,208.8077651830618,208.7653927856006,191.62256065107758,151.83877792464992,149.62708430296397,152.4039188019502,149.24067497979675,11163.243056465477,36757.347471175985,35825.045164605355,5.953268978896126,7.102102519170957,32.40443277108723,0.33048879323368974,70.54073488371684,3.0405666330304255,15.272000224946309,245.0954134583194
01-01-2027,Saskatchewan,10551.326420956031,1053.0085952714103,11501.137212272915,157.87292535703563,209.27543169239323,212.54563605833468,191.54436391999963,152.24645425352549,149.45425448737495,152.99093126458618,149.00805328791606,11183.395179524283,36997.375645769185,35881.084146184745,5.9523342576516844,7.397217601282279,37.08316342252233,0.3372670445928452,70.68580235220452,3.0185881021988967,16.546026737293648,245.0954134583194
01-01-2028,Saskatchewan,10710.567178921212,932.9304381831471,11495.728934402294,157.59239834815847,209.7845944375134,216.18791894143166,191.14613884128292,152.75769858018694,149.20539145430763,153.63862506645978,148.67948444442757,11215.40612447115,37310.94293826027,35930.78358566026,5.835477779053224,7.730228703642833,43.00967846929028,0.34914506596530615,70.85746212123242,2.9632896214501683,18.015586359884942,245.0954134583194
01-01-2029,Saskatchewan,10711.200504315317,892.2655747392128,11485.635904978773,157.54523001079696,209.8525233777383,215.78430639185842,191.03802282828812,152.83103563503556,149.16941196933462,153.7424313474993,148.63262069908654,11223.911782877078,37333.60085444992,35913.1580534073,5.746662627171413,7.792796986895543,44.074532540075346,0.34843641721083785,70.9135813900756,2.9675229749221708,18.348749395880784,245.0954134583194
01-01-2030,Saskatchewan,10933.584427888194,755.4783836021661,11558.504627767603,157.24840617792097,210.2733709735977,217.00875376767627,190.4535855195108,153.2992275377385,148.93732201701613,154.2721407861623,148.32626682050997,11261.974420980916,37607.60485010456,35920.50999728175,5.566359395052227,8.157475981158715,49.43638231937183,0.36073813191885273,70.86097722757535,2.899451158591833,19.618754134637932,245.0954134583194
01-01-2031,Saskatchewan,11113.202907520432,645.2934518647752,11642.446326506128,157.05149207640224,210.53320413535303,214.2425216695707,189.95990964626512,153.60082612008753,148.81138494680795,154.58193353527847,148.1548115979989,11297.549457361936,37725.80432005985,35864.66219720263,5.382640349033705,8.494536753533175,52.88505149142809,0.36814701206974726,70.33643938077036,2.8428350626202175,20.427496882653905,245.0954134583194
01-01-2032,Saskatchewan,11194.185894812741,582.7565381312088,11687.599551622212,157.00537508848367,210.6354370757283,207.84331397585026,189.7714937443907,153.70210346032223,148.81076451079164,154.68337649686126,148.14380748086543,11323.578914522184,37641.95441180393,35759.44104724786,5.224900006169236,8.725612952511925,54.26422313896264,0.3679753260868584,69.31663319608444,2.8117130056521296,20.776268417657562,245.0954134583194
01-01-2033,Saskatchewan,11194.819220206877,542.0916746872841,11677.506522198813,156.9582067511221,210.70336601595258,207.43970142629144,189.66337773139574,153.77544051517037,148.7747850258184,154.7871827779004,148.0969437355243,11332.084572928075,37664.61232799385,35741.81551499502,5.136084854287136,8.788181235763652,55.32907720974596,0.3672666773323938,69.37275246492987,2.815946359124186,21.109431453652928,245.0954134583194
01-01-2034,Saskatchewan,11195.398291095673,517.2006216525706,11678.141999609845,157.0154960635703,210.69995015008223,199.67042521873117,189.7703719785102,153.73943340159641,148.83838145013294,154.7627081600574,148.17226878255653,11345.880476144572,37432.90372408711,35631.33724786789,4.994172428619597,8.881920362550428,55.49114223154848,0.36088252186755243,68.155132380016,2.809254276087382,21.202031939600083,245.0954134583194
01-01-2035,Saskatchewan,11173.770969655734,503.65224134792487,11660.72720732559,157.07788233519207,210.65109845618525,193.36099842312765,189.96204314930745,153.67202761907765,148.88154795170115,154.69317528468358,148.22852301123484,11349.033212779475,37171.82915358703,35562.32718216009,4.840180994766776,8.887234897958448,55.479023584386084,0.3523819965219393,67.22041721139168,2.8164248896562447,21.265821476234468,245.0954134583194
