Date,GEO,Number_of_Houses
2024-01-01,Ontario,5989643.270145326
2024-02-01,Ontario,5994781.94749484
2024-03-01,Ontario,6000091.914089339
2024-04-01,Ontario,6005401.880683837
2024-05-01,Ontario,6010197.979543384
2024-06-01,Ontario,6015507.946137883
2024-07-01,Ontario,6020646.623487398
2024-08-01,Ontario,6025956.590081896
2024-09-01,Ontario,6031095.26743141
2024-10-01,Ontario,6036405.234025909
2024-11-01,Ontario,6041715.200620407
2024-12-01,Ontario,6046853.877969922
2025-01-01,Ontario,6052163.84456442
2025-02-01,Ontario,6057302.521913935
2025-03-01,Ontario,6062612.488508433
2025-04-01,Ontario,6067922.455102932
2025-05-01,Ontario,6072718.5539624775
2025-06-01,Ontario,6078028.520556977
2025-07-01,Ontario,6083167.197906491
2025-08-01,Ontario,6088477.16450099
2025-09-01,Ontario,6093615.841850505
2025-10-01,Ontario,6098925.808445003
2025-11-01,Ontario,6104235.775039501
2025-12-01,Ontario,6109374.452389016
2026-01-01,Ontario,6114684.418983514
2026-02-01,Ontario,6119823.096333029
2026-03-01,Ontario,6125133.062927527
2026-04-01,Ontario,6130443.029522026
2026-05-01,Ontario,6135239.128381573
2026-06-01,Ontario,6140549.094976071
2026-07-01,Ontario,6145687.7723255865
2026-08-01,Ontario,6150997.738920084
2026-09-01,Ontario,6156136.4162695985
2026-10-01,Ontario,6161446.382864097
2026-11-01,Ontario,6166756.349458595
2026-12-01,Ontario,6171895.02680811
2027-01-01,Ontario,6177204.993402609
2027-02-01,Ontario,6182343.670752124
2027-03-01,Ontario,6187653.637346622
2027-04-01,Ontario,6192963.60394112
2027-05-01,Ontario,6197930.99204565
2027-06-01,Ontario,6203240.958640149
2027-07-01,Ontario,6208379.635989664
2027-08-01,Ontario,6213689.602584161
2027-09-01,Ontario,6218828.279933676
2027-10-01,Ontario,6224138.246528176
2027-11-01,Ontario,6229448.213122673
2027-12-01,Ontario,6234586.890472189
2028-01-01,Ontario,6239896.857066686
2028-02-01,Ontario,6245035.5344162015
2028-03-01,Ontario,6250345.5010107
2028-04-01,Ontario,6255655.467605199
2028-05-01,Ontario,6260451.566464745
2028-06-01,Ontario,6265761.533059242
2028-07-01,Ontario,6270900.210408757
2028-08-01,Ontario,6276210.177003256
2028-09-01,Ontario,6281348.854352771
2028-10-01,Ontario,6286658.82094727
2028-11-01,Ontario,6291968.787541768
2028-12-01,Ontario,6297107.464891282
2029-01-01,Ontario,6302417.431485781
2029-02-01,Ontario,6307556.108835295
2029-03-01,Ontario,6312866.075429793
2029-04-01,Ontario,6318176.042024292
2029-05-01,Ontario,6322972.140883839
2029-06-01,Ontario,6328282.107478337
2029-07-01,Ontario,6333420.784827853
2029-08-01,Ontario,6338730.75142235
2029-09-01,Ontario,6343869.428771865
2029-10-01,Ontario,6349179.395366363
2029-11-01,Ontario,6354489.361960863
2029-12-01,Ontario,6359628.039310376
2030-01-01,Ontario,6364938.005904875
2030-02-01,Ontario,6370076.68325439
2030-03-01,Ontario,6375386.649848889
2030-04-01,Ontario,6380696.616443386
2030-05-01,Ontario,6385492.715302934
2030-06-01,Ontario,6390802.681897432
2030-07-01,Ontario,6395941.359246947
2030-08-01,Ontario,6401251.325841445
2030-09-01,Ontario,6406390.003190959
2030-10-01,Ontario,6411699.9697854575
2030-11-01,Ontario,6417009.936379956
2030-12-01,Ontario,6422148.613729471
2031-01-01,Ontario,6427458.580323969
2031-02-01,Ontario,6432597.257673483
2031-03-01,Ontario,6437907.224267983
2031-04-01,Ontario,6443217.19086248
2031-05-01,Ontario,6448184.578967011
2031-06-01,Ontario,6453494.54556151
2031-07-01,Ontario,6458633.222911025
2031-08-01,Ontario,6463943.189505522
2031-09-01,Ontario,6469081.866855037
2031-10-01,Ontario,6474391.833449536
2031-11-01,Ontario,6479701.800044034
2031-12-01,Ontario,6484840.477393549
2032-01-01,Ontario,6490150.443988048
2032-02-01,Ontario,6495289.121337561
2032-03-01,Ontario,6500599.08793206
2032-04-01,Ontario,6505909.054526558
2032-05-01,Ontario,6510705.153386107
2032-06-01,Ontario,6516015.119980603
2032-07-01,Ontario,6521153.797330119
2032-08-01,Ontario,6526463.763924617
2032-09-01,Ontario,6531602.441274132
2032-10-01,Ontario,6536912.40786863
2032-11-01,Ontario,6542222.374463129
2032-12-01,Ontario,6547361.051812642
2033-01-01,Ontario,6552671.018407141
2033-02-01,Ontario,6557809.695756656
2033-03-01,Ontario,6563119.662351155
2033-04-01,Ontario,6568429.628945652
2033-05-01,Ontario,6573225.7278052
2033-06-01,Ontario,6578535.694399699
2033-07-01,Ontario,6583674.371749212
2033-08-01,Ontario,6588984.338343712
2033-09-01,Ontario,6594123.015693227
2033-10-01,Ontario,6599432.982287724
2033-11-01,Ontario,6604742.948882222
2033-12-01,Ontario,6609881.626231737
2034-01-01,Ontario,6615191.592826236
2034-02-01,Ontario,6620330.27017575
2034-03-01,Ontario,6625640.236770248
2034-04-01,Ontario,6630950.203364748
2034-05-01,Ontario,6635746.302224293
2034-06-01,Ontario,6641056.268818793
2034-07-01,Ontario,6646194.946168306
2034-08-01,Ontario,6651504.912762805
2034-09-01,Ontario,6656643.59011232
2034-10-01,Ontario,6661953.556706817
2034-11-01,Ontario,6667263.523301317
2034-12-01,Ontario,6672402.200650832
2035-01-01,Ontario,6677712.167245329
2035-02-01,Ontario,6682850.844594844
2035-03-01,Ontario,6688160.811189342
2035-04-01,Ontario,6693470.777783841
2035-05-01,Ontario,6698438.165888371
2035-06-01,Ontario,6703748.132482871
2035-07-01,Ontario,6708886.809832385
2035-08-01,Ontario,6714196.776426883
2035-09-01,Ontario,6719335.453776398
2035-10-01,Ontario,6724645.420370895
2035-11-01,Ontario,6729955.386965395
2035-12-01,Ontario,6735094.06431491
2024-01-01,Prince Edward Island,68311.71916256977
2024-02-01,Prince Edward Island,68398.85266918574
2024-03-01,Prince Edward Island,68488.89062602227
2024-04-01,Prince Edward Island,68578.9285828588
2024-05-01,Prince Edward Island,68660.2531890337
2024-06-01,Prince Edward Island,68750.29114587021
2024-07-01,Prince Edward Island,68837.42465248621
2024-08-01,Prince Edward Island,68927.46260932271
2024-09-01,Prince Edward Island,69014.59611593871
2024-10-01,Prince Edward Island,69104.63407277521
2024-11-01,Prince Edward Island,69194.67202961173
2024-12-01,Prince Edward Island,69281.80553622771
2025-01-01,Prince Edward Island,69371.84349306423
2025-02-01,Prince Edward Island,69458.97699968022
2025-03-01,Prince Edward Island,69549.01495651674
2025-04-01,Prince Edward Island,69639.05291335324
2025-05-01,Prince Edward Island,69720.37751952815
2025-06-01,Prince Edward Island,69810.41547636468
2025-07-01,Prince Edward Island,69897.54898298066
2025-08-01,Prince Edward Island,69987.58693981718
2025-09-01,Prince Edward Island,70074.72044643314
2025-10-01,Prince Edward Island,70164.75840326966
2025-11-01,Prince Edward Island,70254.79636010618
2025-12-01,Prince Edward Island,70341.92986672216
2026-01-01,Prince Edward Island,70431.96782355869
2026-02-01,Prince Edward Island,70519.10133017467
2026-03-01,Prince Edward Island,70609.13928701117
2026-04-01,Prince Edward Island,70699.17724384769
2026-05-01,Prince Edward Island,70780.5018500226
2026-06-01,Prince Edward Island,70870.53980685913
2026-07-01,Prince Edward Island,70957.67331347511
2026-08-01,Prince Edward Island,71047.71127031161
2026-09-01,Prince Edward Island,71134.8447769276
2026-10-01,Prince Edward Island,71224.88273376413
2026-11-01,Prince Edward Island,71314.92069060064
2026-12-01,Prince Edward Island,71402.05419721662
2027-01-01,Prince Edward Island,71492.09215405313
2027-02-01,Prince Edward Island,71579.22566066911
2027-03-01,Prince Edward Island,71669.26361750563
2027-04-01,Prince Edward Island,71759.30157434214
2027-05-01,Prince Edward Island,71843.5306307376
2027-06-01,Prince Edward Island,71933.56858757412
2027-07-01,Prince Edward Island,72020.70209419008
2027-08-01,Prince Edward Island,72110.7400510266
2027-09-01,Prince Edward Island,72197.87355764258
2027-10-01,Prince Edward Island,72287.91151447911
2027-11-01,Prince Edward Island,72377.94947131563
2027-12-01,Prince Edward Island,72465.0829779316
2028-01-01,Prince Edward Island,72555.12093476811
2028-02-01,Prince Edward Island,72642.25444138411
2028-03-01,Prince Edward Island,72732.29239822061
2028-04-01,Prince Edward Island,72822.33035505714
2028-05-01,Prince Edward Island,72903.65496123205
2028-06-01,Prince Edward Island,72993.69291806855
2028-07-01,Prince Edward Island,73080.82642468455
2028-08-01,Prince Edward Island,73170.86438152105
2028-09-01,Prince Edward Island,73257.99788813705
2028-10-01,Prince Edward Island,73348.03584497356
2028-11-01,Prince Edward Island,73438.07380181007
2028-12-01,Prince Edward Island,73525.20730842605
2029-01-01,Prince Edward Island,73615.24526526258
2029-02-01,Prince Edward Island,73702.37877187856
2029-03-01,Prince Edward Island,73792.41672871508
2029-04-01,Prince Edward Island,73882.45468555158
2029-05-01,Prince Edward Island,73963.77929172652
2029-06-01,Prince Edward Island,74053.81724856302
2029-07-01,Prince Edward Island,74140.950755179
2029-08-01,Prince Edward Island,74230.98871201552
2029-09-01,Prince Edward Island,74318.1222186315
2029-10-01,Prince Edward Island,74408.160175468
2029-11-01,Prince Edward Island,74498.19813230455
2029-12-01,Prince Edward Island,74585.3316389205
2030-01-01,Prince Edward Island,74675.36959575703
2030-02-01,Prince Edward Island,74762.50310237301
2030-03-01,Prince Edward Island,74852.54105920953
2030-04-01,Prince Edward Island,74942.57901604603
2030-05-01,Prince Edward Island,75023.90362222097
2030-06-01,Prince Edward Island,75113.94157905747
2030-07-01,Prince Edward Island,75201.07508567345
2030-08-01,Prince Edward Island,75291.11304250998
2030-09-01,Prince Edward Island,75378.24654912596
2030-10-01,Prince Edward Island,75468.28450596248
2030-11-01,Prince Edward Island,75558.32246279898
2030-12-01,Prince Edward Island,75645.45596941496
2031-01-01,Prince Edward Island,75735.49392625148
2031-02-01,Prince Edward Island,75822.62743286746
2031-03-01,Prince Edward Island,75912.665389704
2031-04-01,Prince Edward Island,76002.70334654051
2031-05-01,Prince Edward Island,76086.93240293594
2031-06-01,Prince Edward Island,76176.97035977246
2031-07-01,Prince Edward Island,76264.10386638844
2031-08-01,Prince Edward Island,76354.14182322497
2031-09-01,Prince Edward Island,76441.27532984095
2031-10-01,Prince Edward Island,76531.31328667745
2031-11-01,Prince Edward Island,76621.35124351397
2031-12-01,Prince Edward Island,76708.48475012995
2032-01-01,Prince Edward Island,76798.52270696647
2032-02-01,Prince Edward Island,76885.65621358246
2032-03-01,Prince Edward Island,76975.69417041897
2032-04-01,Prince Edward Island,77065.73212725548
2032-05-01,Prince Edward Island,77147.0567334304
2032-06-01,Prince Edward Island,77237.09469026691
2032-07-01,Prince Edward Island,77324.2281968829
2032-08-01,Prince Edward Island,77414.26615371942
2032-09-01,Prince Edward Island,77501.39966033539
2032-10-01,Prince Edward Island,77591.4376171719
2032-11-01,Prince Edward Island,77681.47557400844
2032-12-01,Prince Edward Island,77768.60908062442
2033-01-01,Prince Edward Island,77858.64703746093
2033-02-01,Prince Edward Island,77945.7805440769
2033-03-01,Prince Edward Island,78035.81850091342
2033-04-01,Prince Edward Island,78125.85645774993
2033-05-01,Prince Edward Island,78207.18106392486
2033-06-01,Prince Edward Island,78297.21902076137
2033-07-01,Prince Edward Island,78384.35252737736
2033-08-01,Prince Edward Island,78474.39048421386
2033-09-01,Prince Edward Island,78561.52399082985
2033-10-01,Prince Edward Island,78651.56194766636
2033-11-01,Prince Edward Island,78741.59990450289
2033-12-01,Prince Edward Island,78828.73341111887
2034-01-01,Prince Edward Island,78918.77136795537
2034-02-01,Prince Edward Island,79005.90487457135
2034-03-01,Prince Edward Island,79095.94283140788
2034-04-01,Prince Edward Island,79185.98078824439
2034-05-01,Prince Edward Island,79267.30539441931
2034-06-01,Prince Edward Island,79357.34335125583
2034-07-01,Prince Edward Island,79444.47685787179
2034-08-01,Prince Edward Island,79534.51481470832
2034-09-01,Prince Edward Island,79621.6483213243
2034-10-01,Prince Edward Island,79711.68627816082
2034-11-01,Prince Edward Island,79801.72423499734
2034-12-01,Prince Edward Island,79888.8577416133
2035-01-01,Prince Edward Island,79978.89569844982
2035-02-01,Prince Edward Island,80066.02920506582
2035-03-01,Prince Edward Island,80156.06716190233
2035-04-01,Prince Edward Island,80246.10511873885
2035-05-01,Prince Edward Island,80330.33417513428
2035-06-01,Prince Edward Island,80420.3721319708
2035-07-01,Prince Edward Island,80507.5056385868
2035-08-01,Prince Edward Island,80597.54359542331
2035-09-01,Prince Edward Island,80684.67710203929
2035-10-01,Prince Edward Island,80774.71505887581
2035-11-01,Prince Edward Island,80864.75301571228
2035-12-01,Prince Edward Island,80951.88652232828
2024-01-01,Quebec,3911229.422469461
2024-02-01,Quebec,3914277.8323991196
2024-03-01,Quebec,3917427.855993101
2024-04-01,Quebec,3920577.8795870817
2024-05-01,Quebec,3923423.0621880963
2024-06-01,Quebec,3926573.085782078
2024-07-01,Quebec,3929621.495711737
2024-08-01,Quebec,3932771.5193057177
2024-09-01,Quebec,3935819.9292353764
2024-10-01,Quebec,3938969.952829358
2024-11-01,Quebec,3942119.976423339
2024-12-01,Quebec,3945168.3863529977
2025-01-01,Quebec,3948318.4099469786
2025-02-01,Quebec,3951366.819876638
2025-03-01,Quebec,3954516.8434706186
2025-04-01,Quebec,3957666.8670645994
2025-05-01,Quebec,3960512.049665615
2025-06-01,Quebec,3963662.073259596
2025-07-01,Quebec,3966710.4831892555
2025-08-01,Quebec,3969860.5067832363
2025-09-01,Quebec,3972908.916712895
2025-10-01,Quebec,3976058.940306876
2025-11-01,Quebec,3979208.9639008567
2025-12-01,Quebec,3982257.3738305154
2026-01-01,Quebec,3985407.3974244962
2026-02-01,Quebec,3988455.807354156
2026-03-01,Quebec,3991605.8309481367
2026-04-01,Quebec,3994755.8545421176
2026-05-01,Quebec,3997601.037143133
2026-06-01,Quebec,4000751.060737114
2026-07-01,Quebec,4003799.4706667727
2026-08-01,Quebec,4006949.4942607535
2026-09-01,Quebec,4009997.9041904123
2026-10-01,Quebec,4013147.927784393
2026-11-01,Quebec,4016297.951378375
2026-12-01,Quebec,4019346.3613080336
2027-01-01,Quebec,4022496.3849020144
2027-02-01,Quebec,4025544.794831674
2027-03-01,Quebec,4028694.8184256544
2027-04-01,Quebec,4031844.842019636
2027-05-01,Quebec,4034791.638284973
2027-06-01,Quebec,4037941.6618789537
2027-07-01,Quebec,4040990.0718086124
2027-08-01,Quebec,4044140.0954025933
2027-09-01,Quebec,4047188.505332253
2027-10-01,Quebec,4050338.5289262338
2027-11-01,Quebec,4053488.5525202146
2027-12-01,Quebec,4056536.9624498733
2028-01-01,Quebec,4059686.986043855
2028-02-01,Quebec,4062735.395973514
2028-03-01,Quebec,4065885.4195674947
2028-04-01,Quebec,4069035.4431614755
2028-05-01,Quebec,4071880.62576249
2028-06-01,Quebec,4075030.649356472
2028-07-01,Quebec,4078079.0592861306
2028-08-01,Quebec,4081229.0828801114
2028-09-01,Quebec,4084277.49280977
2028-10-01,Quebec,4087427.516403752
2028-11-01,Quebec,4090577.5399977327
2028-12-01,Quebec,4093625.9499273915
2029-01-01,Quebec,4096775.973521373
2029-02-01,Quebec,4099824.3834510315
2029-03-01,Quebec,4102974.4070450123
2029-04-01,Quebec,4106124.430638994
2029-05-01,Quebec,4108969.6132400087
2029-06-01,Quebec,4112119.6368339895
2029-07-01,Quebec,4115168.046763649
2029-08-01,Quebec,4118318.07035763
2029-09-01,Quebec,4121366.480287289
2029-10-01,Quebec,4124516.5038812696
2029-11-01,Quebec,4127666.5274752504
2029-12-01,Quebec,4130714.937404909
2030-01-01,Quebec,4133864.960998891
2030-02-01,Quebec,4136913.3709285497
2030-03-01,Quebec,4140063.3945225305
2030-04-01,Quebec,4143213.4181165113
2030-05-01,Quebec,4146058.600717527
2030-06-01,Quebec,4149208.6243115077
2030-07-01,Quebec,4152257.0342411664
2030-08-01,Quebec,4155407.0578351473
2030-09-01,Quebec,4158455.467764807
2030-10-01,Quebec,4161605.491358787
2030-11-01,Quebec,4164755.5149527686
2030-12-01,Quebec,4167803.9248824273
2031-01-01,Quebec,4170953.9484764086
2031-02-01,Quebec,4174002.358406068
2031-03-01,Quebec,4177152.382000049
2031-04-01,Quebec,4180302.40559403
2031-05-01,Quebec,4183249.2018593666
2031-06-01,Quebec,4186399.2254533474
2031-07-01,Quebec,4189447.635383006
2031-08-01,Quebec,4192597.658976988
2031-09-01,Quebec,4195646.068906646
2031-10-01,Quebec,4198796.092500627
2031-11-01,Quebec,4201946.116094609
2031-12-01,Quebec,4204994.526024267
2032-01-01,Quebec,4208144.549618249
2032-02-01,Quebec,4211192.959547908
2032-03-01,Quebec,4214342.983141889
2032-04-01,Quebec,4217493.00673587
2032-05-01,Quebec,4220338.189336885
2032-06-01,Quebec,4223488.212930866
2032-07-01,Quebec,4226536.622860525
2032-08-01,Quebec,4229686.646454507
2032-09-01,Quebec,4232735.056384165
2032-10-01,Quebec,4235885.079978146
2032-11-01,Quebec,4239035.1035721265
2032-12-01,Quebec,4242083.513501786
2033-01-01,Quebec,4245233.5370957665
2033-02-01,Quebec,4248281.947025425
2033-03-01,Quebec,4251431.970619407
2033-04-01,Quebec,4254581.994213387
2033-05-01,Quebec,4257427.176814403
2033-06-01,Quebec,4260577.200408383
2033-07-01,Quebec,4263625.6103380425
2033-08-01,Quebec,4266775.633932023
2033-09-01,Quebec,4269824.0438616825
2033-10-01,Quebec,4272974.067455663
2033-11-01,Quebec,4276124.091049644
2033-12-01,Quebec,4279172.500979303
2034-01-01,Quebec,4282322.524573284
2034-02-01,Quebec,4285370.934502943
2034-03-01,Quebec,4288520.958096924
2034-04-01,Quebec,4291670.981690905
2034-05-01,Quebec,4294516.164291921
2034-06-01,Quebec,4297666.187885902
2034-07-01,Quebec,4300714.59781556
2034-08-01,Quebec,4303864.621409541
2034-09-01,Quebec,4306913.031339201
2034-10-01,Quebec,4310063.054933182
2034-11-01,Quebec,4313213.078527163
2034-12-01,Quebec,4316261.488456821
2035-01-01,Quebec,4319411.512050802
2035-02-01,Quebec,4322459.921980462
2035-03-01,Quebec,4325609.945574443
2035-04-01,Quebec,4328759.969168424
2035-05-01,Quebec,4331706.76543376
2035-06-01,Quebec,4334856.789027741
2035-07-01,Quebec,4337905.1989574
2035-08-01,Quebec,4341055.222551381
2035-09-01,Quebec,4344103.63248104
2035-10-01,Quebec,4347253.656075021
2035-11-01,Quebec,4350403.679669003
2035-12-01,Quebec,4353452.089598661
2024-01-01,Alberta,2042968.455868401
2024-02-01,Alberta,2045240.2841466619
2024-03-01,Alberta,2047587.8400341982
2024-04-01,Alberta,2049935.3959217349
2024-05-01,Alberta,2052055.7689814449
2024-06-01,Alberta,2054403.324868981
2024-07-01,Alberta,2056675.1531472423
2024-08-01,Alberta,2059022.7090347782
2024-09-01,Alberta,2061294.537313039
2024-10-01,Alberta,2063642.0932005756
2024-11-01,Alberta,2065989.649088112
2024-12-01,Alberta,2068261.4773663727
2025-01-01,Alberta,2070609.0332539093
2025-02-01,Alberta,2072880.8615321699
2025-03-01,Alberta,2075228.4174197065
2025-04-01,Alberta,2077575.9733072424
2025-05-01,Alberta,2079696.346366953
2025-06-01,Alberta,2082043.902254489
2025-07-01,Alberta,2084315.7305327503
2025-08-01,Alberta,2086663.2864202864
2025-09-01,Alberta,2088935.1146985476
2025-10-01,Alberta,2091282.6705860836
2025-11-01,Alberta,2093630.2264736202
2025-12-01,Alberta,2095902.0547518807
2026-01-01,Alberta,2098249.610639417
2026-02-01,Alberta,2100521.438917678
2026-03-01,Alberta,2102868.9948052145
2026-04-01,Alberta,2105216.550692751
2026-05-01,Alberta,2107336.923752461
2026-06-01,Alberta,2109684.4796399972
2026-07-01,Alberta,2111956.3079182585
2026-08-01,Alberta,2114303.863805794
2026-09-01,Alberta,2116575.692084055
2026-10-01,Alberta,2118923.2479715915
2026-11-01,Alberta,2121270.803859128
2026-12-01,Alberta,2123542.632137389
2027-01-01,Alberta,2125890.188024925
2027-02-01,Alberta,2128162.016303186
2027-03-01,Alberta,2130509.5721907225
2027-04-01,Alberta,2132857.1280782586
2027-05-01,Alberta,2135053.2287472445
2027-06-01,Alberta,2137400.784634781
2027-07-01,Alberta,2139672.612913042
2027-08-01,Alberta,2142020.1688005775
2027-09-01,Alberta,2144291.9970788388
2027-10-01,Alberta,2146639.552966375
2027-11-01,Alberta,2148987.1088539115
2027-12-01,Alberta,2151258.9371321728
2028-01-01,Alberta,2153606.493019709
2028-02-01,Alberta,2155878.3212979697
2028-03-01,Alberta,2158225.877185506
2028-04-01,Alberta,2160573.433073042
2028-05-01,Alberta,2162693.8061327524
2028-06-01,Alberta,2165041.3620202886
2028-07-01,Alberta,2167313.19029855
2028-08-01,Alberta,2169660.746186086
2028-09-01,Alberta,2171932.574464347
2028-10-01,Alberta,2174280.130351883
2028-11-01,Alberta,2176627.6862394195
2028-12-01,Alberta,2178899.5145176803
2029-01-01,Alberta,2181247.070405217
2029-02-01,Alberta,2183518.898683478
2029-03-01,Alberta,2185866.4545710143
2029-04-01,Alberta,2188214.0104585504
2029-05-01,Alberta,2190334.383518261
2029-06-01,Alberta,2192681.9394057966
2029-07-01,Alberta,2194953.767684058
2029-08-01,Alberta,2197301.323571594
2029-09-01,Alberta,2199573.151849855
2029-10-01,Alberta,2201920.7077373913
2029-11-01,Alberta,2204268.2636249275
2029-12-01,Alberta,2206540.0919031887
2030-01-01,Alberta,2208887.647790725
2030-02-01,Alberta,2211159.4760689856
2030-03-01,Alberta,2213507.0319565223
2030-04-01,Alberta,2215854.5878440584
2030-05-01,Alberta,2217974.960903769
2030-06-01,Alberta,2220322.516791305
2030-07-01,Alberta,2222594.345069566
2030-08-01,Alberta,2224941.900957102
2030-09-01,Alberta,2227213.729235363
2030-10-01,Alberta,2229561.2851228993
2030-11-01,Alberta,2231908.841010436
2030-12-01,Alberta,2234180.6692886967
2031-01-01,Alberta,2236528.225176233
2031-02-01,Alberta,2238800.0534544936
2031-03-01,Alberta,2241147.6093420302
2031-04-01,Alberta,2243495.165229567
2031-05-01,Alberta,2245691.2658985523
2031-06-01,Alberta,2248038.8217860884
2031-07-01,Alberta,2250310.6500643496
2031-08-01,Alberta,2252658.2059518863
2031-09-01,Alberta,2254930.0342301466
2031-10-01,Alberta,2257277.5901176827
2031-11-01,Alberta,2259625.1460052193
2031-12-01,Alberta,2261896.97428348
2032-01-01,Alberta,2264244.5301710167
2032-02-01,Alberta,2266516.358449278
2032-03-01,Alberta,2268863.9143368136
2032-04-01,Alberta,2271211.47022435
2032-05-01,Alberta,2273331.8432840602
2032-06-01,Alberta,2275679.399171597
2032-07-01,Alberta,2277951.2274498576
2032-08-01,Alberta,2280298.783337394
2032-09-01,Alberta,2282570.611615655
2032-10-01,Alberta,2284918.167503191
2032-11-01,Alberta,2287265.7233907273
2032-12-01,Alberta,2289537.5516689885
2033-01-01,Alberta,2291885.1075565247
2033-02-01,Alberta,2294156.9358347855
2033-03-01,Alberta,2296504.491722322
2033-04-01,Alberta,2298852.0476098577
2033-05-01,Alberta,2300972.4206695687
2033-06-01,Alberta,2303319.9765571044
2033-07-01,Alberta,2305591.8048353656
2033-08-01,Alberta,2307939.360722902
2033-09-01,Alberta,2310211.189001163
2033-10-01,Alberta,2312558.744888699
2033-11-01,Alberta,2314906.3007762358
2033-12-01,Alberta,2317178.129054496
2034-01-01,Alberta,2319525.6849420327
2034-02-01,Alberta,2321797.513220294
2034-03-01,Alberta,2324145.06910783
2034-04-01,Alberta,2326492.6249953667
2034-05-01,Alberta,2328612.9980550767
2034-06-01,Alberta,2330960.5539426133
2034-07-01,Alberta,2333232.382220874
2034-08-01,Alberta,2335579.9381084098
2034-09-01,Alberta,2337851.766386671
2034-10-01,Alberta,2340199.322274207
2034-11-01,Alberta,2342546.8781617437
2034-12-01,Alberta,2344818.706440005
2035-01-01,Alberta,2347166.2623275407
2035-02-01,Alberta,2349438.0906058014
2035-03-01,Alberta,2351785.646493338
2035-04-01,Alberta,2354133.202380874
2035-05-01,Alberta,2356329.30304986
2035-06-01,Alberta,2358676.8589373967
2035-07-01,Alberta,2360948.6872156574
2035-08-01,Alberta,2363296.243103193
2035-09-01,Alberta,2365568.0713814544
2035-10-01,Alberta,2367915.627268991
2035-11-01,Alberta,2370263.183156527
2035-12-01,Alberta,2372535.0114347884
2024-01-01,British Columbia,2183776.6639758325
2024-02-01,British Columbia,2186140.4202129184
2024-03-01,British Columbia,2188582.968324574
2024-04-01,British Columbia,2191025.51643623
2024-05-01,British Columbia,2193231.6889241766
2024-06-01,British Columbia,2195674.2370358324
2024-07-01,British Columbia,2198037.9932729187
2024-08-01,British Columbia,2200480.541384574
2024-09-01,British Columbia,2202844.29762166
2024-10-01,British Columbia,2205286.845733316
2024-11-01,British Columbia,2207729.3938449714
2024-12-01,British Columbia,2210093.1500820573
2025-01-01,British Columbia,2212535.6981937136
2025-02-01,British Columbia,2214899.4544307995
2025-03-01,British Columbia,2217342.0025424547
2025-04-01,British Columbia,2219784.5506541105
2025-05-01,British Columbia,2221990.7231420577
2025-06-01,British Columbia,2224433.2712537134
2025-07-01,British Columbia,2226797.0274908
2025-08-01,British Columbia,2229239.575602455
2025-09-01,British Columbia,2231603.3318395414
2025-10-01,British Columbia,2234045.879951197
2025-11-01,British Columbia,2236488.4280628525
2025-12-01,British Columbia,2238852.184299939
2026-01-01,British Columbia,2241294.7324115946
2026-02-01,British Columbia,2243658.48864868
2026-03-01,British Columbia,2246101.036760336
2026-04-01,British Columbia,2248543.584871992
2026-05-01,British Columbia,2250749.7573599387
2026-06-01,British Columbia,2253192.3054715944
2026-07-01,British Columbia,2255556.0617086804
2026-08-01,British Columbia,2257998.609820336
2026-09-01,British Columbia,2260362.366057422
2026-10-01,British Columbia,2262804.9141690778
2026-11-01,British Columbia,2265247.4622807335
2026-12-01,British Columbia,2267611.2185178194
2027-01-01,British Columbia,2270053.766629475
2027-02-01,British Columbia,2272417.5228665615
2027-03-01,British Columbia,2274860.070978217
2027-04-01,British Columbia,2277302.6190898726
2027-05-01,British Columbia,2279587.583452389
2027-06-01,British Columbia,2282030.1315640453
2027-07-01,British Columbia,2284393.887801131
2027-08-01,British Columbia,2286836.4359127865
2027-09-01,British Columbia,2289200.192149873
2027-10-01,British Columbia,2291642.740261528
2027-11-01,British Columbia,2294085.288373184
2027-12-01,British Columbia,2296449.0446102703
2028-01-01,British Columbia,2298891.5927219256
2028-02-01,British Columbia,2301255.3489590115
2028-03-01,British Columbia,2303697.8970706677
2028-04-01,British Columbia,2306140.445182323
2028-05-01,British Columbia,2308346.61767027
2028-06-01,British Columbia,2310789.165781926
2028-07-01,British Columbia,2313152.9220190123
2028-08-01,British Columbia,2315595.4701306676
2028-09-01,British Columbia,2317959.226367754
2028-10-01,British Columbia,2320401.774479409
2028-11-01,British Columbia,2322844.322591065
2028-12-01,British Columbia,2325208.0788281513
2029-01-01,British Columbia,2327650.6269398066
2029-02-01,British Columbia,2330014.3831768925
2029-03-01,British Columbia,2332456.9312885487
2029-04-01,British Columbia,2334899.479400204
2029-05-01,British Columbia,2337105.651888151
2029-06-01,British Columbia,2339548.1999998065
2029-07-01,British Columbia,2341911.956236893
2029-08-01,British Columbia,2344354.5043485486
2029-09-01,British Columbia,2346718.260585635
2029-10-01,British Columbia,2349160.8086972903
2029-11-01,British Columbia,2351603.356808946
2029-12-01,British Columbia,2353967.1130460324
2030-01-01,British Columbia,2356409.6611576877
2030-02-01,British Columbia,2358773.4173947736
2030-03-01,British Columbia,2361215.96550643
2030-04-01,British Columbia,2363658.5136180846
2030-05-01,British Columbia,2365864.6861060318
2030-06-01,British Columbia,2368307.2342176875
2030-07-01,British Columbia,2370670.990454774
2030-08-01,British Columbia,2373113.538566429
2030-09-01,British Columbia,2375477.2948035155
2030-10-01,British Columbia,2377919.8429151713
2030-11-01,British Columbia,2380362.3910268266
2030-12-01,British Columbia,2382726.147263913
2031-01-01,British Columbia,2385168.6953755687
2031-02-01,British Columbia,2387532.4516126546
2031-03-01,British Columbia,2389974.9997243104
2031-04-01,British Columbia,2392417.547835966
2031-05-01,British Columbia,2394702.512198482
2031-06-01,British Columbia,2397145.0603101384
2031-07-01,British Columbia,2399508.8165472248
2031-08-01,British Columbia,2401951.3646588796
2031-09-01,British Columbia,2404315.120895966
2031-10-01,British Columbia,2406757.669007622
2031-11-01,British Columbia,2409200.217119277
2031-12-01,British Columbia,2411563.9733563634
2032-01-01,British Columbia,2414006.5214680196
2032-02-01,British Columbia,2416370.277705105
2032-03-01,British Columbia,2418812.825816761
2032-04-01,British Columbia,2421255.373928417
2032-05-01,British Columbia,2423461.5464163637
2032-06-01,British Columbia,2425904.0945280194
2032-07-01,British Columbia,2428267.850765106
2032-08-01,British Columbia,2430710.3988767606
2032-09-01,British Columbia,2433074.155113847
2032-10-01,British Columbia,2435516.7032255027
2032-11-01,British Columbia,2437959.251337158
2032-12-01,British Columbia,2440323.0075742444
2033-01-01,British Columbia,2442765.5556859
2033-02-01,British Columbia,2445129.3119229856
2033-03-01,British Columbia,2447571.860034642
2033-04-01,British Columbia,2450014.4081462976
2033-05-01,British Columbia,2452220.5806342447
2033-06-01,British Columbia,2454663.1287459
2033-07-01,British Columbia,2457026.884982986
2033-08-01,British Columbia,2459469.433094642
2033-09-01,British Columbia,2461833.189331728
2033-10-01,British Columbia,2464275.737443384
2033-11-01,British Columbia,2466718.2855550395
2033-12-01,British Columbia,2469082.0417921254
2034-01-01,British Columbia,2471524.589903781
2034-02-01,British Columbia,2473888.346140867
2034-03-01,British Columbia,2476330.894252523
2034-04-01,British Columbia,2478773.4423641786
2034-05-01,British Columbia,2480979.6148521258
2034-06-01,British Columbia,2483422.162963781
2034-07-01,British Columbia,2485785.919200867
2034-08-01,British Columbia,2488228.467312523
2034-09-01,British Columbia,2490592.223549609
2034-10-01,British Columbia,2493034.7716612644
2034-11-01,British Columbia,2495477.3197729206
2034-12-01,British Columbia,2497841.0760100065
2035-01-01,British Columbia,2500283.6241216618
2035-02-01,British Columbia,2502647.380358748
2035-03-01,British Columbia,2505089.928470404
2035-04-01,British Columbia,2507532.476582059
2035-05-01,British Columbia,2509817.4409445757
2035-06-01,British Columbia,2512259.9890562315
2035-07-01,British Columbia,2514623.745293318
2035-08-01,British Columbia,2517066.293404973
2035-09-01,British Columbia,2519430.049642059
2035-10-01,British Columbia,2521872.5977537152
2035-11-01,British Columbia,2524315.1458653705
2035-12-01,British Columbia,2526678.9021024564
2024-01-01,Canada,16246956.206928464
2024-02-01,Canada,16259798.429657158
2024-03-01,Canada,16273068.72647681
2024-04-01,Canada,16286339.023296464
2024-05-01,Canada,16298325.097843245
2024-06-01,Canada,16311595.394662898
2024-07-01,Canada,16324437.617391594
2024-08-01,Canada,16337707.914211245
2024-09-01,Canada,16350550.13693994
2024-10-01,Canada,16363820.433759594
2024-11-01,Canada,16377090.730579244
2024-12-01,Canada,16389932.95330794
2025-01-01,Canada,16403203.250127593
2025-02-01,Canada,16416045.472856289
2025-03-01,Canada,16429315.76967594
2025-04-01,Canada,16442586.066495594
2025-05-01,Canada,16454572.141042376
2025-06-01,Canada,16467842.437862027
2025-07-01,Canada,16480684.660590723
2025-08-01,Canada,16493954.957410375
2025-09-01,Canada,16506797.180139072
2025-10-01,Canada,16520067.476958724
2025-11-01,Canada,16533337.773778375
2025-12-01,Canada,16546179.996507073
2026-01-01,Canada,16559450.293326724
2026-02-01,Canada,16572292.516055418
2026-03-01,Canada,16585562.812875072
2026-04-01,Canada,16598833.109694725
2026-05-01,Canada,16610819.184241507
2026-06-01,Canada,16624089.481061157
2026-07-01,Canada,16636931.703789854
2026-08-01,Canada,16650202.000609506
2026-09-01,Canada,16663044.223338202
2026-10-01,Canada,16676314.520157853
2026-11-01,Canada,16689584.816977507
2026-12-01,Canada,16702427.0397062
2027-01-01,Canada,16715697.336525854
2027-02-01,Canada,16728539.559254551
2027-03-01,Canada,16741809.856074201
2027-04-01,Canada,16755080.152893856
2027-05-01,Canada,16767494.301531592
2027-06-01,Canada,16780764.598351244
2027-07-01,Canada,16793606.82107994
2027-08-01,Canada,16806877.117899593
2027-09-01,Canada,16819719.34062829
2027-10-01,Canada,16832989.63744794
2027-11-01,Canada,16846259.93426759
2027-12-01,Canada,16859102.156996287
2028-01-01,Canada,16872372.45381594
2028-02-01,Canada,16885214.676544636
2028-03-01,Canada,16898484.97336429
2028-04-01,Canada,16911755.27018394
2028-05-01,Canada,16923741.344730724
2028-06-01,Canada,16937011.641550377
2028-07-01,Canada,16949853.864279073
2028-08-01,Canada,16963124.161098722
2028-09-01,Canada,16975966.383827418
2028-10-01,Canada,16989236.68064707
2028-11-01,Canada,17002506.97746672
2028-12-01,Canada,17015349.200195417
2029-01-01,Canada,17028619.49701507
2029-02-01,Canada,17041461.719743766
2029-03-01,Canada,17054732.016563416
2029-04-01,Canada,17068002.313383073
2029-05-01,Canada,17079988.387929857
2029-06-01,Canada,17093258.684749503
2029-07-01,Canada,17106100.907478202
2029-08-01,Canada,17119371.20429785
2029-09-01,Canada,17132213.42702655
2029-10-01,Canada,17145483.7238462
2029-11-01,Canada,17158754.020665854
2029-12-01,Canada,17171596.24339455
2030-01-01,Canada,17184866.5402142
2030-02-01,Canada,17197708.762942895
2030-03-01,Canada,17210979.05976255
2030-04-01,Canada,17224249.356582202
2030-05-01,Canada,17236235.431128986
2030-06-01,Canada,17249505.727948636
2030-07-01,Canada,17262347.950677335
2030-08-01,Canada,17275618.247496985
2030-09-01,Canada,17288460.47022568
2030-10-01,Canada,17301730.76704533
2030-11-01,Canada,17315001.063864984
2030-12-01,Canada,17327843.28659368
2031-01-01,Canada,17341113.583413333
2031-02-01,Canada,17353955.80614203
2031-03-01,Canada,17367226.102961678
2031-04-01,Canada,17380496.39978133
2031-05-01,Canada,17392910.548419073
2031-06-01,Canada,17406180.845238723
2031-07-01,Canada,17419023.06796742
2031-08-01,Canada,17432293.36478707
2031-09-01,Canada,17445135.587515764
2031-10-01,Canada,17458405.884335417
2031-11-01,Canada,17471676.18115507
2031-12-01,Canada,17484518.403883766
2032-01-01,Canada,17497788.70070342
2032-02-01,Canada,17510630.92343211
2032-03-01,Canada,17523901.22025176
2032-04-01,Canada,17537171.51707142
2032-05-01,Canada,17549157.591618203
2032-06-01,Canada,17562427.888437852
2032-07-01,Canada,17575270.11116655
2032-08-01,Canada,17588540.4079862
2032-09-01,Canada,17601382.630714897
2032-10-01,Canada,17614652.927534547
2032-11-01,Canada,17627923.2243542
2032-12-01,Canada,17640765.447082896
2033-01-01,Canada,17654035.743902545
2033-02-01,Canada,17666877.966631245
2033-03-01,Canada,17680148.263450895
2033-04-01,Canada,17693418.560270544
2033-05-01,Canada,17705404.63481733
2033-06-01,Canada,17718674.931636985
2033-07-01,Canada,17731517.154365677
2033-08-01,Canada,17744787.451185334
2033-09-01,Canada,17757629.673914026
2033-10-01,Canada,17770899.97073368
2033-11-01,Canada,17784170.26755333
2033-12-01,Canada,17797012.490282025
2034-01-01,Canada,17810282.78710168
2034-02-01,Canada,17823125.009830374
2034-03-01,Canada,17836395.306650028
2034-04-01,Canada,17849665.603469677
2034-05-01,Canada,17861651.678016458
2034-06-01,Canada,17874921.974836115
2034-07-01,Canada,17887764.197564807
2034-08-01,Canada,17901034.494384464
2034-09-01,Canada,17913876.717113156
2034-10-01,Canada,17927147.01393281
2034-11-01,Canada,17940417.310752463
2034-12-01,Canada,17953259.53348116
2035-01-01,Canada,17966529.830300808
2035-02-01,Canada,17979372.053029504
2035-03-01,Canada,17992642.349849157
2035-04-01,Canada,18005912.646668807
2035-05-01,Canada,18018326.79530655
2035-06-01,Canada,18031597.0921262
2035-07-01,Canada,18044439.314854898
2035-08-01,Canada,18057709.611674547
2035-09-01,Canada,18070551.834403247
2035-10-01,Canada,18083822.131222896
2035-11-01,Canada,18097092.428042546
2035-12-01,Canada,18109934.650771245
2024-01-01,Manitoba,563433.5376387616
2024-02-01,Manitoba,563707.1958927433
2024-03-01,Manitoba,563989.9760885243
2024-04-01,Manitoba,564272.7562843055
2024-05-01,Manitoba,564528.1706546885
2024-06-01,Manitoba,564810.9508504696
2024-07-01,Manitoba,565084.6091044513
2024-08-01,Manitoba,565367.3893002324
2024-09-01,Manitoba,565641.0475542141
2024-10-01,Manitoba,565923.8277499953
2024-11-01,Manitoba,566206.6079457764
2024-12-01,Manitoba,566480.2661997582
2025-01-01,Manitoba,566763.0463955392
2025-02-01,Manitoba,567036.704649521
2025-03-01,Manitoba,567319.4848453021
2025-04-01,Manitoba,567602.2650410832
2025-05-01,Manitoba,567857.6794114661
2025-06-01,Manitoba,568140.4596072473
2025-07-01,Manitoba,568414.1178612291
2025-08-01,Manitoba,568696.8980570101
2025-09-01,Manitoba,568970.5563109919
2025-10-01,Manitoba,569253.336506773
2025-11-01,Manitoba,569536.1167025542
2025-12-01,Manitoba,569809.7749565359
2026-01-01,Manitoba,570092.555152317
2026-02-01,Manitoba,570366.2134062987
2026-03-01,Manitoba,570648.9936020798
2026-04-01,Manitoba,570931.773797861
2026-05-01,Manitoba,571187.188168244
2026-06-01,Manitoba,571469.968364025
2026-07-01,Manitoba,571743.6266180067
2026-08-01,Manitoba,572026.4068137879
2026-09-01,Manitoba,572300.0650677696
2026-10-01,Manitoba,572582.8452635508
2026-11-01,Manitoba,572865.6254593318
2026-12-01,Manitoba,573139.2837133135
2027-01-01,Manitoba,573422.0639090947
2027-02-01,Manitoba,573695.7221630764
2027-03-01,Manitoba,573978.5023588575
2027-04-01,Manitoba,574261.2825546387
2027-05-01,Manitoba,574525.818866821
2027-06-01,Manitoba,574808.5990626022
2027-07-01,Manitoba,575082.2573165839
2027-08-01,Manitoba,575365.037512365
2027-09-01,Manitoba,575638.6957663466
2027-10-01,Manitoba,575921.4759621278
2027-11-01,Manitoba,576204.2561579089
2027-12-01,Manitoba,576477.9144118907
2028-01-01,Manitoba,576760.6946076718
2028-02-01,Manitoba,577034.3528616535
2028-03-01,Manitoba,577317.1330574347
2028-04-01,Manitoba,577599.9132532157
2028-05-01,Manitoba,577855.3276235987
2028-06-01,Manitoba,578138.1078193798
2028-07-01,Manitoba,578411.7660733615
2028-08-01,Manitoba,578694.5462691427
2028-09-01,Manitoba,578968.2045231245
2028-10-01,Manitoba,579250.9847189055
2028-11-01,Manitoba,579533.7649146867
2028-12-01,Manitoba,579807.4231686684
2029-01-01,Manitoba,580090.2033644494
2029-02-01,Manitoba,580363.8616184313
2029-03-01,Manitoba,580646.6418142124
2029-04-01,Manitoba,580929.4220099935
2029-05-01,Manitoba,581184.8363803765
2029-06-01,Manitoba,581467.6165761575
2029-07-01,Manitoba,581741.2748301392
2029-08-01,Manitoba,582024.0550259204
2029-09-01,Manitoba,582297.7132799021
2029-10-01,Manitoba,582580.4934756833
2029-11-01,Manitoba,582863.2736714644
2029-12-01,Manitoba,583136.9319254461
2030-01-01,Manitoba,583419.7121212272
2030-02-01,Manitoba,583693.3703752089
2030-03-01,Manitoba,583976.15057099
2030-04-01,Manitoba,584258.9307667712
2030-05-01,Manitoba,584514.3451371542
2030-06-01,Manitoba,584797.1253329352
2030-07-01,Manitoba,585070.783586917
2030-08-01,Manitoba,585353.5637826981
2030-09-01,Manitoba,585627.2220366799
2030-10-01,Manitoba,585910.002232461
2030-11-01,Manitoba,586192.7824282421
2030-12-01,Manitoba,586466.4406822238
2031-01-01,Manitoba,586749.220878005
2031-02-01,Manitoba,587022.8791319866
2031-03-01,Manitoba,587305.6593277678
2031-04-01,Manitoba,587588.4395235489
2031-05-01,Manitoba,587852.9758357313
2031-06-01,Manitoba,588135.7560315124
2031-07-01,Manitoba,588409.4142854941
2031-08-01,Manitoba,588692.1944812753
2031-09-01,Manitoba,588965.852735257
2031-10-01,Manitoba,589248.632931038
2031-11-01,Manitoba,589531.4131268192
2031-12-01,Manitoba,589805.0713808009
2032-01-01,Manitoba,590087.8515765821
2032-02-01,Manitoba,590361.5098305638
2032-03-01,Manitoba,590644.2900263449
2032-04-01,Manitoba,590927.070222126
2032-05-01,Manitoba,591182.484592509
2032-06-01,Manitoba,591465.2647882901
2032-07-01,Manitoba,591738.9230422719
2032-08-01,Manitoba,592021.7032380529
2032-09-01,Manitoba,592295.3614920347
2032-10-01,Manitoba,592578.1416878158
2032-11-01,Manitoba,592860.9218835969
2032-12-01,Manitoba,593134.5801375787
2033-01-01,Manitoba,593417.3603333598
2033-02-01,Manitoba,593691.0185873415
2033-03-01,Manitoba,593973.7987831227
2033-04-01,Manitoba,594256.5789789038
2033-05-01,Manitoba,594511.9933492867
2033-06-01,Manitoba,594794.7735450679
2033-07-01,Manitoba,595068.4317990496
2033-08-01,Manitoba,595351.2119948308
2033-09-01,Manitoba,595624.8702488124
2033-10-01,Manitoba,595907.6504445935
2033-11-01,Manitoba,596190.4306403747
2033-12-01,Manitoba,596464.0888943564
2034-01-01,Manitoba,596746.8690901375
2034-02-01,Manitoba,597020.5273441193
2034-03-01,Manitoba,597303.3075399004
2034-04-01,Manitoba,597586.0877356814
2034-05-01,Manitoba,597841.5021060645
2034-06-01,Manitoba,598124.2823018456
2034-07-01,Manitoba,598397.9405558272
2034-08-01,Manitoba,598680.7207516084
2034-09-01,Manitoba,598954.3790055901
2034-10-01,Manitoba,599237.1592013713
2034-11-01,Manitoba,599519.9393971524
2034-12-01,Manitoba,599793.5976511341
2035-01-01,Manitoba,600076.3778469153
2035-02-01,Manitoba,600350.0361008969
2035-03-01,Manitoba,600632.816296678
2035-04-01,Manitoba,600915.5964924592
2035-05-01,Manitoba,601180.1328046415
2035-06-01,Manitoba,601462.9130004226
2035-07-01,Manitoba,601736.5712544044
2035-08-01,Manitoba,602019.3514501855
2035-09-01,Manitoba,602293.0097041673
2035-10-01,Manitoba,602575.7898999484
2035-11-01,Manitoba,602858.5700957294
2035-12-01,Manitoba,603132.228349711
2024-01-01,New Brunswick,337112.7712260533
2024-02-01,New Brunswick,337155.75252832955
2024-03-01,New Brunswick,337200.1665406816
2024-04-01,New Brunswick,337244.58055303374
2024-05-01,New Brunswick,337284.6964351582
2024-06-01,New Brunswick,337329.1104475103
2024-07-01,New Brunswick,337372.0917497866
2024-08-01,New Brunswick,337416.5057621387
2024-09-01,New Brunswick,337459.4870644149
2024-10-01,New Brunswick,337503.901076767
2024-11-01,New Brunswick,337548.31508911913
2024-12-01,New Brunswick,337591.2963913954
2025-01-01,New Brunswick,337635.7104037475
2025-02-01,New Brunswick,337678.6917060237
2025-03-01,New Brunswick,337723.1057183758
2025-04-01,New Brunswick,337767.51973072794
2025-05-01,New Brunswick,337807.6356128524
2025-06-01,New Brunswick,337852.0496252045
2025-07-01,New Brunswick,337895.0309274808
2025-08-01,New Brunswick,337939.44493983284
2025-09-01,New Brunswick,337982.42624210916
2025-10-01,New Brunswick,338026.8402544612
2025-11-01,New Brunswick,338071.25426681334
2025-12-01,New Brunswick,338114.2355690896
2026-01-01,New Brunswick,338158.6495814417
2026-02-01,New Brunswick,338201.6308837179
2026-03-01,New Brunswick,338246.04489607003
2026-04-01,New Brunswick,338290.45890842215
2026-05-01,New Brunswick,338330.5747905466
2026-06-01,New Brunswick,338374.98880289873
2026-07-01,New Brunswick,338417.9701051749
2026-08-01,New Brunswick,338462.3841175271
2026-09-01,New Brunswick,338505.3654198033
2026-10-01,New Brunswick,338549.7794321554
2026-11-01,New Brunswick,338594.19344450755
2026-12-01,New Brunswick,338637.1747467838
2027-01-01,New Brunswick,338681.58875913586
2027-02-01,New Brunswick,338724.5700614121
2027-03-01,New Brunswick,338768.98407376424
2027-04-01,New Brunswick,338813.39808611636
2027-05-01,New Brunswick,338854.9466783167
2027-06-01,New Brunswick,338899.3606906688
2027-07-01,New Brunswick,338942.34199294506
2027-08-01,New Brunswick,338986.7560052972
2027-09-01,New Brunswick,339029.7373075734
2027-10-01,New Brunswick,339074.1513199255
2027-11-01,New Brunswick,339118.5653322776
2027-12-01,New Brunswick,339161.5466345539
2028-01-01,New Brunswick,339205.96064690594
2028-02-01,New Brunswick,339248.9419491822
2028-03-01,New Brunswick,339293.3559615343
2028-04-01,New Brunswick,339337.76997388643
2028-05-01,New Brunswick,339377.8858560109
2028-06-01,New Brunswick,339422.299868363
2028-07-01,New Brunswick,339465.28117063927
2028-08-01,New Brunswick,339509.6951829914
2028-09-01,New Brunswick,339552.6764852676
2028-10-01,New Brunswick,339597.0904976197
2028-11-01,New Brunswick,339641.5045099718
2028-12-01,New Brunswick,339684.485812248
2029-01-01,New Brunswick,339728.89982460014
2029-02-01,New Brunswick,339771.8811268764
2029-03-01,New Brunswick,339816.2951392285
2029-04-01,New Brunswick,339860.70915158064
2029-05-01,New Brunswick,339900.8250337051
2029-06-01,New Brunswick,339945.2390460572
2029-07-01,New Brunswick,339988.2203483335
2029-08-01,New Brunswick,340032.63436068554
2029-09-01,New Brunswick,340075.6156629618
2029-10-01,New Brunswick,340120.0296753139
2029-11-01,New Brunswick,340164.44368766603
2029-12-01,New Brunswick,340207.4249899422
2030-01-01,New Brunswick,340251.83900229435
2030-02-01,New Brunswick,340294.8203045706
2030-03-01,New Brunswick,340339.23431692267
2030-04-01,New Brunswick,340383.6483292748
2030-05-01,New Brunswick,340423.7642113993
2030-06-01,New Brunswick,340468.1782237514
2030-07-01,New Brunswick,340511.1595260276
2030-08-01,New Brunswick,340555.57353837974
2030-09-01,New Brunswick,340598.554840656
2030-10-01,New Brunswick,340642.9688530081
2030-11-01,New Brunswick,340687.3828653602
2030-12-01,New Brunswick,340730.36416763644
2031-01-01,New Brunswick,340774.77817998856
2031-02-01,New Brunswick,340817.7594822648
2031-03-01,New Brunswick,340862.17349461693
2031-04-01,New Brunswick,340906.58750696905
2031-05-01,New Brunswick,340948.1360991694
2031-06-01,New Brunswick,340992.5501115215
2031-07-01,New Brunswick,341035.5314137977
2031-08-01,New Brunswick,341079.9454261498
2031-09-01,New Brunswick,341122.9267284261
2031-10-01,New Brunswick,341167.3407407782
2031-11-01,New Brunswick,341211.75475313026
2031-12-01,New Brunswick,341254.7360554065
2032-01-01,New Brunswick,341299.15006775863
2032-02-01,New Brunswick,341342.1313700349
2032-03-01,New Brunswick,341386.545382387
2032-04-01,New Brunswick,341430.9593947391
2032-05-01,New Brunswick,341471.0752768636
2032-06-01,New Brunswick,341515.4892892157
2032-07-01,New Brunswick,341558.4705914919
2032-08-01,New Brunswick,341602.884603844
2032-09-01,New Brunswick,341645.8659061203
2032-10-01,New Brunswick,341690.27991847234
2032-11-01,New Brunswick,341734.6939308245
2032-12-01,New Brunswick,341777.6752331007
2033-01-01,New Brunswick,341822.08924545284
2033-02-01,New Brunswick,341865.0705477291
2033-03-01,New Brunswick,341909.4845600812
2033-04-01,New Brunswick,341953.8985724333
2033-05-01,New Brunswick,341994.0144545578
2033-06-01,New Brunswick,342038.42846690986
2033-07-01,New Brunswick,342081.4097691861
2033-08-01,New Brunswick,342125.82378153823
2033-09-01,New Brunswick,342168.8050838144
2033-10-01,New Brunswick,342213.2190961666
2033-11-01,New Brunswick,342257.6331085187
2033-12-01,New Brunswick,342300.6144107949
2034-01-01,New Brunswick,342345.02842314704
2034-02-01,New Brunswick,342388.0097254233
2034-03-01,New Brunswick,342432.42373777536
2034-04-01,New Brunswick,342476.8377501275
2034-05-01,New Brunswick,342516.95363225194
2034-06-01,New Brunswick,342561.36764460406
2034-07-01,New Brunswick,342604.3489468803
2034-08-01,New Brunswick,342648.76295923244
2034-09-01,New Brunswick,342691.7442615087
2034-10-01,New Brunswick,342736.1582738608
2034-11-01,New Brunswick,342780.5722862129
2034-12-01,New Brunswick,342823.5535884891
2035-01-01,New Brunswick,342867.96760084125
2035-02-01,New Brunswick,342910.94890311745
2035-03-01,New Brunswick,342955.36291546957
2035-04-01,New Brunswick,342999.7769278217
2035-05-01,New Brunswick,343041.325520022
2035-06-01,New Brunswick,343085.73953237414
2035-07-01,New Brunswick,343128.7208346504
2035-08-01,New Brunswick,343173.1348470025
2035-09-01,New Brunswick,343216.11614927877
2035-10-01,New Brunswick,343260.5301616309
2035-11-01,New Brunswick,343304.94417398295
2035-12-01,New Brunswick,343347.92547625914
2024-01-01,Newfoundland and Labrador,220000.015625
2024-02-01,Newfoundland and Labrador,220000.015625
2024-03-01,Newfoundland and Labrador,220000.015625
2024-04-01,Newfoundland and Labrador,220000.015625
2024-05-01,Newfoundland and Labrador,220000.015625
2024-06-01,Newfoundland and Labrador,220000.015625
2024-07-01,Newfoundland and Labrador,220000.015625
2024-08-01,Newfoundland and Labrador,220000.015625
2024-09-01,Newfoundland and Labrador,220000.015625
2024-10-01,Newfoundland and Labrador,220000.015625
2024-11-01,Newfoundland and Labrador,220000.015625
2024-12-01,Newfoundland and Labrador,220000.015625
2025-01-01,Newfoundland and Labrador,220000.015625
2025-02-01,Newfoundland and Labrador,220000.015625
2025-03-01,Newfoundland and Labrador,220000.015625
2025-04-01,Newfoundland and Labrador,220000.015625
2025-05-01,Newfoundland and Labrador,220000.015625
2025-06-01,Newfoundland and Labrador,220000.015625
2025-07-01,Newfoundland and Labrador,220000.015625
2025-08-01,Newfoundland and Labrador,220000.015625
2025-09-01,Newfoundland and Labrador,220000.015625
2025-10-01,Newfoundland and Labrador,220000.015625
2025-11-01,Newfoundland and Labrador,220000.015625
2025-12-01,Newfoundland and Labrador,220000.015625
2026-01-01,Newfoundland and Labrador,220000.015625
2026-02-01,Newfoundland and Labrador,220000.015625
2026-03-01,Newfoundland and Labrador,220000.015625
2026-04-01,Newfoundland and Labrador,220000.015625
2026-05-01,Newfoundland and Labrador,220000.015625
2026-06-01,Newfoundland and Labrador,220000.015625
2026-07-01,Newfoundland and Labrador,220000.015625
2026-08-01,Newfoundland and Labrador,220000.015625
2026-09-01,Newfoundland and Labrador,220000.015625
2026-10-01,Newfoundland and Labrador,220000.015625
2026-11-01,Newfoundland and Labrador,220000.015625
2026-12-01,Newfoundland and Labrador,220000.015625
2027-01-01,Newfoundland and Labrador,220000.015625
2027-02-01,Newfoundland and Labrador,220000.015625
2027-03-01,Newfoundland and Labrador,220000.015625
2027-04-01,Newfoundland and Labrador,220000.015625
2027-05-01,Newfoundland and Labrador,220000.015625
2027-06-01,Newfoundland and Labrador,220000.015625
2027-07-01,Newfoundland and Labrador,220000.015625
2027-08-01,Newfoundland and Labrador,220000.015625
2027-09-01,Newfoundland and Labrador,220000.015625
2027-10-01,Newfoundland and Labrador,220000.015625
2027-11-01,Newfoundland and Labrador,220000.015625
2027-12-01,Newfoundland and Labrador,220000.015625
2028-01-01,Newfoundland and Labrador,220000.015625
2028-02-01,Newfoundland and Labrador,220000.015625
2028-03-01,Newfoundland and Labrador,220000.015625
2028-04-01,Newfoundland and Labrador,220000.015625
2028-05-01,Newfoundland and Labrador,220000.015625
2028-06-01,Newfoundland and Labrador,220000.015625
2028-07-01,Newfoundland and Labrador,220000.015625
2028-08-01,Newfoundland and Labrador,220000.015625
2028-09-01,Newfoundland and Labrador,220000.015625
2028-10-01,Newfoundland and Labrador,220000.015625
2028-11-01,Newfoundland and Labrador,220000.015625
2028-12-01,Newfoundland and Labrador,220000.015625
2029-01-01,Newfoundland and Labrador,220000.015625
2029-02-01,Newfoundland and Labrador,220000.015625
2029-03-01,Newfoundland and Labrador,220000.015625
2029-04-01,Newfoundland and Labrador,220000.015625
2029-05-01,Newfoundland and Labrador,220000.015625
2029-06-01,Newfoundland and Labrador,220000.015625
2029-07-01,Newfoundland and Labrador,220000.015625
2029-08-01,Newfoundland and Labrador,220000.015625
2029-09-01,Newfoundland and Labrador,220000.015625
2029-10-01,Newfoundland and Labrador,220000.015625
2029-11-01,Newfoundland and Labrador,220000.015625
2029-12-01,Newfoundland and Labrador,220000.015625
2030-01-01,Newfoundland and Labrador,220000.015625
2030-02-01,Newfoundland and Labrador,220000.015625
2030-03-01,Newfoundland and Labrador,220000.015625
2030-04-01,Newfoundland and Labrador,220000.015625
2030-05-01,Newfoundland and Labrador,220000.015625
2030-06-01,Newfoundland and Labrador,220000.015625
2030-07-01,Newfoundland and Labrador,220000.015625
2030-08-01,Newfoundland and Labrador,220000.015625
2030-09-01,Newfoundland and Labrador,220000.015625
2030-10-01,Newfoundland and Labrador,220000.015625
2030-11-01,Newfoundland and Labrador,220000.015625
2030-12-01,Newfoundland and Labrador,220000.015625
2031-01-01,Newfoundland and Labrador,220000.015625
2031-02-01,Newfoundland and Labrador,220000.015625
2031-03-01,Newfoundland and Labrador,220000.015625
2031-04-01,Newfoundland and Labrador,220000.015625
2031-05-01,Newfoundland and Labrador,220000.015625
2031-06-01,Newfoundland and Labrador,220000.015625
2031-07-01,Newfoundland and Labrador,220000.015625
2031-08-01,Newfoundland and Labrador,220000.015625
2031-09-01,Newfoundland and Labrador,220000.015625
2031-10-01,Newfoundland and Labrador,220000.015625
2031-11-01,Newfoundland and Labrador,220000.015625
2031-12-01,Newfoundland and Labrador,220000.015625
2032-01-01,Newfoundland and Labrador,220000.015625
2032-02-01,Newfoundland and Labrador,220000.015625
2032-03-01,Newfoundland and Labrador,220000.015625
2032-04-01,Newfoundland and Labrador,220000.015625
2032-05-01,Newfoundland and Labrador,220000.015625
2032-06-01,Newfoundland and Labrador,220000.015625
2032-07-01,Newfoundland and Labrador,220000.015625
2032-08-01,Newfoundland and Labrador,220000.015625
2032-09-01,Newfoundland and Labrador,220000.015625
2032-10-01,Newfoundland and Labrador,220000.015625
2032-11-01,Newfoundland and Labrador,220000.015625
2032-12-01,Newfoundland and Labrador,220000.015625
2033-01-01,Newfoundland and Labrador,220000.015625
2033-02-01,Newfoundland and Labrador,220000.015625
2033-03-01,Newfoundland and Labrador,220000.015625
2033-04-01,Newfoundland and Labrador,220000.015625
2033-05-01,Newfoundland and Labrador,220000.015625
2033-06-01,Newfoundland and Labrador,220000.015625
2033-07-01,Newfoundland and Labrador,220000.015625
2033-08-01,Newfoundland and Labrador,220000.015625
2033-09-01,Newfoundland and Labrador,220000.015625
2033-10-01,Newfoundland and Labrador,220000.015625
2033-11-01,Newfoundland and Labrador,220000.015625
2033-12-01,Newfoundland and Labrador,220000.015625
2034-01-01,Newfoundland and Labrador,220000.015625
2034-02-01,Newfoundland and Labrador,220000.015625
2034-03-01,Newfoundland and Labrador,220000.015625
2034-04-01,Newfoundland and Labrador,220000.015625
2034-05-01,Newfoundland and Labrador,220000.015625
2034-06-01,Newfoundland and Labrador,220000.015625
2034-07-01,Newfoundland and Labrador,220000.015625
2034-08-01,Newfoundland and Labrador,220000.015625
2034-09-01,Newfoundland and Labrador,220000.015625
2034-10-01,Newfoundland and Labrador,220000.015625
2034-11-01,Newfoundland and Labrador,220000.015625
2034-12-01,Newfoundland and Labrador,220000.015625
2035-01-01,Newfoundland and Labrador,220000.015625
2035-02-01,Newfoundland and Labrador,220000.015625
2035-03-01,Newfoundland and Labrador,220000.015625
2035-04-01,Newfoundland and Labrador,220000.015625
2035-05-01,Newfoundland and Labrador,220000.015625
2035-06-01,Newfoundland and Labrador,220000.015625
2035-07-01,Newfoundland and Labrador,220000.015625
2035-08-01,Newfoundland and Labrador,220000.015625
2035-09-01,Newfoundland and Labrador,220000.015625
2035-10-01,Newfoundland and Labrador,220000.015625
2035-11-01,Newfoundland and Labrador,220000.015625
2035-12-01,Newfoundland and Labrador,220000.015625
