REF_DATE,GEO,Full-time educators,Part-time educators,"Total, work status",Education price index (EPI),Fees and contractual services sub-index,Instructional supplies sub-index,Non-salary sub-index,Non-teaching salaries sub-index,Salaries and wages sub-index,"School facilities, supplies and services sub-index",Teachers' salaries sub-index,Teachers salaries,Total expenditures,Total operating expenditures,Extended-time,On-time,College,Elementary and/or High School,University
01-01-1947,Alberta,,,,,,,,,,,,186.0,528.0,528.0,,,,,
01-01-1947,British Columbia,,,,,,,,,,,,224.0,1265.0,1265.0,,,,,
01-01-1947,Canada,,,,,,,,,,,,3742.0,13951.0,13951.0,,,,,
01-01-1947,Manitoba,,,,,,,,,,,,106.0,556.0,556.0,,,,,
01-01-1947,New Brunswick,,,,,,,,,,,,,,,,,,,
01-01-1947,Newfoundland and Labrador,,,,,,,,,,,,,,,,,,,
01-01-1947,Nova Scotia,,,,,,,,,,,,,,,,,,,
01-01-1947,Ontario,,,,,,,,,,,,1231.0,4509.0,4509.0,,,,,
01-01-1947,Prince Edward Island,,,,,,,,,,,,,,,,,,,
01-01-1947,Quebec,,,,,,,,,,,,1770.0,5900.0,5900.0,,,,,
01-01-1947,Saskatchewan,,,,,,,,,,,,83.0,449.0,449.0,,,,,
01-01-1948,Alberta,,,,,,,,,,,,246.5,789.0,789.0,,,,,
01-01-1948,British Columbia,,,,,,,,,,,,280.0,1280.0,1280.0,,,,,
01-01-1948,Canada,,,,,,,,,,,,4377.0,15400.0,15440.5,,,,,
01-01-1948,Manitoba,,,,,,,,,,,,153.0,607.0,607.0,,,,,
01-01-1948,New Brunswick,,,,,,,,,,,,,,,,,,,
01-01-1948,Newfoundland and Labrador,,,,,,,,,,,,,,,,,,,
01-01-1948,Nova Scotia,,,,,,,,,,,,,,,,,,,
01-01-1948,Ontario,,,,,,,,,,,,1378.5,4910.5,4910.5,,,,,
01-01-1948,Prince Edward Island,,,,,,,,,,,,,,,,,,,
01-01-1948,Quebec,,,,,,,,,,,,2045.0,6543.5,6543.5,,,,,
01-01-1948,Saskatchewan,,,,,,,,,,,,96.5,509.0,509.0,,,,,
01-01-1949,Alberta,,,,,,,,,,,,307.0,1050.0,1050.0,,,,,
01-01-1949,British Columbia,,,,,,,,,,,,336.0,1295.0,1295.0,,,,,
01-01-1949,Canada,,,,,,,,,,,,5012.0,16930.0,16930.0,,,,,
01-01-1949,Manitoba,,,,,,,,,,,,200.0,658.0,658.0,,,,,
01-01-1949,New Brunswick,,,,,,,,,,,,,,,,,,,
01-01-1949,Newfoundland and Labrador,,,,,,,,,,,,,,,,,,,
01-01-1949,Nova Scotia,,,,,,,,,,,,,,,,,,,
01-01-1949,Ontario,,,,,,,,,,,,1526.0,5312.0,5312.0,,,,,
01-01-1949,Prince Edward Island,,,,,,,,,,,,,,,,,,,
01-01-1949,Quebec,,,,,,,,,,,,2320.0,7187.0,7187.0,,,,,
01-01-1949,Saskatchewan,,,,,,,,,,,,110.0,569.0,569.0,,,,,
01-01-1950,Alberta,,,,,,,,,,,,329.0,1072.0,1072.0,,,,,
01-01-1950,British Columbia,,,,,,,,,,,,350.0,1322.0,1322.0,,,,,
01-01-1950,Canada,,,,,,,,,,,,5338.0,19312.0,19312.0,,,,,
01-01-1950,Manitoba,,,,,,,,,,,,283.0,808.0,808.0,,,,,
01-01-1950,New Brunswick,,,,,,,,,,,,,,,,,,,
01-01-1950,Newfoundland and Labrador,,,,,,,,,,,,,,,,,,,
01-01-1950,Nova Scotia,,,,,,,,,,,,,,,,,,,
01-01-1950,Ontario,,,,,,,,,,,,1627.0,5768.0,5768.0,,,,,
01-01-1950,Prince Edward Island,,,,,,,,,,,,,,,,,,,
01-01-1950,Quebec,,,,,,,,,,,,2400.0,8800.0,8800.0,,,,,
01-01-1950,Saskatchewan,,,,,,,,,,,,129.0,645.0,645.0,,,,,
01-01-1951,Alberta,,,,,,,,,,,,319.0,1116.0,1116.0,,,,,
01-01-1951,British Columbia,,,,,,,,,,,,333.0,1319.0,1319.0,,,,,
01-01-1951,Canada,,,,,,,,,,,,5313.0,19030.0,19030.0,,,,,
01-01-1951,Manitoba,,,,,,,,,,,,284.0,833.0,833.0,,,,,
01-01-1951,New Brunswick,,,,,,,,,,,,,,,,,,,
01-01-1951,Newfoundland and Labrador,,,,,,,,,,,,,,,,,,,
01-01-1951,Nova Scotia,,,,,,,,,,,,,,,,,,,
01-01-1951,Ontario,,,,,,,,,,,,1649.0,5522.0,5522.0,,,,,
01-01-1951,Prince Edward Island,,,,,,,,,,,,,,,,,,,
01-01-1951,Quebec,,,,,,,,,,,,2400.0,8835.0,8835.0,,,,,
01-01-1951,Saskatchewan,,,,,,,,,,,,105.0,564.0,564.0,,,,,
01-01-1952,Alberta,,,,,,,,,,,,318.0,1039.0,1039.0,,,,,
01-01-1952,British Columbia,,,,,,,,,,,,374.0,1403.0,1403.0,,,,,
01-01-1952,Canada,,,,,,,,,,,,5412.0,19259.0,19259.0,,,,,
01-01-1952,Manitoba,,,,,,,,,,,,284.0,859.0,859.0,,,,,
01-01-1952,New Brunswick,,,,,,,,,,,,,,,,,,,
01-01-1952,Newfoundland and Labrador,,,,,,,,,,,,,,,,,,,
01-01-1952,Nova Scotia,,,,,,,,,,,,,,,,,,,
01-01-1952,Ontario,,,,,,,,,,,,1770.0,5817.0,5817.0,,,,,
01-01-1952,Prince Edward Island,,,,,,,,,,,,,,,,,,,
01-01-1952,Quebec,,,,,,,,,,,,2350.0,8750.0,8750.0,,,,,
01-01-1952,Saskatchewan,,,,,,,,,,,,111.0,593.0,593.0,,,,,
01-01-1953,Alberta,,,,,,,,,,,,421.0,1257.0,1257.0,,,,,
01-01-1953,British Columbia,,,,,,,,,,,,491.0,1636.0,1636.0,,,,,
01-01-1953,Canada,,,,,,,,,,,,6100.0,20668.0,20668.0,,,,,
01-01-1953,Manitoba,,,,,,,,,,,,333.0,908.0,908.0,,,,,
01-01-1953,New Brunswick,,,,,,,,,,,,,,,,,,,
01-01-1953,Newfoundland and Labrador,,,,,,,,,,,,,,,,,,,
01-01-1953,Nova Scotia,,,,,,,,,,,,,,,,,,,
01-01-1953,Ontario,,,,,,,,,,,,1966.0,6483.0,6483.0,,,,,
01-01-1953,Prince Edward Island,,,,,,,,,,,,,,,,,,,
01-01-1953,Quebec,,,,,,,,,,,,2500.0,9000.0,9000.0,,,,,
01-01-1953,Saskatchewan,,,,,,,,,,,,144.0,620.0,620.0,,,,,
01-01-1954,Alberta,,,,,,,,,,,,487.0,1245.0,1245.0,,,,,
01-01-1954,British Columbia,,,,,,,,,,,,518.0,1727.0,1727.0,,,,,
01-01-1954,Canada,,,,,,,,,,,,6360.0,21204.0,21204.0,,,,,
01-01-1954,Manitoba,,,,,,,,,,,,384.0,942.0,942.0,,,,,
01-01-1954,New Brunswick,,,,,,,,,,,,,,,,,,,
01-01-1954,Newfoundland and Labrador,,,,,,,,,,,,,,,,,,,
01-01-1954,Nova Scotia,,,,,,,,,,,,,,,,,,,
01-01-1954,Ontario,,,,,,,,,,,,1915.0,6524.0,6524.0,,,,,
01-01-1954,Prince Edward Island,,,,,,,,,,,,,,,,,,,
01-01-1954,Quebec,,,,,,,,,,,,2600.0,9250.0,9250.0,,,,,
01-01-1954,Saskatchewan,,,,,,,,,,,,183.0,612.0,612.0,,,,,
01-01-1955,Alberta,,,,,,,,,,,,361.0,957.0,957.0,,,,,
01-01-1955,British Columbia,,,,,,,,,,,,706.0,2098.0,2098.0,,,,,
01-01-1955,Canada,,,,,,,,,,,,6979.0,22558.0,22558.0,,,,,
01-01-1955,Manitoba,,,,,,,,,,,,373.0,892.0,892.0,,,,,
01-01-1955,New Brunswick,,,,,,,,,,,,,,,,,,,
01-01-1955,Newfoundland and Labrador,,,,,,,,,,,,,,,,,,,
01-01-1955,Nova Scotia,,,,,,,,,,,,,,,,,,,
01-01-1955,Ontario,,,,,,,,,,,,2353.0,7435.0,7435.0,,,,,
01-01-1955,Prince Edward Island,,,,,,,,,,,,,,,,,,,
01-01-1955,Quebec,,,,,,,,,,,,2700.0,9500.0,9500.0,,,,,
01-01-1955,Saskatchewan,,,,,,,,,,,,215.0,789.0,789.0,,,,,
01-01-1956,Alberta,,,,,,,,,,,,566.0,1479.0,1479.0,,,,,
01-01-1956,British Columbia,,,,,,,,,,,,935.0,2276.0,2276.0,,,,,
01-01-1956,Canada,,,,,,,,,,,,13117.0,34131.0,34131.0,,,,,
01-01-1956,Manitoba,,,,,,,,,,,,557.0,1182.0,1182.0,,,,,
01-01-1956,New Brunswick,,,,,,,,,,,,,,,,,,,
01-01-1956,Newfoundland and Labrador,,,,,,,,,,,,,,,,,,,
01-01-1956,Nova Scotia,,,,,,,,,,,,,,,,,,,
01-01-1956,Ontario,,,,,,,,,,,,2928.0,8564.0,8564.0,,,,,
01-01-1956,Prince Edward Island,,,,,,,,,,,,,,,,,,,
01-01-1956,Quebec,,,,,,,,,,,,7500.0,18800.0,18800.0,,,,,
01-01-1956,Saskatchewan,,,,,,,,,,,,242.0,839.0,839.0,,,,,
01-01-1957,Alberta,,,,,,,,,,,,693.0,2044.0,2044.0,,,,,
01-01-1957,British Columbia,,,,,,,,,,,,1003.0,2693.0,2693.0,,,,,
01-01-1957,Canada,,,,,,,,,,,,14914.0,40570.0,40570.0,,,,,
01-01-1957,Manitoba,,,,,,,,,,,,621.0,1346.0,1346.0,,,,,
01-01-1957,New Brunswick,,,,,,,,,,,,,,,,,,,
01-01-1957,Newfoundland and Labrador,,,,,,,,,,,,,,,,,,,
01-01-1957,Nova Scotia,,,,,,,,,,,,,,,,,,,
01-01-1957,Ontario,,,,,,,,,,,,3264.0,10041.0,10041.0,,,,,
01-01-1957,Prince Edward Island,,,,,,,,,,,,,,,,,,,
01-01-1957,Quebec,,,,,,,,,,,,8400.0,21100.0,21100.0,,,,,
01-01-1957,Saskatchewan,,,,,,,,,,,,341.0,1453.0,1453.0,,,,,
01-01-1958,Alberta,,,,,,,,,,,,693.0,1964.0,1964.0,,,,,
01-01-1958,British Columbia,,,,,,,,,,,,1136.0,2837.0,2837.0,,,,,
01-01-1958,Canada,,,,,,,,,,,,16054.0,42472.0,42472.0,,,,,
01-01-1958,Manitoba,,,,,,,,,,,,720.0,1559.0,1559.0,,,,,
01-01-1958,New Brunswick,,,,,,,,,,,,,,,,,,,
01-01-1958,Newfoundland and Labrador,,,,,,,,,,,,,,,,,,,
01-01-1958,Nova Scotia,,,,,,,,,,,,,,,,,,,
01-01-1958,Ontario,,,,,,,,,,,,3590.0,10562.0,10562.0,,,,,
01-01-1958,Prince Edward Island,,,,,,,,,,,,,,,,,,,
01-01-1958,Quebec,,,,,,,,,,,,8820.0,22155.0,22155.0,,,,,
01-01-1958,Saskatchewan,,,,,,,,,,,,486.0,1460.0,1460.0,,,,,
01-01-1959,Alberta,,,,,,,,,,,,843.0,2244.0,2244.0,,,,,
01-01-1959,British Columbia,,,,,,,,,,,,1433.0,3451.0,3451.0,,,,,
01-01-1959,Canada,,,,,,,,,,,,18673.0,47598.0,47598.0,,,,,
01-01-1959,Manitoba,,,,,,,,,,,,755.0,1739.0,1739.0,,,,,
01-01-1959,New Brunswick,,,,,,,,,,,,,,,,,,,
01-01-1959,Newfoundland and Labrador,,,,,,,,,,,,,,,,,,,
01-01-1959,Nova Scotia,,,,,,,,,,,,,,,,,,,
01-01-1959,Ontario,,,,,,,,,,,,4250.0,11812.0,11812.0,,,,,
01-01-1959,Prince Edward Island,,,,,,,,,,,,,,,,,,,
01-01-1959,Quebec,,,,,,,,,,,,10258.0,24766.0,24766.0,,,,,
01-01-1959,Saskatchewan,,,,,,,,,,,,470.0,1644.0,1644.0,,,,,
01-01-1960,Alberta,,,,,,,,,,,,963.0,2233.0,2233.0,,,,,
01-01-1960,British Columbia,,,,,,,,,,,,1900.0,4278.0,4278.0,,,,,
01-01-1960,Canada,,,,,,,,,,,,23364.0,54230.0,54230.0,,,,,
01-01-1960,Manitoba,,,,,,,,,,,,1092.0,2109.0,2109.0,,,,,
01-01-1960,New Brunswick,,,,,,,,,,,,,,,,,,,
01-01-1960,Newfoundland and Labrador,,,,,,,,,,,,,,,,,,,
01-01-1960,Nova Scotia,,,,,,,,,,,,,,,,,,,
01-01-1960,Ontario,,,,,,,,,,,,5103.0,13160.0,13160.0,,,,,
01-01-1960,Prince Edward Island,,,,,,,,,,,,,,,,,,,
01-01-1960,Quebec,,,,,,,,,,,,12800.0,28200.0,28200.0,,,,,
01-01-1960,Saskatchewan,,,,,,,,,,,,571.0,1824.0,1824.0,,,,,
01-01-1961,Alberta,,,,,,,,,,,,1271.0,2960.0,2960.0,,,,,
01-01-1961,British Columbia,,,,,,,,,,,,2351.0,4875.0,4875.0,,,,,
01-01-1961,Canada,,,,,,,,,,,,26429.0,60086.0,60086.0,,,,,
01-01-1961,Manitoba,,,,,,,,,,,,1224.0,2394.0,2394.0,,,,,
01-01-1961,New Brunswick,,,,,,,,,,,,,,,,,,,
01-01-1961,Newfoundland and Labrador,,,,,,,,,,,,,,,,,,,
01-01-1961,Nova Scotia,,,,,,,,,,,,,,,,,,,
01-01-1961,Ontario,,,,,,,,,,,,6050.0,14716.0,14716.0,,,,,
01-01-1961,Prince Edward Island,,,,,,,,,,,,,,,,,,,
01-01-1961,Quebec,,,,,,,,,,,,13758.0,30350.0,30350.0,,,,,
01-01-1961,Saskatchewan,,,,,,,,,,,,702.0,2123.0,2123.0,,,,,
01-01-1962,Alberta,,,,,,,,,,,,1378.0,3202.0,3202.0,,,,,
01-01-1962,British Columbia,,,,,,,,,,,,2510.0,5400.0,5400.0,,,,,
01-01-1962,Canada,,,,,,,,,,,,30011.0,67996.0,67996.0,,,,,
01-01-1962,Manitoba,,,,,,,,,,,,1253.0,2621.0,2621.0,,,,,
01-01-1962,New Brunswick,,,,,,,,,,,,,,,,,,,
01-01-1962,Newfoundland and Labrador,,,,,,,,,,,,,,,,,,,
01-01-1962,Nova Scotia,,,,,,,,,,,,,,,,,,,
01-01-1962,Ontario,,,,,,,,,,,,8346.0,19276.0,19276.0,,,,,
01-01-1962,Prince Edward Island,,,,,,,,,,,,,,,,,,,
01-01-1962,Quebec,,,,,,,,,,,,14882.0,32760.0,32760.0,,,,,
01-01-1962,Saskatchewan,,,,,,,,,,,,694.0,2004.0,2004.0,,,,,
01-01-1963,Alberta,,,,,,,,,,,,1498.0,3368.0,3368.0,,,,,
01-01-1963,British Columbia,,,,,,,,,,,,3210.0,6893.0,6893.0,,,,,
01-01-1963,Canada,,,,,,,,,,,,33427.0,74376.0,74376.0,,,,,
01-01-1963,Manitoba,,,,,,,,,,,,1470.0,2853.0,2853.0,,,,,
01-01-1963,New Brunswick,,,,,,,,,,,,,,,,,,,
01-01-1963,Newfoundland and Labrador,,,,,,,,,,,,,,,,,,,
01-01-1963,Nova Scotia,,,,,,,,,,,,,,,,,,,
01-01-1963,Ontario,,,,,,,,,,,,9403.0,21755.0,21755.0,,,,,
01-01-1963,Prince Edward Island,,,,,,,,,,,,,,,,,,,
01-01-1963,Quebec,,,,,,,,,,,,16095.0,34360.0,34360.0,,,,,
01-01-1963,Saskatchewan,,,,,,,,,,,,758.0,2152.0,2152.0,,,,,
01-01-1964,Alberta,,,,,,,,,,,,1641.0,3575.0,3575.0,,,,,
01-01-1964,British Columbia,,,,,,,,,,,,4068.0,8181.0,8181.0,,,,,
01-01-1964,Canada,,,,,,,,,,,,37654.0,80456.0,80456.0,,,,,
01-01-1964,Manitoba,,,,,,,,,,,,1605.0,3085.0,3085.0,,,,,
01-01-1964,New Brunswick,,,,,,,,,,,,,,,,,,,
01-01-1964,Newfoundland and Labrador,,,,,,,,,,,,,,,,,,,
01-01-1964,Nova Scotia,,,,,,,,,,,,,,,,,,,
01-01-1964,Ontario,,,,,,,,,,,,10917.0,24545.0,24545.0,,,,,
01-01-1964,Prince Edward Island,,,,,,,,,,,,,,,,,,,
01-01-1964,Quebec,,,,,,,,,,,,17205.0,35575.0,35575.0,,,,,
01-01-1964,Saskatchewan,,,,,,,,,,,,1113.0,2560.0,2560.0,,,,,
01-01-1965,Alberta,,,,,,,,,,,,2090.0,4961.0,4961.0,,,,,
01-01-1965,British Columbia,,,,,,,,,,,,4385.0,8939.0,8939.0,,,,,
01-01-1965,Canada,,,,,,,,,,,,39930.0,85472.0,85472.0,,,,,
01-01-1965,Manitoba,,,,,,,,,,,,1609.0,3558.0,3558.0,,,,,
01-01-1965,New Brunswick,,,,,,,,,,,,,,,,,,,
01-01-1965,Newfoundland and Labrador,,,,,,,,,,,,,,,,,,,
01-01-1965,Nova Scotia,,,,,,,,,,,,,,,,,,,
01-01-1965,Ontario,,,,,,,,,,,,12252.0,26515.0,26515.0,,,,,
01-01-1965,Prince Edward Island,,,,,,,,,,,,,,,,,,,
01-01-1965,Quebec,,,,,,,,,,,,17707.0,36495.0,36495.0,,,,,
01-01-1965,Saskatchewan,,,,,,,,,,,,672.0,1907.0,1907.0,,,,,
01-01-1966,Alberta,,,,,,,,,,,,1841.0,4009.0,4009.0,,,,,
01-01-1966,British Columbia,,,,,,,,,,,,4580.0,9303.0,9303.0,,,,,
01-01-1966,Canada,,,,,,,,,,,,43726.0,91631.0,91631.0,,,,,
01-01-1966,Manitoba,,,,,,,,,,,,1997.0,4547.0,4547.0,,,,,
01-01-1966,New Brunswick,,,,,,,,,,,,,,,,,,,
01-01-1966,Newfoundland and Labrador,,,,,,,,,,,,,,,,,,,
01-01-1966,Nova Scotia,,,,,,,,,,,,,,,,,,,
01-01-1966,Ontario,,,,,,,,,,,,14276.0,30393.0,30393.0,,,,,
01-01-1966,Prince Edward Island,,,,,,,,,,,,,,,,,,,
01-01-1966,Quebec,,,,,,,,,,,,18768.0,37675.0,37675.0,,,,,
01-01-1966,Saskatchewan,,,,,,,,,,,,911.0,2627.0,2627.0,,,,,
01-01-1967,Alberta,,,,,,,,,,,,1949.0,4517.0,4488.0,,,,,
01-01-1967,British Columbia,,,,,,,,,,,,4881.0,10350.0,9898.0,,,,,
01-01-1967,Canada,,,,,,,,,,,,42110.0,89779.0,86651.0,,,,,
01-01-1967,Manitoba,,,,,,,,,,,,2129.0,4835.0,4404.0,,,,,
01-01-1967,New Brunswick,,,,,,,,,,,,,,,,,,,
01-01-1967,Newfoundland and Labrador,,,,,,,,,,,,,,,,,,,
01-01-1967,Nova Scotia,,,,,,,,,,,,,,,,,,,
01-01-1967,Ontario,,,,,,,,,,,,16203.0,35043.0,32951.0,,,,,
01-01-1967,Prince Edward Island,,,,,,,,,,,,,,,,,,,
01-01-1967,Quebec,,,,,,,,,,,,14914.0,29900.0,29900.0,,,,,
01-01-1967,Saskatchewan,,,,,,,,,,,,958.0,2548.0,2446.0,,,,,
01-01-1968,Alberta,,,,,,,,,,,,2219.0,4899.0,4771.0,,,,,
01-01-1968,British Columbia,,,,,,,,,,,,5525.0,11165.0,10802.0,,,,,
01-01-1968,Canada,,,,,,,,,,,,44021.0,91974.0,90475.0,,,,,
01-01-1968,Manitoba,,,,,,,,,,,,2283.0,4776.0,4681.0,,,,,
01-01-1968,New Brunswick,,,,,,,,,,,,,,,,,,,
01-01-1968,Newfoundland and Labrador,,,,,,,,,,,,,,,,,,,
01-01-1968,Nova Scotia,,,,,,,,,,,,,,,,,,,
01-01-1968,Ontario,,,,,,,,,,,,17436.0,37480.0,36628.0,,,,,
01-01-1968,Prince Edward Island,,,,,,,,,,,,,,,,,,,
01-01-1968,Quebec,,,,,,,,,,,,14115.0,28264.0,28264.0,,,,,
01-01-1968,Saskatchewan,,,,,,,,,,,,1020.0,2573.0,2512.0,,,,,
01-01-1969,Alberta,,,,,,,,,,,,2490.0,5111.0,5058.0,,,,,
01-01-1969,British Columbia,,,,,,,,,,,,5778.0,12505.0,11336.0,,,,,
01-01-1969,Canada,,,,,,,,,,,,58478.0,124314.0,115010.0,,,,,
01-01-1969,Manitoba,,,,,,,,,,,,2318.0,4506.0,4506.0,,,,,
01-01-1969,New Brunswick,,,,,,,,,,,,,,,,,,,
01-01-1969,Newfoundland and Labrador,,,,,,,,,,,,,,,,,,,
01-01-1969,Nova Scotia,,,,,,,,,,,,,,,,,,,
01-01-1969,Ontario,,,,,,,,,,,,21079.0,42727.0,40196.0,,,,,
01-01-1969,Prince Edward Island,,,,,,,,,,,,,,,,,,,
01-01-1969,Quebec,,,,,,,,,,,,24411.0,53767.0,48907.0,,,,,
01-01-1969,Saskatchewan,,,,,,,,,,,,897.0,2362.0,2362.0,,,,,
01-01-1970,Alberta,,,,,,,,,,,,2814.0,5165.0,5122.0,,,,,
01-01-1970,British Columbia,,,,,,,,,,,,5993.0,12517.0,11817.0,,,,,
01-01-1970,Canada,,,,,,,,,,,,68859.0,141484.0,136540.0,,,,,
01-01-1970,Manitoba,,,,,,,,,,,,2724.0,5196.0,5175.0,,,,,
01-01-1970,New Brunswick,,,,,,,,,,,,,,,,,,,
01-01-1970,Newfoundland and Labrador,,,,,,,,,,,,,,,,,,,
01-01-1970,Nova Scotia,,,,,,,,,,,,,,,,,,,
01-01-1970,Ontario,,,,,,,,,,,,24232.0,46133.0,45320.0,,,,,
01-01-1970,Prince Edward Island,,,,,,,,,,,,,,,,,,,
01-01-1970,Quebec,,,,,,,,,,,,30232.0,66460.0,63191.0,,,,,
01-01-1970,Saskatchewan,,,,,,,,,,,,797.0,1969.0,1966.0,,,,,
01-01-1971,Alberta,,,,30.13,29.86,28.19,27.24,27.59,30.76,23.58,31.33,3116.0,6225.0,6225.0,,,,,
01-01-1971,British Columbia,,,,30.19,25.15,28.19,25.06,27.79,31.13,22.67,31.82,6817.0,14065.0,14065.0,,,,,
01-01-1971,Canada,,,,29.82,28.81,28.19,26.93,27.65,30.51,23.51,30.91,70269.0,148782.0,145275.0,,,,,
01-01-1971,Manitoba,,,,29.49,31.8,28.19,27.75,27.85,29.88,23.81,30.22,2861.0,5069.0,5069.0,,,,,
01-01-1971,New Brunswick,,,,27.93,31.71,28.19,27.28,27.76,28.1,24.67,28.22,,,,,,,,
01-01-1971,Newfoundland and Labrador,,,,29.37,29.39,28.19,27.45,28.22,29.77,24.19,29.88,,,,,,,,
01-01-1971,Nova Scotia,,,,27.54,27.6,28.19,26.18,27.02,27.74,24.29,27.84,,,,,,,,
01-01-1971,Ontario,,,,30.36,30.07,28.19,26.9,27.76,31.17,23.48,31.68,25136.0,48453.0,48453.0,,,,,
01-01-1971,Prince Edward Island,,,,27.99,30.6,28.19,27.44,28.22,28.07,25.1,28.16,,,,,,,,
01-01-1971,Quebec,,,,29.49,27.64,28.19,27.11,27.36,30.08,24.08,30.32,29676.0,69331.0,65824.0,,,,,
01-01-1971,Saskatchewan,,,,28.92,31.13,28.19,27.44,27.79,29.37,21.89,29.6,818.0,2294.0,2294.0,,,,,
01-01-1972,Alberta,,,,31.62,30.74,28.61,27.98,28.08,32.42,24.45,33.17,3366.0,6670.0,6670.0,,,,,
01-01-1972,British Columbia,,,,32.11,26.64,28.61,25.92,28.28,33.26,23.51,34.25,7646.0,15900.0,15900.0,,,,,
01-01-1972,Canada,,,,31.2,29.86,28.61,27.72,28.15,32.02,24.39,32.58,80154.0,172655.0,168312.0,,,,,
01-01-1972,Manitoba,,,,30.88,32.43,28.61,28.39,28.34,31.42,24.69,31.94,2647.0,5715.0,5715.0,,,,,
01-01-1972,New Brunswick,,,,29.66,32.37,28.61,28.03,28.25,30.01,25.59,30.33,,,,,,,,
01-01-1972,Newfoundland and Labrador,,,,31.68,30.34,28.61,28.32,28.72,32.46,25.09,32.72,,,,,,,,
01-01-1972,Nova Scotia,,,,29.3,28.85,28.61,27.11,27.5,29.63,25.2,29.92,,,,,,,,
01-01-1972,Ontario,,,,31.31,30.95,28.61,27.61,28.25,32.18,24.35,32.77,27522.0,53431.0,53431.0,,,,,
01-01-1972,Prince Edward Island,,,,29.6,31.41,28.61,28.23,28.72,29.8,26.04,30.05,,,,,,,,
01-01-1972,Quebec,,,,31.1,28.86,28.61,28.04,27.84,31.87,24.98,32.27,36658.0,85666.0,81323.0,,,,,
01-01-1972,Saskatchewan,,,,30.53,31.87,28.61,28.11,28.28,31.27,22.71,31.69,535.0,1461.0,1461.0,,,,,
01-01-1973,Alberta,,,,33.45,31.07,29.77,29.17,28.42,34.4,26.57,35.41,2920.0,6245.0,5735.0,,,,,
01-01-1973,British Columbia,,,,34.63,28.14,29.77,27.6,28.62,35.93,25.54,37.36,6506.0,14457.0,13122.0,,,,,
01-01-1973,Canada,,,,33.03,30.5,29.77,28.97,28.48,33.99,26.49,34.79,90259.0,199201.0,187078.0,,,,,
01-01-1973,Manitoba,,,,32.62,32.28,29.77,29.57,28.68,33.29,26.82,34.06,3052.0,6135.0,5662.0,,,,,
01-01-1973,New Brunswick,,,,31.52,32.27,29.77,29.42,28.59,31.95,27.8,32.51,,,,,,,,
01-01-1973,Newfoundland and Labrador,,,,33.66,30.8,29.77,29.46,29.06,34.64,27.25,35.03,,,,,,,,
01-01-1973,Nova Scotia,,,,31.17,29.87,29.77,28.63,27.83,31.54,27.37,32.03,,,,,,,,
01-01-1973,Ontario,,,,32.46,31.27,29.77,28.83,28.59,33.31,26.45,34.03,28403.0,59249.0,55343.0,,,,,
01-01-1973,Prince Edward Island,,,,31.79,31.61,29.77,29.65,29.06,32.12,28.28,32.59,,,,,,,,
01-01-1973,Quebec,,,,33.62,29.81,29.77,29.23,28.18,34.78,27.13,35.51,46762.0,108106.0,102547.0,,,,,
01-01-1973,Saskatchewan,,,,32.53,31.94,29.77,29.06,28.62,33.59,24.67,34.25,848.0,1769.0,1738.0,,,,,
01-01-1974,Alberta,,,,36.55,32.07,39.6,33.96,31.09,37.12,30.81,38.16,3045.0,6889.0,6543.0,,,,,
01-01-1974,British Columbia,,,,38.65,29.91,39.6,33.0,31.31,39.68,29.62,41.32,8240.0,19853.0,15858.0,,,,,
01-01-1974,Canada,,,,36.46,31.72,39.6,33.79,31.16,37.1,30.73,37.96,113928.0,248192.0,230883.0,,,,,
01-01-1974,Manitoba,,,,36.69,32.99,39.6,35.51,31.38,36.95,31.11,37.89,3430.0,6501.0,5996.0,,,,,
01-01-1974,New Brunswick,,,,33.9,33.01,39.6,33.9,31.28,33.96,32.24,34.43,,,,,,,,
01-01-1974,Newfoundland and Labrador,,,,36.14,31.9,39.6,32.8,31.8,36.88,31.61,37.24,,,,,,,,
01-01-1974,Nova Scotia,,,,34.19,31.35,39.6,33.05,30.45,34.37,31.75,34.89,,,,,,,,
01-01-1974,Ontario,,,,35.14,32.28,39.6,34.04,31.28,35.42,30.68,36.04,33560.0,64137.0,59438.0,,,,,
01-01-1974,Prince Edward Island,,,,34.32,32.53,39.6,34.22,31.8,34.32,32.8,34.74,,,,,,,,
01-01-1974,Quebec,,,,38.22,31.23,39.6,33.54,30.83,39.43,31.47,40.4,62650.0,144850.0,137410.0,,,,,
01-01-1974,Saskatchewan,,,,35.93,32.78,39.6,33.44,31.32,36.68,28.61,37.4,1253.0,2817.0,2703.0,,,,,
01-01-1975,Alberta,,,,43.01,36.66,45.55,38.83,34.89,43.93,35.0,45.46,4041.0,9147.0,8141.0,,,,,
01-01-1975,British Columbia,,,,44.7,35.62,45.55,37.97,35.15,45.93,33.64,48.02,10745.0,23238.0,20974.0,,,,,
01-01-1975,Canada,,,,41.94,36.64,45.55,38.79,34.98,42.68,34.9,43.8,130052.0,287519.0,270793.0,,,,,
01-01-1975,Manitoba,,,,42.06,37.13,45.55,40.5,35.22,42.43,35.34,43.64,3691.0,7004.0,6831.0,,,,,
01-01-1975,New Brunswick,,,,40.15,37.21,45.55,38.53,35.1,40.51,36.62,41.39,,,,,,,,
01-01-1975,Newfoundland and Labrador,,,,43.49,36.63,45.55,37.54,35.69,44.9,35.9,45.53,,,,,,,,
01-01-1975,Nova Scotia,,,,38.37,36.68,45.55,38.06,34.17,38.43,36.06,38.99,,,,,,,,
01-01-1975,Ontario,,,,40.09,36.89,45.55,38.92,35.11,40.39,34.84,41.19,37876.0,77378.0,72794.0,,,,,
01-01-1975,Prince Edward Island,,,,38.96,37.03,45.55,39.0,35.69,38.94,37.26,39.47,,,,,,,,
01-01-1975,Quebec,,,,44.08,36.45,45.55,38.8,34.6,45.45,35.74,46.69,71089.0,164360.0,155918.0,,,,,
01-01-1975,Saskatchewan,,,,40.38,37.14,45.55,38.11,35.15,41.06,32.5,41.86,939.0,2651.0,2557.0,,,,,
01-01-1976,Alberta,,,,47.79,44.43,47.72,43.73,40.07,48.68,39.32,50.14,4344.0,9158.0,8590.0,,,,,
01-01-1976,British Columbia,,,,50.12,43.69,47.72,42.36,40.36,51.55,37.8,53.73,13912.0,27374.0,25337.0,,,,,
01-01-1976,Canada,,,,48.36,44.55,47.72,43.79,40.16,49.44,39.21,50.79,167121.0,334228.0,313315.0,,,,,
01-01-1976,Manitoba,,,,46.91,44.8,47.72,44.69,40.45,47.41,39.7,48.58,4693.0,9104.0,8780.0,,,,,
01-01-1976,New Brunswick,,,,46.88,44.92,47.72,43.48,40.31,47.58,41.15,48.73,,,,,,,,
01-01-1976,Newfoundland and Labrador,,,,52.39,44.45,47.72,43.47,40.98,54.55,40.33,55.49,,,,,,,,
01-01-1976,Nova Scotia,,,,47.11,44.76,47.72,43.35,39.24,47.68,40.51,48.79,,,,,,,,
01-01-1976,Ontario,,,,47.41,44.71,47.72,43.5,40.32,48.34,39.15,49.57,45480.0,94609.0,86698.0,,,,,
01-01-1976,Prince Edward Island,,,,48.13,44.81,47.72,44.06,40.98,48.76,41.86,49.84,,,,,,,,
01-01-1976,Quebec,,,,49.63,44.47,47.72,44.52,39.73,50.93,40.16,52.19,95270.0,186133.0,176572.0,,,,,
01-01-1976,Saskatchewan,,,,47.78,44.9,47.72,43.12,40.36,49.2,36.51,50.39,1136.0,3475.0,3161.0,,,,,
01-01-1977,Alberta,,,,51.69,47.51,47.84,46.52,45.41,52.82,44.12,54.11,5505.0,10317.0,9485.0,,,,,
01-01-1977,British Columbia,,,,53.7,47.68,47.84,45.54,45.74,55.19,42.41,57.06,14992.0,31400.0,28094.0,,,,,
01-01-1977,Canada,,,,52.36,47.9,47.84,46.55,45.52,53.73,43.99,54.91,187094.0,367351.0,344796.0,,,,,
01-01-1977,Manitoba,,,,50.58,47.52,47.84,46.98,45.84,51.38,44.54,52.31,5214.0,9115.0,8838.0,,,,,
01-01-1977,New Brunswick,,,,50.86,47.69,47.84,46.96,45.69,51.65,46.17,52.63,,,,,,,,
01-01-1977,Newfoundland and Labrador,,,,57.12,47.65,47.84,46.88,46.45,59.62,45.25,60.53,,,,,,,,
01-01-1977,Nova Scotia,,,,50.9,48.43,47.84,46.78,44.47,51.51,45.45,52.44,,,,,,,,
01-01-1977,Ontario,,,,51.53,47.81,47.84,46.09,45.7,52.81,43.92,53.89,55972.0,109039.0,101963.0,,,,,
01-01-1977,Prince Edward Island,,,,53.37,47.81,47.84,47.53,46.45,54.27,46.96,55.38,,,,,,,,
01-01-1977,Quebec,,,,53.65,48.05,47.84,47.29,45.03,55.29,45.06,56.42,101726.0,198746.0,188538.0,,,,,
01-01-1977,Saskatchewan,,,,51.53,47.8,47.84,45.68,45.74,53.3,40.96,54.33,1488.0,4266.0,3999.0,,,,,
01-01-1978,Alberta,,,,55.56,50.31,50.76,50.04,48.14,56.77,48.86,58.26,5927.0,11660.0,10778.0,,,,,
01-01-1978,British Columbia,,,,56.94,50.45,50.76,49.31,48.49,58.34,46.97,60.29,16985.0,36171.0,32521.0,,,,,
01-01-1978,Canada,,,,56.23,50.71,50.76,49.96,48.26,57.7,48.73,59.07,205118.0,404224.0,380370.0,,,,,
01-01-1978,Manitoba,,,,53.75,50.33,50.76,50.53,48.59,54.46,49.33,55.45,5978.0,10545.0,10252.0,,,,,
01-01-1978,New Brunswick,,,,53.3,50.51,50.76,50.96,48.43,53.82,51.13,54.71,,,,,,,,
01-01-1978,Newfoundland and Labrador,,,,60.84,50.44,50.76,50.42,49.24,63.38,50.12,64.35,,,,,,,,
01-01-1978,Nova Scotia,,,,52.94,51.27,50.76,50.47,47.14,53.32,50.34,54.14,,,,,,,,
01-01-1978,Ontario,,,,55.04,50.62,50.76,49.59,48.44,56.33,48.65,57.52,64183.0,125280.0,117418.0,,,,,
01-01-1978,Prince Edward Island,,,,56.87,50.64,50.76,51.5,49.24,57.7,52.02,58.9,,,,,,,,
01-01-1978,Quebec,,,,58.76,50.87,50.76,50.44,47.73,60.97,49.91,62.45,107445.0,209568.0,199138.0,,,,,
01-01-1978,Saskatchewan,,,,55.12,50.63,50.76,49.02,48.49,56.98,45.37,58.13,2038.0,5772.0,5477.0,,,,,
01-01-1979,Alberta,,,,60.31,56.45,57.44,56.2,50.47,61.22,54.56,63.04,6475.0,12723.0,11773.0,,,,,
01-01-1979,British Columbia,,,,61.44,55.09,57.44,55.03,50.83,62.59,52.44,64.9,18770.0,39897.0,35937.0,,,,,
01-01-1979,Canada,,,,60.97,56.49,57.44,55.98,50.59,62.14,54.41,63.82,229623.0,452466.0,426081.0,,,,,
01-01-1979,Manitoba,,,,58.39,57.1,57.44,56.95,50.94,58.74,55.08,60.04,6302.0,11113.0,10808.0,,,,,
01-01-1979,New Brunswick,,,,57.56,57.23,57.44,57.27,50.77,57.71,57.09,58.84,,,,,,,,
01-01-1979,Newfoundland and Labrador,,,,65.84,56.43,57.44,56.44,51.62,68.09,55.96,69.22,,,,,,,,
01-01-1979,Nova Scotia,,,,56.98,56.63,57.44,56.28,49.42,57.1,56.21,58.11,,,,,,,,
01-01-1979,Ontario,,,,58.98,56.81,57.44,55.72,50.78,59.77,54.32,61.14,71585.0,139580.0,130960.0,,,,,
01-01-1979,Prince Edward Island,,,,61.37,57.0,57.44,57.79,51.62,61.91,58.08,63.33,,,,,,,,
01-01-1979,Quebec,,,,64.89,56.27,57.44,56.25,50.04,67.16,55.73,69.13,121220.0,236438.0,224673.0,,,,,
01-01-1979,Saskatchewan,,,,59.94,57.15,57.44,55.21,50.83,61.38,50.66,62.79,2315.0,6544.0,6214.0,,,,,
01-01-1980,Alberta,,,,66.24,60.16,66.73,63.56,56.44,66.82,63.93,68.61,9013.0,18214.0,16347.0,,,,,
01-01-1980,British Columbia,,,,67.9,59.08,66.73,63.24,56.84,68.72,61.45,71.07,25716.0,49916.0,45057.0,,,,,
01-01-1980,Canada,,,,66.89,60.3,66.73,63.16,56.57,67.75,63.75,69.37,273900.0,526237.0,498765.0,,,,,
01-01-1980,Manitoba,,,,65.15,60.69,66.73,65.05,56.96,65.22,64.54,66.6,7576.0,14042.0,13252.0,,,,,
01-01-1980,New Brunswick,,,,62.65,60.85,66.73,65.32,56.77,62.29,66.89,63.24,,,,,,,,
01-01-1980,Newfoundland and Labrador,,,,70.74,60.19,66.73,62.95,57.72,72.54,65.57,73.56,,,,,,,,
01-01-1980,Nova Scotia,,,,62.14,60.57,66.73,63.69,55.27,61.94,65.86,62.82,,,,,,,,
01-01-1980,Ontario,,,,64.67,60.55,66.73,63.29,56.79,65.04,63.64,66.29,90113.0,174140.0,164308.0,,,,,
01-01-1980,Prince Edward Island,,,,66.75,60.7,66.73,65.8,57.72,66.88,68.05,68.18,,,,,,,,
01-01-1980,Quebec,,,,71.06,60.17,66.73,62.57,55.96,73.26,65.29,75.24,135247.0,254577.0,245414.0,,,,,
01-01-1980,Saskatchewan,,,,65.69,60.83,66.73,62.03,56.84,66.79,59.36,68.13,2773.0,8564.0,7781.0,,,,,
01-01-1981,Alberta,,,,75.62,67.57,76.53,74.44,67.21,75.87,79.47,77.4,13511.0,28129.0,24444.0,,,,,
01-01-1981,British Columbia,,,,77.79,67.75,76.53,75.45,67.69,78.16,76.16,80.28,32662.0,59838.0,54179.0,,,,,
01-01-1981,Canada,,,,75.03,68.1,76.53,73.82,67.37,75.29,79.01,76.42,314082.0,597984.0,566752.0,,,,,
01-01-1981,Manitoba,,,,73.65,67.61,76.53,76.12,67.84,73.19,80.24,74.09,9608.0,18376.0,17023.0,,,,,
01-01-1981,New Brunswick,,,,71.57,67.84,76.53,77.74,67.61,70.6,82.91,71.19,,,,,,,,
01-01-1981,Newfoundland and Labrador,,,,79.33,67.76,76.53,73.65,68.74,80.53,81.27,81.34,,,,,,,,
01-01-1981,Nova Scotia,,,,70.32,68.85,76.53,75.35,65.82,69.61,81.63,70.13,,,,,,,,
01-01-1981,Ontario,,,,72.17,67.99,76.53,74.18,67.63,71.76,78.88,72.34,106246.0,202981.0,192526.0,,,,,
01-01-1981,Prince Edward Island,,,,74.32,68.01,76.53,78.15,68.74,73.68,84.35,74.54,,,,,,,,
01-01-1981,Quebec,,,,78.93,68.32,76.53,72.34,66.64,80.55,80.93,82.05,144498.0,269993.0,261336.0,,,,,
01-01-1981,Saskatchewan,,,,74.44,68.0,76.53,72.1,67.7,75.13,73.79,76.15,3504.0,10838.0,9848.0,,,,,
01-01-1982,Alberta,,,,87.38,77.0,85.01,84.39,80.92,88.01,91.31,89.25,14468.0,29538.0,26180.0,,,,,
01-01-1982,British Columbia,,,,91.33,77.2,85.01,85.66,81.63,92.24,87.84,94.38,37998.0,67910.0,61795.0,,,,,
01-01-1982,Canada,,,,85.02,77.59,85.01,83.28,81.27,85.39,89.42,85.98,352303.0,665800.0,630180.0,,,,,
01-01-1982,Manitoba,,,,83.71,77.04,85.01,84.91,81.61,83.47,89.04,83.79,12165.0,22603.0,21355.0,,,,,
01-01-1982,New Brunswick,,,,83.85,77.3,85.01,86.77,83.02,83.39,91.93,83.46,,,,,,,,
01-01-1982,Newfoundland and Labrador,,,,88.74,77.2,85.01,83.12,82.87,89.93,91.17,90.41,,,,,,,,
01-01-1982,Nova Scotia,,,,78.83,78.41,85.01,84.28,79.51,78.07,90.11,77.87,,,,,,,,
01-01-1982,Ontario,,,,80.97,77.47,85.01,83.46,81.59,80.45,88.81,80.3,117630.0,222077.0,209533.0,,,,,
01-01-1982,Prince Edward Island,,,,84.45,77.49,85.01,88.92,82.87,83.71,96.76,83.85,,,,,,,,
01-01-1982,Quebec,,,,88.6,77.82,85.01,81.83,80.27,90.26,91.75,91.34,161919.0,302544.0,292844.0,,,,,
01-01-1982,Saskatchewan,,,,85.09,77.47,85.01,81.43,81.61,86.16,83.77,86.8,3975.0,12512.0,11348.0,,,,,
01-01-1983,Alberta,,,,91.07,82.39,88.9,89.23,88.13,91.46,96.45,92.04,21202.0,40360.0,36789.0,,,,,
01-01-1983,British Columbia,,,,95.42,82.54,88.9,91.02,88.97,96.12,94.34,97.57,43334.0,76083.0,69412.0,,,,,
01-01-1983,Canada,,,,89.59,82.82,88.9,88.45,88.55,89.84,95.79,90.03,396505.0,741259.0,701694.0,,,,,
01-01-1983,Manitoba,,,,90.54,82.42,88.9,90.0,88.93,90.64,95.23,90.92,12933.0,23506.0,22545.0,,,,,
01-01-1983,New Brunswick,,,,90.2,82.61,88.9,92.3,90.18,89.87,98.15,89.82,,,,,,,,
01-01-1983,Newfoundland and Labrador,,,,93.84,82.54,88.9,88.41,90.28,94.98,96.94,95.31,,,,,,,,
01-01-1983,Nova Scotia,,,,88.07,83.41,88.9,90.98,86.59,87.67,100.08,87.81,,,,,,,,
01-01-1983,Ontario,,,,88.11,82.74,88.9,88.64,88.93,88.0,95.35,87.87,131017.0,243083.0,228342.0,,,,,
01-01-1983,Prince Edward Island,,,,90.86,82.75,88.9,94.02,90.28,90.33,102.29,90.34,,,,,,,,
01-01-1983,Quebec,,,,88.43,82.98,88.9,86.89,87.46,88.8,97.94,88.96,179385.0,335181.0,324434.0,,,,,
01-01-1983,Saskatchewan,,,,91.08,82.73,88.9,86.52,88.88,92.42,89.79,92.9,4532.0,14455.0,13091.0,,,,,
01-01-1984,Alberta,,,,93.56,89.08,94.28,94.57,92.58,93.35,100.38,93.5,23069.0,42701.0,39016.0,,,,,
01-01-1984,British Columbia,,,,96.73,89.12,94.28,95.69,93.4,96.9,98.07,97.61,46602.0,82000.0,76130.0,,,,,
01-01-1984,Canada,,,,93.56,89.21,94.28,93.96,92.99,93.48,100.21,93.55,421588.0,788699.0,750397.0,,,,,
01-01-1984,Manitoba,,,,95.06,89.09,94.28,95.38,93.49,94.99,99.91,95.24,13435.0,25431.0,24300.0,,,,,
01-01-1984,New Brunswick,,,,93.19,89.15,94.28,97.59,94.71,92.49,102.83,92.06,,,,,,,,
01-01-1984,Newfoundland and Labrador,,,,97.16,89.13,94.28,94.12,94.79,97.8,101.5,98.01,,,,,,,,
01-01-1984,Nova Scotia,,,,91.68,89.38,94.28,96.99,90.94,90.94,106.44,90.94,,,,,,,,
01-01-1984,Ontario,,,,92.28,89.18,94.28,94.18,93.37,91.88,99.99,91.67,142536.0,266245.0,252087.0,,,,,
01-01-1984,Prince Edward Island,,,,93.14,89.19,94.28,99.37,94.79,92.11,107.03,91.63,,,,,,,,
01-01-1984,Quebec,,,,93.76,89.26,94.28,92.63,91.84,94.05,102.28,94.29,186679.0,348810.0,337627.0,,,,,
01-01-1984,Saskatchewan,,,,95.03,89.18,94.28,91.98,93.37,95.92,93.85,96.28,4875.0,15717.0,13684.0,,,,,
01-01-1985,Alberta,,,,96.61,92.55,97.51,97.97,96.05,96.33,103.87,96.38,26584.0,48076.0,45374.0,,,,,
01-01-1985,British Columbia,,,,98.69,92.55,97.51,98.97,96.95,98.63,101.36,98.98,54317.0,98664.0,91183.0,,,,,
01-01-1985,Canada,,,,96.53,92.56,97.51,97.7,96.5,96.29,105.02,96.26,459986.0,877392.0,830009.0,,,,,
01-01-1985,Manitoba,,,,97.53,92.56,97.51,99.11,96.91,97.23,104.31,97.27,14484.0,27892.0,26462.0,,,,,
01-01-1985,New Brunswick,,,,95.91,92.56,97.51,101.99,98.3,94.96,108.13,94.31,,,,,,,,
01-01-1985,Newfoundland and Labrador,,,,98.15,92.55,97.51,98.74,98.3,98.03,108.44,98.01,,,,,,,,
01-01-1985,Nova Scotia,,,,96.93,92.58,97.51,100.61,94.33,96.43,110.72,96.7,,,,,,,,
01-01-1985,Ontario,,,,95.92,92.55,97.51,98.16,96.91,95.46,105.51,95.26,139962.0,276240.0,256196.0,,,,,
01-01-1985,Prince Edward Island,,,,96.65,92.56,97.51,103.94,98.3,95.44,112.8,94.93,,,,,,,,
01-01-1985,Quebec,,,,96.31,92.57,97.51,96.06,95.3,96.37,106.48,96.48,214844.0,401436.0,388565.0,,,,,
01-01-1985,Saskatchewan,,,,96.39,92.56,97.51,96.51,96.92,96.36,101.4,96.28,4948.0,16710.0,14109.0,,,,,
01-01-1986,Alberta,,,,100.0,100.0,100.0,100.0,100.0,100.0,100.0,100.0,29765.0,53828.0,50803.0,,,,,
01-01-1986,British Columbia,,,,100.0,100.0,100.0,100.0,100.0,100.0,100.0,100.0,62111.0,112820.0,104266.0,,,,,
01-01-1986,Canada,,,,100.0,100.0,100.0,100.0,100.0,100.0,100.0,100.0,484361.0,922369.0,873010.0,,,,,
01-01-1986,Manitoba,,,,100.0,100.0,100.0,100.0,100.0,100.0,100.0,100.0,16085.0,30976.0,29388.0,,,,,
01-01-1986,New Brunswick,,,,100.0,100.0,100.0,100.0,100.0,100.0,100.0,100.0,,,,,,,,
01-01-1986,Newfoundland and Labrador,,,,100.0,100.0,100.0,100.0,100.0,100.0,100.0,100.0,,,,,,,,
01-01-1986,Nova Scotia,,,,100.0,100.0,100.0,100.0,100.0,100.0,100.0,100.0,,,,,,,,
01-01-1986,Ontario,,,,100.0,100.0,100.0,100.0,100.0,100.0,100.0,100.0,134080.0,264631.0,245429.0,,,,,
01-01-1986,Prince Edward Island,,,,100.0,100.0,100.0,100.0,100.0,100.0,100.0,100.0,,,,,,,,
01-01-1986,Quebec,,,,100.0,100.0,100.0,100.0,100.0,100.0,100.0,100.0,231586.0,432718.0,418844.0,,,,,
01-01-1986,Saskatchewan,,,,100.0,100.0,100.0,100.0,100.0,100.0,100.0,100.0,5362.0,18108.0,15289.0,,,,,
01-01-1987,Alberta,,,,102.46,105.68,103.19,102.89,102.96,102.36,99.81,102.25,30827.0,57005.0,53227.0,,,,,
01-01-1987,British Columbia,,,,102.73,106.08,103.19,101.62,103.87,102.9,99.55,102.71,71569.0,132587.0,119281.0,,,,,
01-01-1987,Canada,,,,103.74,106.85,103.19,103.7,104.28,103.75,99.83,103.67,510535.0,979041.0,921087.0,,,,,
01-01-1987,Manitoba,,,,103.23,105.76,103.19,102.73,103.56,103.32,100.63,103.28,16963.0,32932.0,30089.0,,,,,
01-01-1987,New Brunswick,,,,103.46,106.28,103.19,101.36,104.73,103.79,98.37,103.62,,,,,,,,
01-01-1987,Newfoundland and Labrador,,,,105.22,106.08,103.19,103.07,105.82,105.67,98.55,105.66,,,,,,,,
01-01-1987,Nova Scotia,,,,102.78,108.49,103.19,103.5,104.73,102.69,98.37,102.42,,,,,,,,
01-01-1987,Ontario,,,,104.47,106.62,103.19,103.47,105.13,104.69,100.06,104.63,131454.0,264134.0,243756.0,,,,,
01-01-1987,Prince Edward Island,,,,102.94,106.65,103.19,100.71,105.82,103.33,96.43,102.88,,,,,,,,
01-01-1987,Quebec,,,,103.97,107.31,103.19,105.08,103.66,103.69,99.75,103.7,248321.0,463990.0,449113.0,,,,,
01-01-1987,Saskatchewan,,,,101.26,106.62,103.19,104.17,103.34,100.4,101.47,100.0,5945.0,18794.0,16542.0,,,,,
01-01-1988,Alberta,,,,105.34,112.0,111.76,107.89,107.99,104.8,100.23,104.24,47161.0,89236.0,82422.0,,,,,
01-01-1988,British Columbia,,,,107.27,112.52,111.76,105.97,108.94,107.47,100.26,107.18,76029.0,143665.0,125728.0,,,,,
01-01-1988,Canada,,,,108.54,113.54,111.76,109.23,109.42,108.4,100.71,108.25,598268.0,1158854.0,1081914.0,,,,,
01-01-1988,Manitoba,,,,107.6,112.11,111.76,108.18,108.59,107.49,102.3,107.31,20730.0,40599.0,35673.0,,,,,
01-01-1988,New Brunswick,,,,108.19,112.79,111.76,104.63,109.82,108.75,98.17,108.55,,,,,,,,
01-01-1988,Newfoundland and Labrador,,,,111.53,112.53,111.76,108.1,116.54,112.26,100.06,111.97,,,,,,,,
01-01-1988,Nova Scotia,,,,106.65,115.68,111.76,108.11,109.82,106.45,98.18,105.99,,,,,,,,
01-01-1988,Ontario,,,,109.84,113.24,111.76,109.17,110.21,109.98,101.48,109.95,173577.0,355049.0,326032.0,,,,,
01-01-1988,Prince Edward Island,,,,112.06,114.64,111.76,104.99,116.54,113.25,97.64,112.66,,,,,,,,
01-01-1988,Quebec,,,,109.05,114.13,111.76,111.08,108.69,108.55,99.4,108.53,268760.0,502180.0,486078.0,,,,,
01-01-1988,Saskatchewan,,,,103.79,113.23,111.76,110.13,108.26,101.92,103.84,101.05,5617.0,16676.0,15402.0,,,,,
01-01-1989,Alberta,,,,109.48,118.33,120.1,113.21,112.35,108.68,101.76,108.03,45958.0,87937.0,80124.0,,,,,
01-01-1989,British Columbia,,,,113.87,119.02,120.1,110.4,113.31,114.42,101.29,114.64,92408.0,171357.0,152861.0,,,,,
01-01-1989,Canada,,,,113.78,120.35,120.1,115.19,114.23,113.48,103.1,113.37,653250.0,1255742.0,1177033.0,,,,,
01-01-1989,Manitoba,,,,111.66,118.48,120.1,113.76,112.97,111.26,104.53,110.97,22949.0,44724.0,39681.0,,,,,
01-01-1989,New Brunswick,,,,112.0,119.37,120.1,108.84,114.26,112.5,99.77,112.16,,,,,,,,
01-01-1989,Newfoundland and Labrador,,,,115.95,119.04,120.1,112.9,121.25,116.6,100.93,116.28,,,,,,,,
01-01-1989,Nova Scotia,,,,111.43,123.14,120.1,113.58,114.26,111.14,100.07,110.71,,,,,,,,
01-01-1989,Ontario,,,,115.29,119.96,120.1,115.12,114.86,115.33,103.89,115.39,194172.0,390266.0,361768.0,,,,,
01-01-1989,Prince Edward Island,,,,115.37,120.0,120.1,108.9,121.25,116.46,98.18,115.62,,,,,,,,
01-01-1989,Quebec,,,,114.06,121.13,120.1,118.0,114.71,113.1,104.16,112.92,285058.0,532631.0,515555.0,,,,,
01-01-1989,Saskatchewan,,,,110.0,119.95,120.1,115.88,112.6,108.26,105.52,107.68,6062.0,16782.0,15680.0,,,,,
01-01-1990,Alberta,,,,114.89,125.38,125.8,118.29,117.43,114.14,104.42,113.53,43590.0,84362.0,75814.0,,,,,
01-01-1990,British Columbia,,,,120.37,123.96,125.8,114.48,117.83,121.27,103.52,121.91,111356.0,202711.0,184258.0,,,,,
01-01-1990,Canada,,,,119.87,127.15,125.8,120.58,118.88,119.71,106.18,119.8,704671.0,1342531.0,1264426.0,,,,,
01-01-1990,Manitoba,,,,117.03,125.93,125.8,118.35,118.14,116.78,106.8,116.54,24291.0,47121.0,42212.0,,,,,
01-01-1990,New Brunswick,,,,117.0,126.87,125.8,114.57,118.65,117.34,103.89,117.07,,,,,,,,
01-01-1990,Newfoundland and Labrador,,,,120.88,126.37,125.8,119.4,125.91,121.29,106.92,120.97,,,,,,,,
01-01-1990,Nova Scotia,,,,116.75,129.75,125.8,119.32,118.65,116.41,105.08,116.08,,,,,,,,
01-01-1990,Ontario,,,,121.99,126.97,125.8,120.64,119.33,122.29,107.09,122.65,210853.0,416475.0,389686.0,,,,,
01-01-1990,Prince Edward Island,,,,121.42,126.67,125.8,115.36,125.91,122.47,104.64,121.86,,,,,,,,
01-01-1990,Quebec,,,,119.86,127.76,125.8,123.68,119.66,118.93,107.24,118.84,302050.0,564381.0,546287.0,,,,,
01-01-1990,Saskatchewan,,,,114.47,126.42,125.8,120.65,116.94,112.65,106.93,112.07,5909.0,15290.0,14450.0,,,,,
01-01-1991,Alberta,,,,120.7,135.07,130.64,125.78,120.18,119.63,111.82,119.33,45360.0,88812.0,78704.0,,,,,
01-01-1991,British Columbia,,,,128.46,128.43,130.64,119.38,120.16,129.83,109.03,131.6,129340.0,231224.0,214083.0,,,,,
01-01-1991,Canada,,,,126.27,136.11,130.64,127.69,121.21,125.96,112.99,126.52,752076.0,1419680.0,1343906.0,,,,,
01-01-1991,Manitoba,,,,122.47,136.62,130.64,124.74,120.95,122.03,113.04,122.16,26256.0,50716.0,45868.0,,,,,
01-01-1991,New Brunswick,,,,122.23,137.62,130.64,122.7,120.87,121.97,110.89,122.07,,,,,,,,
01-01-1991,Newfoundland and Labrador,,,,126.44,136.73,130.64,126.91,128.26,126.56,113.11,126.44,,,,,,,,
01-01-1991,Nova Scotia,,,,122.4,138.06,130.64,125.75,120.87,121.97,110.99,122.05,,,,,,,,
01-01-1991,Ontario,,,,129.15,136.48,130.64,128.0,121.57,129.41,114.41,130.34,218546.0,424269.0,400670.0,,,,,
01-01-1991,Prince Edward Island,,,,128.12,135.35,130.64,122.65,128.26,129.11,111.89,129.22,,,,,,,,
01-01-1991,Quebec,,,,125.03,136.25,130.64,131.11,121.9,123.55,114.45,123.72,320029.0,597975.0,578801.0,,,,,
01-01-1991,Saskatchewan,,,,119.44,134.61,130.64,126.33,119.14,117.43,110.09,117.13,5912.0,14335.0,13701.0,,,,,
01-01-1992,Alberta,,,,125.97,147.26,122.25,128.35,121.72,125.41,113.86,125.61,46281.0,91142.0,81595.0,,,,,
01-01-1992,British Columbia,,,,133.39,136.18,122.25,119.03,121.68,135.54,110.26,138.07,141540.0,259027.0,236311.0,,,,,
01-01-1992,Canada,,,,130.65,147.74,122.25,130.73,122.74,130.62,115.42,131.57,800992.0,1525029.0,1441139.0,,,,,
01-01-1992,Manitoba,,,,124.3,149.66,122.25,123.84,122.47,124.38,114.27,124.62,28915.0,54510.0,50407.0,,,,,
01-01-1992,New Brunswick,,,,123.56,150.75,122.25,126.52,122.38,122.79,109.26,122.78,,,,,,,,
01-01-1992,Newfoundland and Labrador,,,,127.45,149.52,122.25,129.96,129.86,127.25,113.47,127.07,,,,,,,,
01-01-1992,Nova Scotia,,,,125.45,149.23,122.25,126.96,122.38,125.23,111.17,125.51,,,,,,,,
01-01-1992,Ontario,,,,134.93,148.57,122.25,131.21,123.1,135.75,118.46,137.24,238974.0,472459.0,445930.0,,,,,
01-01-1992,Prince Edward Island,,,,131.6,146.73,122.25,124.43,129.86,132.82,112.28,133.29,,,,,,,,
01-01-1992,Quebec,,,,128.15,147.5,122.25,135.85,123.43,126.27,116.18,126.58,331439.0,617964.0,598270.0,,,,,
01-01-1992,Saskatchewan,,,,119.95,145.57,122.25,128.37,120.63,117.58,111.26,117.13,6714.0,16134.0,15353.0,,,,,
01-01-1993,Alberta,,,,129.1,152.58,124.11,130.87,123.83,128.66,114.2,128.98,51807.0,102637.0,92819.0,,,,,
01-01-1993,British Columbia,,,,135.65,141.09,124.11,121.51,123.79,137.77,111.74,140.32,149308.0,279796.0,251464.0,,,,,
01-01-1993,Canada,,,,133.11,153.08,124.11,133.84,124.85,132.95,116.67,133.92,841163.0,1616354.0,1524444.0,,,,,
01-01-1993,Manitoba,,,,126.47,155.07,124.11,125.62,124.56,126.62,114.52,126.88,32510.0,59850.0,56560.0,,,,,
01-01-1993,New Brunswick,,,,125.33,156.19,124.11,128.63,124.46,124.49,107.9,124.41,,,,,,,,
01-01-1993,Newfoundland and Labrador,,,,127.77,154.92,124.11,131.5,132.07,127.39,111.61,127.07,,,,,,,,
01-01-1993,Nova Scotia,,,,125.63,154.62,124.11,126.75,124.46,125.45,106.16,125.51,,,,,,,,
01-01-1993,Ontario,,,,137.37,153.93,124.11,134.66,125.22,137.97,121.07,139.48,249375.0,502188.0,473724.0,,,,,
01-01-1993,Prince Edward Island,,,,132.08,152.03,124.11,126.11,132.07,133.14,112.21,133.29,,,,,,,,
01-01-1993,Quebec,,,,131.52,152.83,124.11,139.45,125.54,129.59,117.08,130.02,342910.0,637990.0,617778.0,,,,,
01-01-1993,Saskatchewan,,,,120.7,150.83,124.11,131.43,122.68,117.78,112.63,117.13,7842.0,18684.0,17701.0,,,,,
01-01-1994,Alberta,,,,127.91,154.88,133.97,134.69,123.83,126.51,114.66,126.58,60174.0,119957.0,109573.0,,,,,
01-01-1994,British Columbia,,,,137.52,143.61,133.97,126.2,123.79,139.23,113.51,142.05,158791.0,304796.0,269795.0,,,,,
01-01-1994,Canada,,,,134.26,155.45,133.97,137.94,124.85,133.49,117.4,134.53,882465.0,1713022.0,1611887.0,,,,,
01-01-1994,Manitoba,,,,129.33,157.33,133.97,130.5,124.56,129.11,115.29,129.74,35435.0,63740.0,61531.0,,,,,
01-01-1994,New Brunswick,,,,127.05,158.48,133.97,131.73,124.46,125.92,109.52,126.07,,,,,,,,
01-01-1994,Newfoundland and Labrador,,,,128.24,157.21,133.97,135.0,132.07,127.39,112.97,127.07,,,,,,,,
01-01-1994,Nova Scotia,,,,126.44,157.08,133.97,130.1,124.46,125.97,106.29,126.09,,,,,,,,
01-01-1994,Ontario,,,,138.72,156.28,133.97,138.88,125.22,138.69,121.4,140.27,261413.0,536302.0,505625.0,,,,,
01-01-1994,Prince Edward Island,,,,127.91,154.4,133.97,127.78,132.07,128.22,111.02,127.53,,,,,,,,
01-01-1994,Quebec,,,,132.5,155.24,133.97,143.29,125.54,129.88,118.15,130.34,349829.0,649497.0,629042.0,,,,,
01-01-1994,Saskatchewan,,,,123.71,153.22,133.97,135.89,122.68,120.44,113.99,120.07,9157.0,21631.0,20401.0,,,,,
01-01-1995,Alberta,,,,128.65,158.8,200.28,154.7,123.83,123.6,113.21,123.33,60927.0,119799.0,110339.0,,,11.0,7.0,15.0
01-01-1995,British Columbia,,,,140.88,146.61,200.28,148.98,123.79,139.75,111.87,142.66,172056.0,327109.0,293335.0,,,15.0,5.0,16.0
01-01-1995,Canada,,,,137.53,159.28,200.28,158.5,124.85,133.18,115.54,134.18,902654.0,1796166.0,1682286.0,,,15.0,9.0,19.0
01-01-1995,Manitoba,,,,133.77,161.44,200.28,158.62,124.56,129.13,113.27,129.77,37199.0,69853.0,65943.0,,,5.0,7.0,20.0
01-01-1995,New Brunswick,,,,129.55,162.61,200.28,143.74,124.46,126.47,110.28,126.69,,,,,,8.0,6.0,19.0
01-01-1995,Newfoundland and Labrador,,,,130.17,161.26,200.28,150.31,132.07,127.25,112.8,126.92,,,,,,13.0,5.0,21.0
01-01-1995,Nova Scotia,,,,125.81,160.84,200.28,148.39,124.46,123.14,106.12,122.93,,,,,,7.0,10.0,22.0
01-01-1995,Ontario,,,,142.8,160.2,200.28,161.25,125.22,138.75,118.97,140.35,272341.0,572172.0,534208.0,,,15.0,13.0,21.0
01-01-1995,Prince Edward Island,,,,126.1,158.18,200.28,139.57,132.07,124.65,109.75,123.36,,,,,,7.0,6.0,22.0
01-01-1995,Quebec,,,,135.8,158.99,200.28,160.14,125.54,129.88,116.09,130.34,342071.0,663613.0,638714.0,,,22.0,5.0,17.0
01-01-1995,Saskatchewan,,,,127.9,156.9,200.28,157.73,122.68,120.44,112.21,120.07,9494.0,23777.0,21570.0,,,5.0,7.0,22.0
01-01-1996,Alberta,,,,130.16,169.03,190.06,156.21,123.83,125.11,115.66,125.01,64017.0,124173.0,115313.0,,,,,
01-01-1996,British Columbia,,,,141.53,151.95,190.06,147.76,123.79,140.67,114.13,143.75,187973.0,354033.0,321584.0,,,,,
01-01-1996,Canada,,,,138.2,168.83,190.06,160.13,124.85,133.64,117.9,134.7,924014.0,1883974.0,1755816.0,,,,,
01-01-1996,Manitoba,,,,133.56,172.59,190.06,157.16,124.56,129.15,116.08,129.79,37843.0,74249.0,68510.0,,,,,
01-01-1996,New Brunswick,,,,131.75,173.83,190.06,147.67,124.46,128.31,111.74,128.82,,,,,,,,
01-01-1996,Newfoundland and Labrador,,,,130.5,172.11,190.06,152.77,132.07,127.25,114.28,126.92,,,,,,,,
01-01-1996,Nova Scotia,,,,125.88,169.82,190.06,149.07,124.46,123.14,107.59,122.93,,,,,,,,
01-01-1996,Ontario,,,,143.31,170.26,190.06,162.64,125.22,139.06,121.47,140.7,284971.0,613315.0,567010.0,,,,,
01-01-1996,Prince Edward Island,,,,130.68,167.46,190.06,139.75,132.07,129.8,108.87,129.39,,,,,,,,
01-01-1996,Quebec,,,,136.44,168.12,190.06,163.44,125.54,129.88,118.6,130.34,329540.0,668600.0,639483.0,,,,,
01-01-1996,Saskatchewan,,,,128.54,165.73,190.06,158.75,122.68,120.99,114.75,120.68,9824.0,26127.0,22762.0,,,,,
01-01-1997,Alberta,,,,131.8,174.55,186.37,158.95,125.26,126.54,120.8,126.44,64649.0,123728.0,115839.0,,,,,
01-01-1997,British Columbia,,,,142.21,156.6,186.37,149.03,125.21,141.27,117.61,144.2,195985.0,365747.0,336467.0,,,,,
01-01-1997,Canada,,,,139.31,174.29,186.37,162.54,126.66,134.49,122.16,135.43,935204.0,1953892.0,1812439.0,,,,,
01-01-1997,Manitoba,,,,135.08,178.28,186.37,158.06,129.27,130.79,119.77,130.97,37419.0,76778.0,69206.0,,,,,
01-01-1997,New Brunswick,,,,133.95,179.56,186.37,152.6,127.0,129.95,119.39,130.32,,,,,,,,
01-01-1997,Newfoundland and Labrador,,,,131.3,177.77,186.37,157.59,134.77,127.42,122.34,126.92,,,,,,,,
01-01-1997,Nova Scotia,,,,126.65,175.26,186.37,151.77,127.0,123.69,112.08,123.23,,,,,,,,
01-01-1997,Ontario,,,,143.85,175.8,186.37,164.61,126.68,139.3,124.96,140.79,296413.0,653700.0,598363.0,,,,,
01-01-1997,Prince Edward Island,,,,134.1,172.86,186.37,144.64,134.77,133.04,116.03,132.72,,,,,,,,
01-01-1997,Quebec,,,,138.14,173.52,186.37,166.71,126.99,131.2,123.6,131.65,319620.0,678818.0,645167.0,,,,,
01-01-1997,Saskatchewan,,,,131.51,171.05,186.37,160.64,127.19,124.2,118.03,123.75,10272.0,29070.0,24281.0,,,,,
01-01-1998,Alberta,,,,134.1,177.49,182.14,157.4,128.07,129.57,117.09,129.49,77837.0,150661.0,140729.0,,,,,
01-01-1998,British Columbia,,,,143.54,159.32,182.14,148.74,128.02,142.83,118.77,145.53,210432.0,397905.0,363116.0,,,,,
01-01-1998,Canada,,,,140.61,177.25,182.14,162.55,130.02,136.06,122.3,136.78,1005336.0,2107238.0,1950076.0,,,,,
01-01-1998,Manitoba,,,,137.3,181.27,182.14,157.38,136.68,133.54,121.28,133.03,41326.0,82130.0,75315.0,,,,,
01-01-1998,New Brunswick,,,,135.63,182.58,182.14,151.82,131.37,132.13,115.65,132.17,,,,,,,,
01-01-1998,Newfoundland and Labrador,,,,132.5,180.76,182.14,155.82,139.41,129.09,117.84,128.39,,,,,,,,
01-01-1998,Nova Scotia,,,,130.37,178.24,182.14,149.6,131.37,128.1,107.8,127.64,,,,,,,,
01-01-1998,Ontario,,,,144.48,178.77,182.14,164.73,129.54,140.04,126.06,141.28,321974.0,716188.0,652626.0,,,,,
01-01-1998,Prince Edward Island,,,,135.97,175.79,182.14,141.15,139.41,135.61,109.86,134.93,,,,,,,,
01-01-1998,Quebec,,,,139.52,176.47,182.14,167.7,129.85,132.67,125.04,132.96,330694.0,700375.0,665356.0,,,,,
01-01-1998,Saskatchewan,,,,133.94,173.96,182.14,160.88,134.31,127.14,119.48,126.24,10400.0,30465.0,26893.0,,,,,
01-01-1999,Alberta,,,,139.9,181.57,188.14,162.41,130.81,135.51,122.15,135.8,90081.0,176359.0,164352.0,,,,,
01-01-1999,British Columbia,,,,144.64,162.97,188.14,153.15,130.73,143.45,122.49,145.77,215651.0,413204.0,374028.0,,,,,
01-01-1999,Canada,,,,143.88,181.32,188.14,167.15,132.91,139.05,126.23,139.78,1067201.0,2247119.0,2074932.0,,,,,
01-01-1999,Manitoba,,,,139.87,185.45,188.14,162.15,139.61,135.71,125.0,135.08,44384.0,85469.0,79714.0,,,,,
01-01-1999,New Brunswick,,,,138.07,186.78,188.14,155.89,134.2,134.23,119.11,134.16,,,,,,,,
01-01-1999,Newfoundland and Labrador,,,,134.45,184.92,188.14,160.05,142.41,130.69,121.15,129.9,,,,,,,,
01-01-1999,Nova Scotia,,,,133.85,182.34,188.14,153.79,134.2,131.49,110.9,131.1,,,,,,,,
01-01-1999,Ontario,,,,146.45,182.89,188.14,169.34,132.57,141.42,129.83,142.47,347735.0,780215.0,707772.0,,,,,
01-01-1999,Prince Edward Island,,,,139.57,179.84,188.14,145.34,142.41,139.15,113.49,138.56,,,,,,,,
01-01-1999,Quebec,,,,145.6,180.53,188.14,172.25,132.64,139.12,129.2,139.81,344780.0,728188.0,691473.0,,,,,
01-01-1999,Saskatchewan,,,,136.9,177.96,188.14,165.44,137.19,129.71,123.25,128.77,10512.0,32329.0,30074.0,,,,,
01-01-2000,Alberta,,,,145.21,187.67,205.06,172.18,134.24,139.97,129.67,140.38,100512.0,199037.0,185058.0,,,14.0,6.0,14.0
01-01-2000,British Columbia,,,,148.29,168.34,205.06,163.63,134.14,146.11,131.25,148.3,215469.0,418399.0,375645.0,,,17.0,6.0,16.0
01-01-2000,Canada,,,,148.31,187.39,205.06,177.55,137.8,142.24,136.18,142.77,1108474.0,2345484.0,2161315.0,,,15.0,9.0,19.0
01-01-2000,Manitoba,,,,143.67,191.69,205.06,174.16,143.26,137.98,134.17,137.15,46236.0,86308.0,81847.0,,,7.0,6.0,23.0
01-01-2000,New Brunswick,,,,142.87,193.07,205.06,166.7,139.78,137.8,133.31,137.41,,,,,,10.0,6.0,19.0
01-01-2000,Newfoundland and Labrador,,,,138.52,191.14,205.06,172.31,148.33,133.5,135.82,132.5,,,,,,13.0,6.0,25.0
01-01-2000,Nova Scotia,,,,137.57,188.43,205.06,166.52,139.78,134.16,125.14,133.42,,,,,,9.0,8.0,25.0
01-01-2000,Ontario,,,,150.18,189.02,205.06,179.93,138.14,143.65,139.58,144.31,363578.0,822942.0,743149.0,,,15.0,13.0,20.0
01-01-2000,Prince Edward Island,,,,143.23,185.85,205.06,157.88,148.33,141.66,127.46,140.5,,,,,,12.0,6.0,23.0
01-01-2000,Quebec,,,,151.2,186.56,205.06,181.82,138.16,143.75,139.79,144.35,356614.0,751134.0,712944.0,,,20.0,6.0,18.0
01-01-2000,Saskatchewan,,,,143.42,183.9,205.06,175.8,140.78,135.31,132.5,134.58,10258.0,33682.0,32933.0,,,7.0,7.0,24.0
01-01-2001,Alberta,,,,152.22,195.04,205.06,181.36,139.32,146.56,147.75,147.13,113809.0,225368.0,209540.0,,,,,
01-01-2001,British Columbia,,,,151.56,176.03,205.06,168.11,139.25,149.2,137.78,151.02,232699.0,451857.0,405684.0,,,,,
01-01-2001,Canada,,,,152.71,194.94,205.06,182.93,144.18,146.43,143.93,146.69,1216724.0,2575644.0,2372654.0,,,,,
01-01-2001,Manitoba,,,,148.95,199.02,205.06,179.1,148.69,143.31,143.2,142.46,50853.0,94926.0,90020.0,,,,,
01-01-2001,New Brunswick,,,,147.17,200.45,205.06,165.67,149.34,143.18,122.45,142.14,,,,,,,,
01-01-2001,Newfoundland and Labrador,,,,143.0,198.52,205.06,170.69,158.48,138.93,126.02,137.61,,,,,,,,
01-01-2001,Nova Scotia,,,,140.15,196.19,205.06,168.1,149.34,136.86,123.56,135.28,,,,,,,,
01-01-2001,Ontario,,,,154.06,196.51,205.06,185.44,143.37,147.17,148.81,147.62,409563.0,927028.0,837143.0,,,,,
01-01-2001,Prince Edward Island,,,,147.93,193.39,205.06,158.41,158.48,146.91,124.91,144.92,,,,,,,,
01-01-2001,Quebec,,,,156.07,194.18,205.06,187.43,147.61,148.45,145.98,148.53,381814.0,804214.0,763325.0,,,,,
01-01-2001,Saskatchewan,,,,147.73,191.46,205.06,181.05,146.11,139.37,140.3,138.5,10811.0,35498.0,34709.0,,,,,
01-01-2002,Alberta,26970.0,7788.0,34761.0,158.56,200.92,206.02,183.47,142.42,153.69,147.17,154.72,124919.0,247367.0,229994.0,,,,,
01-01-2002,British Columbia,28572.0,8577.0,37149.0,154.95,183.59,206.02,169.6,142.36,152.87,135.57,154.79,245399.0,476518.0,427825.0,,,,,
01-01-2002,Canada,283023.0,67599.0,350619.0,156.92,201.2,206.02,186.8,147.4,150.72,147.35,151.1,1297585.0,2748251.0,2530258.0,,,,,
01-01-2002,Manitoba,12042.0,2097.0,14139.0,152.79,204.6,206.02,179.27,152.0,147.84,140.4,147.17,53686.0,100212.0,95034.0,,,,,
01-01-2002,New Brunswick,7050.0,366.0,7416.0,152.02,206.08,206.02,172.43,152.67,147.64,133.12,146.78,,,,,,,,
01-01-2002,Newfoundland and Labrador,6066.0,1968.0,8037.0,150.64,204.25,206.02,177.05,162.01,146.78,135.3,145.75,,,,,,,,
01-01-2002,Nova Scotia,9594.0,,9594.0,144.99,202.86,206.02,170.93,152.67,141.93,124.87,140.56,,,,,,,,
01-01-2002,Ontario,115914.0,14913.0,130821.0,158.1,202.57,206.02,190.36,146.57,151.02,156.83,151.55,452073.0,1023249.0,924033.0,,,,,
01-01-2002,Prince Edward Island,1290.0,309.0,1599.0,152.54,199.71,206.02,163.65,162.01,151.46,130.84,149.63,,,,,,,,
01-01-2002,Quebec,63627.0,29457.0,93081.0,159.53,200.65,206.02,191.08,150.91,151.86,145.16,151.95,390213.0,821906.0,780117.0,,,,,
01-01-2002,Saskatchewan,10227.0,2124.0,12351.0,152.01,197.93,206.02,183.67,149.37,144.04,139.46,143.31,11148.0,36605.0,35791.0,,,,,
01-01-2003,Alberta,26631.0,10719.0,37350.0,165.04,210.24,206.0,195.14,144.49,159.19,170.22,160.62,,,,,,,,
01-01-2003,British Columbia,28005.0,8556.0,36564.0,159.0,196.16,206.0,177.17,144.42,156.4,146.89,158.6,,,,,,,,
01-01-2003,Canada,281517.0,70785.0,352302.0,162.2,211.22,206.0,195.01,149.52,155.39,161.3,156.09,,,,,,,,
01-01-2003,Manitoba,12207.0,2238.0,14445.0,157.37,213.33,206.0,185.52,154.21,152.11,152.05,151.75,,,,,,,,
01-01-2003,New Brunswick,7080.0,393.0,7473.0,156.69,214.89,206.0,178.63,154.86,151.99,139.18,151.45,,,,,,,,
01-01-2003,Newfoundland and Labrador,5850.0,2070.0,7920.0,158.39,213.25,206.0,183.14,164.34,154.8,141.7,154.15,,,,,,,,
01-01-2003,Nova Scotia,9612.0,,9612.0,149.55,213.64,206.0,176.7,154.86,146.35,130.5,145.24,,,,,,,,
01-01-2003,Ontario,115332.0,14580.0,129912.0,162.95,212.21,206.0,198.38,148.67,155.17,172.16,155.94,,,,,,,,
01-01-2003,Prince Edward Island,1329.0,261.0,1587.0,157.39,209.86,206.0,171.32,164.34,155.95,139.54,154.49,,,,,,,,
01-01-2003,Quebec,63555.0,29808.0,93360.0,165.6,211.06,206.0,199.46,153.07,157.36,156.89,157.82,,,,,,,,
01-01-2003,Saskatchewan,10218.0,2163.0,12381.0,158.08,208.37,206.0,191.4,151.53,149.7,151.88,149.35,,,,,,,,
01-01-2004,Alberta,28161.0,11229.0,39390.0,,,,,,,,,,,,,,,,
01-01-2004,British Columbia,27870.0,8460.0,36330.0,,,,,,,,,,,,,,,,
01-01-2004,Canada,284160.0,72186.0,356343.0,,,,,,,,,,,,,,,,
01-01-2004,Manitoba,12105.0,2172.0,14277.0,,,,,,,,,,,,,,,,
01-01-2004,New Brunswick,7137.0,375.0,7509.0,,,,,,,,,,,,,,,,
01-01-2004,Newfoundland and Labrador,5631.0,2106.0,7737.0,,,,,,,,,,,,,,,,
01-01-2004,Nova Scotia,9582.0,,9582.0,,,,,,,,,,,,,,,,
01-01-2004,Ontario,117537.0,15141.0,132675.0,,,,,,,,,,,,,,,,
01-01-2004,Prince Edward Island,1323.0,264.0,1587.0,,,,,,,,,,,,,,,,
01-01-2004,Quebec,62937.0,30267.0,93201.0,,,,,,,,,,,,,,,,
01-01-2004,Saskatchewan,10089.0,2172.0,12261.0,,,,,,,,,,,,,,,,
01-01-2005,Alberta,28758.0,11538.0,40293.0,,,,,,,,,,,,,,13.0,4.0,17.0
01-01-2005,British Columbia,28326.0,8559.0,36885.0,,,,,,,,,,,,,,17.0,6.0,21.0
01-01-2005,Canada,289398.0,73275.0,362673.0,,,,,,,,,,,,,,14.0,7.0,24.0
01-01-2005,Manitoba,12135.0,2076.0,14211.0,,,,,,,,,,,,,,8.0,6.0,28.0
01-01-2005,New Brunswick,7155.0,351.0,7509.0,,,,,,,,,,,,,,8.0,6.0,27.0
01-01-2005,Newfoundland and Labrador,5448.0,1872.0,7317.0,,,,,,,,,,,,,,11.0,5.0,28.0
01-01-2005,Nova Scotia,9708.0,,9708.0,,,,,,,,,,,,,,7.0,7.0,30.0
01-01-2005,Ontario,122238.0,15648.0,137889.0,,,,,,,,,,,,,,14.0,9.0,28.0
01-01-2005,Prince Edward Island,1299.0,240.0,1542.0,,,,,,,,,,,,,,8.0,6.0,27.0
01-01-2005,Quebec,62331.0,30942.0,93273.0,,,,,,,,,,,,,,18.0,6.0,21.0
01-01-2005,Saskatchewan,10122.0,2049.0,12171.0,,,,,,,,,,,,,,6.0,6.0,26.0
01-01-2006,Alberta,28941.0,11616.0,40557.0,,,,,,,,,,,,,,12.0,5.0,17.0
01-01-2006,British Columbia,28617.0,8535.0,37149.0,,,,,,,,,,,,,,13.0,5.0,21.0
01-01-2006,Canada,294327.0,84291.0,378621.0,,,,,,,,,,,,,,14.0,6.0,24.0
01-01-2006,Manitoba,12177.0,2070.0,14247.0,,,,,,,,,,,,,,7.0,7.0,24.0
01-01-2006,New Brunswick,7305.0,321.0,7629.0,,,,,,,,,,,,,,10.0,6.0,27.0
01-01-2006,Newfoundland and Labrador,5466.0,1938.0,7404.0,,,,,,,,,,,,,,12.0,6.0,28.0
01-01-2006,Nova Scotia,9918.0,,9918.0,,,,,,,,,,,,,,9.0,6.0,28.0
01-01-2006,Ontario,124971.0,24741.0,149712.0,,,,,,,,,,,,,,14.0,8.0,28.0
01-01-2006,Prince Edward Island,1320.0,225.0,1545.0,,,,,,,,,,,,,,9.0,5.0,27.0
01-01-2006,Quebec,63495.0,32634.0,96132.0,,,,,,,,,,,,,,19.0,6.0,20.0
01-01-2006,Saskatchewan,10236.0,2211.0,12447.0,,,,,,,,,,,,,,5.0,6.0,23.0
01-01-2007,Alberta,28461.0,12084.0,40542.0,,,,,,,,,,,,,,11.0,5.0,16.0
01-01-2007,British Columbia,28359.0,8760.0,37116.0,,,,,,,,,,,,,,15.0,5.0,22.0
01-01-2007,Canada,296025.0,88293.0,384321.0,,,,,,,,,,,,,,14.0,7.0,24.0
01-01-2007,Manitoba,12210.0,2136.0,14346.0,,,,,,,,,,,,,,7.0,7.0,25.0
01-01-2007,New Brunswick,7560.0,339.0,7899.0,,,,,,,,,,,,,,9.0,6.0,26.0
01-01-2007,Newfoundland and Labrador,5529.0,1956.0,7485.0,,,,,,,,,,,,,,12.0,4.0,30.0
01-01-2007,Nova Scotia,9972.0,,9975.0,,,,,,,,,,,,,,10.0,6.0,26.0
01-01-2007,Ontario,127464.0,27498.0,154962.0,,,,,,,,,,,,,,14.0,8.0,29.0
01-01-2007,Prince Edward Island,1326.0,255.0,1581.0,,,,,,,,,,,,,,10.0,4.0,28.0
01-01-2007,Quebec,63009.0,33213.0,96225.0,,,,,,,,,,,,,,20.0,6.0,20.0
01-01-2007,Saskatchewan,10200.0,2052.0,12249.0,,,,,,,,,,,,,,7.0,6.0,21.0
01-01-2008,Alberta,30006.0,12507.0,42516.0,,,,,,,,,,,,,,13.0,5.0,14.0
01-01-2008,British Columbia,28197.0,8727.0,36921.0,,,,,,,,,,,,,,13.0,5.0,23.0
01-01-2008,Canada,296922.0,91221.0,388143.0,,,,,,,,,,,,,,14.0,7.0,23.0
01-01-2008,Manitoba,12225.0,2097.0,14322.0,,,,,,,,,,,,,,6.0,6.0,26.0
01-01-2008,New Brunswick,7746.0,330.0,8076.0,,,,,,,,,,,,,,9.0,7.0,23.0
01-01-2008,Newfoundland and Labrador,5613.0,1929.0,7542.0,,,,,,,,,,,,,,12.0,5.0,27.0
01-01-2008,Nova Scotia,10065.0,,10065.0,,,,,,,,,,,,,,8.0,7.0,25.0
01-01-2008,Ontario,127659.0,29643.0,157302.0,,,,,,,,,,,,,,14.0,8.0,26.0
01-01-2008,Prince Edward Island,1386.0,255.0,1638.0,,,,,,,,,,,,,,8.0,7.0,26.0
01-01-2008,Quebec,62475.0,33672.0,96147.0,,,,,,,,,,,,,,21.0,7.0,20.0
01-01-2008,Saskatchewan,9633.0,2061.0,11694.0,,,,,,,,,,,,,,6.0,7.0,21.0
01-01-2009,Alberta,31716.0,13914.0,45627.0,,,,,,,,,,,,,,10.0,6.0,19.0
01-01-2009,British Columbia,27621.0,8754.0,36372.0,,,,,,,,,,,,,,13.0,5.0,25.0
01-01-2009,Canada,298785.0,93918.0,392703.0,,,,,,,,,,,,,,15.0,7.0,24.0
01-01-2009,Manitoba,12207.0,2124.0,14334.0,,,,,,,,,,,,,,7.0,6.0,25.0
01-01-2009,New Brunswick,7662.0,336.0,7998.0,,,,,,,,,,,,,,10.0,6.0,24.0
01-01-2009,Newfoundland and Labrador,5622.0,2100.0,7722.0,,,,,,,,,,,,,,16.0,4.0,24.0
01-01-2009,Nova Scotia,10068.0,,10068.0,,,,,,,,,,,,,,11.0,7.0,25.0
01-01-2009,Ontario,128445.0,29727.0,158175.0,,,,,,,,,,,,,,14.0,8.0,29.0
01-01-2009,Prince Edward Island,1407.0,243.0,1647.0,,,,,,,,,,,,,,10.0,6.0,28.0
01-01-2009,Quebec,62322.0,34605.0,96927.0,,,,,,,,,,,,,,22.0,6.0,20.0
01-01-2009,Saskatchewan,9786.0,2118.0,11904.0,,,,,,,,,,,,,,7.0,7.0,21.0
01-01-2010,Alberta,31608.0,13173.0,44781.0,,,,,,,,,,,,,,8.0,6.0,23.0
01-01-2010,British Columbia,27288.0,8673.0,35961.0,,,,,,,,,,,,,,11.0,6.0,27.0
01-01-2010,Canada,300507.0,93051.0,393558.0,,,,,,,,,,,,,,14.0,7.0,26.0
01-01-2010,Manitoba,12276.0,2154.0,14433.0,,,,,,,,,,,,,,7.0,6.0,25.0
01-01-2010,New Brunswick,7461.0,342.0,7803.0,,,,,,,,,,,,,,9.0,6.0,25.0
01-01-2010,Newfoundland and Labrador,5697.0,1938.0,7635.0,,,,,,,,,,,,,,15.0,5.0,22.0
01-01-2010,Nova Scotia,9744.0,,9744.0,,,,,,,,,,,,,,10.0,7.0,25.0
01-01-2010,Ontario,130182.0,30273.0,160455.0,,,,,,,,,,,,,,16.0,8.0,29.0
01-01-2010,Prince Edward Island,1539.0,213.0,1749.0,,,,,,,,,,,,,,10.0,5.0,28.0
01-01-2010,Quebec,62832.0,34203.0,97032.0,,,,,,,,,,,,,,21.0,6.0,21.0
01-01-2010,Saskatchewan,10017.0,2082.0,12099.0,,,,,,,,,,,,,,7.0,7.0,23.0
01-01-2011,Alberta,31590.0,13056.0,44643.0,,,,,,,,,,,,,,8.0,6.0,21.0
01-01-2011,British Columbia,27801.0,8307.0,36108.0,,,,,,,,,,,,,,14.0,5.0,27.0
01-01-2011,Canada,301365.0,91947.0,393312.0,,,,,,,,,,,,,,15.0,6.0,26.0
01-01-2011,Manitoba,11106.0,1959.0,13065.0,,,,,,,,,,,,,,7.0,7.0,25.0
01-01-2011,New Brunswick,7320.0,363.0,7683.0,,,,,,,,,,,,,,7.0,5.0,27.0
01-01-2011,Newfoundland and Labrador,5724.0,1884.0,7608.0,,,,,,,,,,,,,,12.0,4.0,27.0
01-01-2011,Nova Scotia,9501.0,,9501.0,,,,,,,,,,,,,,10.0,6.0,29.0
01-01-2011,Ontario,131199.0,30324.0,161523.0,,,,,,,,,,,,,,15.0,8.0,28.0
01-01-2011,Prince Edward Island,1539.0,225.0,1761.0,,,,,,,,,,,,,,12.0,5.0,26.0
01-01-2011,Quebec,63546.0,33603.0,97149.0,,,,,,,,,,,,,,22.0,6.0,23.0
01-01-2011,Saskatchewan,10293.0,2133.0,12426.0,,,,,,,,,,,,,,6.0,6.0,22.0
01-01-2012,Alberta,31395.0,12813.0,44211.0,,,,,,,,,,,,,,9.0,6.0,22.0
01-01-2012,British Columbia,27909.0,8244.0,36150.0,,,,,,,,,,,,,,14.0,6.0,27.0
01-01-2012,Canada,305418.0,90276.0,395691.0,,,,,,,,,,,,,,16.0,6.0,26.0
01-01-2012,Manitoba,11469.0,2007.0,13476.0,,,,,,,,,,,,,,7.0,6.0,26.0
01-01-2012,New Brunswick,7122.0,324.0,7449.0,,,,,,,,,,,,,,11.0,5.0,27.0
01-01-2012,Newfoundland and Labrador,5676.0,1908.0,7584.0,,,,,,,,,,,,,,11.0,4.0,28.0
01-01-2012,Nova Scotia,9207.0,,9204.0,,,,,,,,,,,,,,11.0,6.0,25.0
01-01-2012,Ontario,133920.0,29391.0,163308.0,,,,,,,,,,,,,,16.0,7.0,30.0
01-01-2012,Prince Edward Island,1530.0,237.0,1767.0,,,,,,,,,,,,,,14.0,4.0,28.0
01-01-2012,Quebec,64782.0,32835.0,97617.0,,,,,,,,,,,,,,23.0,6.0,21.0
01-01-2012,Saskatchewan,10419.0,2148.0,12564.0,,,,,,,,,,,,,,7.0,6.0,23.0
01-01-2013,Alberta,31464.0,6669.0,38133.0,,,,,,,,,,,,,,9.0,6.0,24.0
01-01-2013,British Columbia,27537.0,8250.0,35787.0,,,,,,,,,,,,,,13.0,5.0,28.0
01-01-2013,Canada,299886.0,77607.0,377493.0,,,,,,,,,,,,,,16.0,6.0,26.0
01-01-2013,Manitoba,11679.0,1980.0,13662.0,,,,,,,,,,,,,,8.0,6.0,24.0
01-01-2013,New Brunswick,6597.0,303.0,6900.0,,,,,,,,,,,,,,10.0,5.0,24.0
01-01-2013,Newfoundland and Labrador,5211.0,237.0,5451.0,,,,,,,,,,,,,,14.0,4.0,25.0
01-01-2013,Nova Scotia,8913.0,,8916.0,,,,,,,,,,,,,,9.0,6.0,28.0
01-01-2013,Ontario,128874.0,25902.0,154773.0,,,,,,,,,,,,,,17.0,7.0,27.0
01-01-2013,Prince Edward Island,1485.0,207.0,1692.0,,,,,,,,,,,,,,13.0,5.0,28.0
01-01-2013,Quebec,65790.0,32319.0,98109.0,,,,,,,,,,,,,,22.0,6.0,22.0
01-01-2013,Saskatchewan,10560.0,1362.0,11922.0,,,,,,,,,,,,,,6.0,6.0,25.0
01-01-2014,Alberta,32631.0,6768.0,39399.0,,,,,,,,,,,,,,8.0,6.0,22.0
01-01-2014,British Columbia,27561.0,8121.0,35679.0,,,,,,,,,,,,,,12.0,4.0,28.0
01-01-2014,Canada,305319.0,75705.0,381024.0,,,,,,,,,,,,,,15.0,6.0,27.0
01-01-2014,Manitoba,11445.0,1818.0,13263.0,,,,,,,,,,,,,,6.0,5.0,26.0
01-01-2014,New Brunswick,6585.0,258.0,6843.0,,,,,,,,,,,,,,9.0,6.0,24.0
01-01-2014,Newfoundland and Labrador,5220.0,270.0,5493.0,,,,,,,,,,,,,,12.0,6.0,27.0
01-01-2014,Nova Scotia,9150.0,,9150.0,,,,,,,,,,,,,,11.0,7.0,24.0
01-01-2014,Ontario,132021.0,25539.0,157560.0,,,,,,,,,,,,,,16.0,6.0,30.0
01-01-2014,Prince Edward Island,1434.0,252.0,1686.0,,,,,,,,,,,,,,11.0,5.0,30.0
01-01-2014,Quebec,66531.0,30813.0,97344.0,,,,,,,,,,,,,,23.0,6.0,24.0
01-01-2014,Saskatchewan,10782.0,1431.0,12216.0,,,,,,,,,,,,,,7.0,6.0,24.0
01-01-2015,Alberta,33450.0,6729.0,40182.0,,,,,,,,,,,,,,9.0,6.0,22.0
01-01-2015,British Columbia,27717.0,8220.0,35940.0,,,,,,,,,,,,,,12.0,5.0,27.0
01-01-2015,Canada,306411.0,75285.0,381696.0,,,,,,,,,,,,,,15.0,6.0,27.0
01-01-2015,Manitoba,11640.0,1884.0,13524.0,,,,,,,,,,,,,,8.0,6.0,26.0
01-01-2015,New Brunswick,6756.0,267.0,7023.0,,,,,,,,,,,,,,10.0,5.0,27.0
01-01-2015,Newfoundland and Labrador,5148.0,285.0,5436.0,,,,,,,,,,,,,,13.0,3.0,27.0
01-01-2015,Nova Scotia,9027.0,,9030.0,,,,,,,,,,,,,,10.0,5.0,27.0
01-01-2015,Ontario,131124.0,24789.0,155910.0,,,,,,,,,,,,,,16.0,6.0,30.0
01-01-2015,Prince Edward Island,1440.0,246.0,1683.0,,,,,,,,,,,,,,9.0,5.0,26.0
01-01-2015,Quebec,67260.0,31035.0,98295.0,,,,,,,,,,,,,,21.0,6.0,24.0
01-01-2015,Saskatchewan,10716.0,1347.0,12066.0,,,,,,,,,,,,,,7.0,6.0,23.0
01-01-2016,Alberta,34269.0,6441.0,40707.0,,,,,,,,,,,,84.0,78.0,8.0,6.0,25.0
01-01-2016,British Columbia,28056.0,8205.0,36261.0,,,,,,,,,,,,88.0,81.0,12.0,4.0,29.0
01-01-2016,Canada,309894.0,75720.0,385614.0,,,,,,,,,,,,87.0,80.0,15.0,6.0,28.0
01-01-2016,Manitoba,11889.0,1782.0,13671.0,,,,,,,,,,,,87.0,82.0,6.0,5.0,28.0
01-01-2016,New Brunswick,7182.0,333.0,7515.0,,,,,,,,,,,,85.0,85.0,11.0,4.0,25.0
01-01-2016,Newfoundland and Labrador,5052.0,291.0,5343.0,,,,,,,,,,,,90.0,88.0,13.0,5.0,26.0
01-01-2016,Nova Scotia,9336.0,,9333.0,,,,,,,,,,,,,,9.0,6.0,31.0
01-01-2016,Ontario,131271.0,25197.0,156468.0,,,,,,,,,,,,92.0,82.0,15.0,7.0,31.0
01-01-2016,Prince Edward Island,1416.0,192.0,1608.0,,,,,,,,,,,,,,11.0,5.0,29.0
01-01-2016,Quebec,68373.0,31494.0,99867.0,,,,,,,,,,,,82.0,74.0,23.0,5.0,26.0
01-01-2016,Saskatchewan,10860.0,1272.0,12132.0,,,,,,,,,,,,85.0,78.0,6.0,7.0,24.0
01-01-2017,Alberta,34038.0,6255.0,40296.0,,,,,,,,,,,,86.0,80.0,7.0,6.0,26.0
01-01-2017,British Columbia,30906.0,7950.0,38856.0,,,,,,,,,,,,88.0,81.0,12.0,4.0,28.0
01-01-2017,Canada,316320.0,75195.0,391515.0,,,,,,,,,,,,88.0,81.0,14.0,5.0,29.0
01-01-2017,Manitoba,11934.0,1812.0,13749.0,,,,,,,,,,,,87.0,83.0,6.0,6.0,29.0
01-01-2017,New Brunswick,7287.0,282.0,7566.0,,,,,,,,,,,,90.0,86.0,10.0,5.0,24.0
01-01-2017,Newfoundland and Labrador,5046.0,294.0,5340.0,,,,,,,,,,,,92.0,88.0,14.0,5.0,28.0
01-01-2017,Nova Scotia,9552.0,,9552.0,,,,,,,,,,,,90.0,87.0,12.0,6.0,28.0
01-01-2017,Ontario,132756.0,24702.0,157458.0,,,,,,,,,,,,91.0,82.0,14.0,5.0,31.0
01-01-2017,Prince Edward Island,1518.0,126.0,1644.0,,,,,,,,,,,,,,10.0,4.0,31.0
01-01-2017,Quebec,70371.0,31914.0,102285.0,,,,,,,,,,,,84.0,75.0,22.0,5.0,27.0
01-01-2017,Saskatchewan,10728.0,1359.0,12087.0,,,,,,,,,,,,84.0,79.0,6.0,7.0,26.0
01-01-2018,Alberta,34947.0,6240.0,41187.0,,,,,,,,,,,,86.0,80.0,9.0,6.0,24.0
01-01-2018,British Columbia,31620.0,8142.0,39762.0,,,,,,,,,,,,89.0,81.0,13.0,4.0,30.0
01-01-2018,Canada,324159.0,77127.0,401286.0,,,,,,,,,,,,89.0,81.0,15.0,5.0,29.0
01-01-2018,Manitoba,11967.0,1731.0,13692.0,,,,,,,,,,,,88.0,82.0,8.0,5.0,28.0
01-01-2018,New Brunswick,7488.0,273.0,7761.0,,,,,,,,,,,,89.0,85.0,8.0,4.0,26.0
01-01-2018,Newfoundland and Labrador,5079.0,285.0,5367.0,,,,,,,,,,,,92.0,89.0,13.0,4.0,34.0
01-01-2018,Nova Scotia,9672.0,,9675.0,,,,,,,,,,,,90.0,86.0,11.0,6.0,28.0
01-01-2018,Ontario,135228.0,24168.0,159393.0,,,,,,,,,,,,92.0,83.0,14.0,6.0,32.0
01-01-2018,Prince Edward Island,1554.0,144.0,1695.0,,,,,,,,,,,,,,9.0,5.0,28.0
01-01-2018,Quebec,73341.0,34542.0,107886.0,,,,,,,,,,,,84.0,75.0,23.0,4.0,26.0
01-01-2018,Saskatchewan,10809.0,1338.0,12150.0,,,,,,,,,,,,86.0,80.0,6.0,6.0,31.0
01-01-2019,Alberta,35754.0,5496.0,41253.0,,,,,,,,,,,,87.0,84.0,8.0,5.0,28.0
01-01-2019,British Columbia,32190.0,8274.0,40464.0,,,,,,,,,,,,89.0,84.0,11.0,3.0,31.0
01-01-2019,Canada,326043.0,76623.0,402666.0,,,,,,,,,,,,89.0,84.0,14.0,5.0,30.0
01-01-2019,Manitoba,12042.0,1743.0,13785.0,,,,,,,,,,,,87.0,82.0,7.0,5.0,28.0
01-01-2019,New Brunswick,7506.0,303.0,7806.0,,,,,,,,,,,,89.0,87.0,11.0,4.0,23.0
01-01-2019,Newfoundland and Labrador,5019.0,321.0,5343.0,,,,,,,,,,,,92.0,94.0,10.0,3.0,29.0
01-01-2019,Nova Scotia,9843.0,,9843.0,,,,,,,,,,,,91.0,92.0,9.0,7.0,27.0
01-01-2019,Ontario,133944.0,23373.0,157317.0,,,,,,,,,,,,92.0,86.0,13.0,5.0,32.0
01-01-2019,Prince Edward Island,1575.0,129.0,1704.0,,,,,,,,,,,,,,10.0,5.0,26.0
01-01-2019,Quebec,74919.0,35340.0,110259.0,,,,,,,,,,,,83.0,79.0,22.0,5.0,26.0
01-01-2019,Saskatchewan,10848.0,1284.0,12132.0,,,,,,,,,,,,88.0,85.0,6.0,6.0,26.0
01-01-2020,Alberta,35655.0,4908.0,40566.0,,,,,,,,,,,,88.0,84.0,8.0,5.0,30.0
01-01-2020,British Columbia,33129.0,7623.0,40749.0,,,,,,,,,,,,89.0,83.0,10.0,5.0,32.0
01-01-2020,Canada,331947.0,77838.0,409785.0,,,,,,,,,,,,89.0,84.0,13.0,4.0,32.0
01-01-2020,Manitoba,12474.0,1593.0,14064.0,,,,,,,,,,,,89.0,85.0,7.0,3.0,33.0
01-01-2020,New Brunswick,8031.0,270.0,8304.0,,,,,,,,,,,,87.0,87.0,8.0,3.0,26.0
01-01-2020,Newfoundland and Labrador,5271.0,327.0,5595.0,,,,,,,,,,,,94.0,89.0,10.0,4.0,32.0
01-01-2020,Nova Scotia,9924.0,,9924.0,,,,,,,,,,,,92.0,87.0,10.0,4.0,29.0
01-01-2020,Ontario,134910.0,24777.0,159687.0,,,,,,,,,,,,93.0,85.0,12.0,4.0,35.0
01-01-2020,Prince Edward Island,1605.0,144.0,1749.0,,,,,,,,,,,,,,11.0,5.0,30.0
01-01-2020,Quebec,77433.0,36714.0,114147.0,,,,,,,,,,,,83.0,80.0,25.0,5.0,27.0
01-01-2020,Saskatchewan,11253.0,1074.0,12327.0,,,,,,,,,,,,89.0,83.0,5.0,6.0,31.0
01-01-2021,Alberta,35253.0,5001.0,40251.0,,,,,,,,,,,,90.0,82.0,8.0,5.0,34.0
01-01-2021,British Columbia,32745.0,7941.0,40689.0,,,,,,,,,,,,87.0,84.0,9.0,4.0,35.0
01-01-2021,Canada,333285.0,76857.0,410142.0,,,,,,,,,,,,91.0,84.0,13.0,4.0,33.0
01-01-2021,Manitoba,12372.0,1485.0,13860.0,,,,,,,,,,,,88.0,84.0,7.0,5.0,31.0
01-01-2021,New Brunswick,8007.0,285.0,8289.0,,,,,,,,,,,,90.0,85.0,10.0,3.0,25.0
01-01-2021,Newfoundland and Labrador,5136.0,357.0,5490.0,,,,,,,,,,,,97.0,89.0,13.0,4.0,33.0
01-01-2021,Nova Scotia,10431.0,,10431.0,,,,,,,,,,,,96.0,91.0,12.0,4.0,29.0
01-01-2021,Ontario,135213.0,21666.0,156876.0,,,,,,,,,,,,94.0,87.0,12.0,4.0,36.0
01-01-2021,Prince Edward Island,1479.0,48.0,1527.0,,,,,,,,,,,,,,9.0,7.0,29.0
01-01-2021,Quebec,79092.0,38520.0,117612.0,,,,,,,,,,,,86.0,76.0,24.0,5.0,27.0
01-01-2021,Saskatchewan,10995.0,1176.0,12171.0,,,,,,,,,,,,91.0,83.0,4.0,7.0,30.0
01-01-2022,Alberta,35826.0,4896.0,40722.0,,,,,,,,,,,,,,9.0,6.0,27.0
01-01-2022,British Columbia,32868.0,8190.0,41061.0,,,,,,,,,,,,,,9.0,4.0,32.0
01-01-2022,Canada,335919.0,77745.0,413667.0,,,,,,,,,,,,,,13.0,5.0,30.0
01-01-2022,Manitoba,12288.0,1509.0,13800.0,,,,,,,,,,,,,,6.0,4.0,27.0
01-01-2022,New Brunswick,8187.0,285.0,8472.0,,,,,,,,,,,,,,10.0,4.0,23.0
01-01-2022,Newfoundland and Labrador,5217.0,279.0,5502.0,,,,,,,,,,,,,,11.0,6.0,33.0
01-01-2022,Nova Scotia,11247.0,,11250.0,,,,,,,,,,,,,,8.0,3.0,31.0
01-01-2022,Ontario,134481.0,21006.0,155487.0,,,,,,,,,,,,,,13.0,5.0,33.0
01-01-2022,Prince Edward Island,1689.0,99.0,1788.0,,,,,,,,,,,,,,10.0,5.0,32.0
01-01-2022,Quebec,80757.0,39882.0,120639.0,,,,,,,,,,,,,,25.0,4.0,26.0
01-01-2022,Saskatchewan,10746.0,1185.0,11931.0,,,,,,,,,,,,,,6.0,6.0,31.0
01-01-2023,Alberta,,,,,,,,,,,,,,,,,9.0,6.0,28.0
01-01-2023,British Columbia,,,,,,,,,,,,,,,,,10.0,4.0,33.0
01-01-2023,Canada,,,,,,,,,,,,,,,,,14.0,5.0,31.0
01-01-2023,Manitoba,,,,,,,,,,,,,,,,,7.0,5.0,32.0
01-01-2023,New Brunswick,,,,,,,,,,,,,,,,,12.0,5.0,24.0
01-01-2023,Newfoundland and Labrador,,,,,,,,,,,,,,,,,13.0,4.0,30.0
01-01-2023,Nova Scotia,,,,,,,,,,,,,,,,,9.0,4.0,28.0
01-01-2023,Ontario,,,,,,,,,,,,,,,,,13.0,5.0,36.0
01-01-2023,Prince Edward Island,,,,,,,,,,,,,,,,,10.0,4.0,30.0
01-01-2023,Quebec,,,,,,,,,,,,,,,,,23.0,4.0,24.0
01-01-2023,Saskatchewan,,,,,,,,,,,,,,,,,6.0,7.0,30.0
