Year,Province,Total PRs,Total TRs,Total Births,Total Deaths,Population Estimate,Net Migration,Natural Increase,Net Population Change,Net Migration Rate,Natural Growth Rate,Population Growth Rate (%)
1991,Alberta,0.0,0,256630.0,28902.0,2572947,0.0,227728.0,227728.0,0.0,88.50862454609442,8.850862454609443
1991,British Columbia,0.0,0,273628.0,47954.0,3339935,0.0,225674.0,225674.0,0.0,67.56838082178245,6.756838082178246
1991,Canada,0.0,0,2413304.0,391138.0,27790000,0.0,2022166.0,2022166.0,0.0,72.76595897804965,7.276595897804966
1991,Manitoba,0.0,0,103642.0,17886.0,1106196,0.0,85756.0,85756.0,0.0,77.52333221237465,7.752333221237466
1991,New Brunswick,0.0,0,56978.0,10938.0,743210,0.0,46040.0,46040.0,0.0,61.94749801536578,6.194749801536577
1991,Newfoundland and Labrador,0.0,0,42968.0,7596.0,577377,0.0,35372.0,35372.0,0.0,61.263264729977124,6.126326472997712
1991,Northwest Territories including Nunavut,0.0,0,9812.0,474.0,59711,0.0,9338.0,9338.0,0.0,156.38659543467702,15.638659543467703
1991,Nova Scotia,0.0,0,72112.0,14510.0,912792,0.0,57602.0,57602.0,0.0,63.1052857606114,6.31052857606114
1991,Ontario,0.0,0,909316.0,145834.0,10355101,0.0,763482.0,763482.0,0.0,73.73003894409142,7.373003894409142
1991,Prince Edward Island,0.0,0,11296.0,2376.0,130477,0.0,8920.0,8920.0,0.0,68.36453934409896,6.836453934409896
1991,Quebec,0.0,0,581654.0,98242.0,7026241,0.0,483412.0,483412.0,0.0,68.80094206845453,6.8800942068454525
1991,Saskatchewan,0.0,0,91862.0,16196.0,1002651,0.0,75666.0,75666.0,0.0,75.46593979360715,7.546593979360715
1991,Unknown province or territory,0.0,0,0.0,0.0,1000942,0.0,0.0,0.0,0.0,0.0,0.0
1991,Unknown province or territory of residence,0.0,0,0.0,2.0,1000942,0.0,-2.0,-2.0,0.0,-0.0019981177730577795,-0.00019981177730577795
1991,Yukon,0.0,0,3406.0,228.0,28223,0.0,3178.0,3178.0,0.0,112.60319597491407,11.260319597491408
1992,Alberta,0.0,0,252156.0,29358.0,2611786,0.0,222798.0,222798.0,0.0,85.30484503707424,8.530484503707426
1992,British Columbia,0.0,0,276856.0,49230.0,3423217,0.0,227626.0,227626.0,0.0,66.4947620907468,6.64947620907468
1992,Canada,0.0,0,2391110.0,393070.0,30705469,0.0,1998040.0,1998040.0,0.0,65.07114416653268,6.507114416653268
1992,Manitoba,0.0,0,99530.0,17960.0,1109978,0.0,81570.0,81570.0,0.0,73.48794300427576,7.348794300427576
1992,New Brunswick,0.0,0,56320.0,11218.0,746571,0.0,45102.0,45102.0,0.0,60.412204599428584,6.041220459942859
1992,Newfoundland and Labrador,0.0,0,41496.0,7596.0,579425,0.0,33900.0,33900.0,0.0,58.50627777538077,5.850627777538077
1992,Northwest Territories including Nunavut,0.0,0,9322.0,512.0,579624,0.0,8810.0,8810.0,0.0,15.199508646984942,1.5199508646984943
1992,Nova Scotia,0.0,0,71352.0,15088.0,917302,0.0,56264.0,56264.0,0.0,61.336397391480666,6.133639739148067
1992,Ontario,0.0,0,904662.0,146412.0,10488022,0.0,758250.0,758250.0,0.0,72.29675910290806,7.229675910290806
1992,Prince Edward Island,0.0,0,11094.0,2228.0,130604,0.0,8866.0,8866.0,0.0,67.88459771523077,6.788459771523077
1992,Quebec,0.0,0,575094.0,97648.0,7082645,0.0,477446.0,477446.0,0.0,67.41069190959027,6.741069190959028
1992,Saskatchewan,0.0,0,90054.0,15586.0,1001136,0.0,74468.0,74468.0,0.0,74.38350034360965,7.438350034360966
1992,Unknown province or territory,0.0,0,0.0,0.0,1002960,0.0,0.0,0.0,0.0,0.0,0.0
1992,Unknown province or territory of residence,0.0,0,0.0,0.0,1002960,0.0,0.0,0.0,0.0,0.0,0.0
1992,Yukon,0.0,0,3174.0,234.0,29239,0.0,2940.0,2940.0,0.0,100.55063442662198,10.055063442662197
1993,Alberta,0.0,0,241708.0,30676.0,2650886,0.0,211032.0,211032.0,0.0,79.60810083873845,7.960810083873844
1993,British Columbia,0.0,0,275950.0,51528.0,3522509,0.0,224422.0,224422.0,0.0,63.71083792830622,6.371083792830621
1993,Canada,0.0,0,2331898.0,409824.0,31063119,0.0,1922074.0,1922074.0,0.0,61.876400756794574,6.187640075679457
1993,Manitoba,0.0,0,100274.0,18598.0,1114180,0.0,81676.0,81676.0,0.0,73.30592902403562,7.330592902403561
1993,New Brunswick,0.0,0,54288.0,11612.0,747892,0.0,42676.0,42676.0,0.0,57.061714793044985,5.706171479304499
1993,Newfoundland and Labrador,0.0,0,38524.0,7780.0,580819,0.0,30744.0,30744.0,0.0,52.93215270161617,5.293215270161617
1993,Northwest Territories including Nunavut,0.0,0,9356.0,520.0,578194,0.0,8836.0,8836.0,0.0,15.282067956429849,1.5282067956429848
1993,Nova Scotia,0.0,0,69610.0,15118.0,922128,0.0,54492.0,54492.0,0.0,59.093748373327784,5.909374837332778
1993,Ontario,0.0,0,888712.0,151706.0,10629994,0.0,737006.0,737006.0,0.0,69.33268259605791,6.933268259605791
1993,Prince Edward Island,0.0,0,10520.0,2290.0,131564,0.0,8230.0,8230.0,0.0,62.55510626007114,6.255510626007115
1993,Quebec,0.0,0,554248.0,103422.0,7137514,0.0,450826.0,450826.0,0.0,63.16288836701406,6.316288836701406
1993,Saskatchewan,0.0,0,85662.0,16328.0,1003443,0.0,69334.0,69334.0,0.0,69.09610212039946,6.909610212039946
1993,Unknown province or territory,0.0,0,0.0,0.0,1007016,0.0,0.0,0.0,0.0,0.0,0.0
1993,Unknown province or territory of residence,0.0,0,0.0,0.0,1007016,0.0,0.0,0.0,0.0,0.0,0.0
1993,Yukon,0.0,0,3046.0,246.0,29964,0.0,2800.0,2800.0,0.0,93.4454678948071,9.34454678948071
1994,Alberta,0.0,0,238700.0,31226.0,2683346,0.0,207474.0,207474.0,0.0,77.31913812083869,7.731913812083868
1994,British Columbia,0.0,0,281520.0,51878.0,3623717,0.0,229642.0,229642.0,0.0,63.37194653997539,6.337194653997539
1994,Canada,0.0,0,2315058.0,414154.0,31365155,0.0,1900904.0,1900904.0,0.0,60.60559879267295,6.060559879267295
1994,Manitoba,0.0,0,98836.0,18296.0,1119284,0.0,80540.0,80540.0,0.0,71.95671518577949,7.195671518577948
1994,New Brunswick,0.0,0,53870.0,11834.0,749531,0.0,42036.0,42036.0,0.0,56.0830706134903,5.608307061349031
1994,Newfoundland and Labrador,0.0,0,38014.0,8100.0,577128,0.0,29914.0,29914.0,0.0,51.83252242136926,5.183252242136926
1994,Northwest Territories including Nunavut,0.0,0,9472.0,482.0,572068,0.0,8990.0,8990.0,0.0,15.714915010103693,1.5714915010103694
1994,Nova Scotia,0.0,0,66882.0,15540.0,925852,0.0,51342.0,51342.0,0.0,55.453787430388445,5.545378743038844
1994,Ontario,0.0,0,887230.0,154974.0,10744762,0.0,732256.0,732256.0,0.0,68.15004371432332,6.815004371432331
1994,Prince Edward Island,0.0,0,10288.0,2228.0,132752,0.0,8060.0,8060.0,0.0,60.71471616246836,6.0714716162468365
1994,Quebec,0.0,0,543318.0,102730.0,7177923,0.0,440588.0,440588.0,0.0,61.38098722987137,6.138098722987137
1994,Saskatchewan,0.0,0,84266.0,16616.0,1007554,0.0,67650.0,67650.0,0.0,67.14280326414267,6.714280326414267
1994,Unknown province or territory,0.0,0,12.0,0.0,1010784,0.0,12.0,12.0,0.0,0.011871972646975022,0.001187197264697502
1994,Unknown province or territory of residence,0.0,0,0.0,2.0,1010784,0.0,-2.0,-2.0,0.0,-0.00197866210782917,-0.00019786621078291702
1994,Yukon,0.0,0,2650.0,248.0,29670,0.0,2402.0,2402.0,0.0,80.95719582069431,8.09571958206943
1995,Alberta,0.0,0,233448.0,31790.0,2715701,0.0,201658.0,201658.0,0.0,74.25633381583613,7.425633381583613
1995,British Columbia,0.0,0,280526.0,52750.0,3730564,0.0,227776.0,227776.0,0.0,61.05671957376954,6.105671957376955
1995,Canada,0.0,0,2269576.0,421466.0,31671803,0.0,1848110.0,1848110.0,0.0,58.351903742265634,5.835190374226563
1995,Manitoba,0.0,0,96678.0,19316.0,1124947,0.0,77362.0,77362.0,0.0,68.76946202798888,6.876946202798887
1995,New Brunswick,0.0,0,51382.0,11876.0,750819,0.0,39506.0,39506.0,0.0,52.617208674793794,5.261720867479379
1995,Newfoundland and Labrador,0.0,0,35136.0,7870.0,570563,0.0,27266.0,27266.0,0.0,47.78788670138092,4.778788670138091
1995,Northwest Territories including Nunavut,0.0,0,9674.0,454.0,565008,0.0,9220.0,9220.0,0.0,16.318353014470592,1.6318353014470592
1995,Nova Scotia,0.0,0,64792.0,15374.0,927395,0.0,49418.0,49418.0,0.0,53.28689501237337,5.328689501237337
1995,Ontario,0.0,0,879386.0,156958.0,10875308,0.0,722428.0,722428.0,0.0,66.42827954849646,6.642827954849647
1995,Prince Edward Island,0.0,0,10514.0,2306.0,134060,0.0,8208.0,8208.0,0.0,61.22631657466806,6.122631657466806
1995,Quebec,0.0,0,524208.0,105468.0,7205074,0.0,418740.0,418740.0,0.0,58.11737672645694,5.811737672645694
1995,Saskatchewan,0.0,0,81016.0,16990.0,1011784,0.0,64026.0,64026.0,0.0,63.28030488720913,6.328030488720913
1995,Unknown province or territory,0.0,0,0.0,0.0,1015349,0.0,0.0,0.0,0.0,0.0,0.0
1995,Unknown province or territory of residence,0.0,0,0.0,0.0,1015349,0.0,0.0,0.0,0.0,0.0,0.0
1995,Yukon,0.0,0,2816.0,314.0,29882,0.0,2502.0,2502.0,0.0,83.72933538585102,8.372933538585102
1996,Alberta,0.0,0,227096.0,32782.0,2753463,0.0,194314.0,194314.0,0.0,70.57076851949708,7.0570768519497085
1996,British Columbia,0.0,0,276536.0,55072.0,3826739,0.0,221464.0,221464.0,0.0,57.87277365924355,5.787277365924355
1996,Canada,0.0,0,2196976.0,425760.0,29671000,0.0,1771216.0,1771216.0,0.0,59.695190590138516,5.969519059013852
1996,Manitoba,0.0,0,92856.0,18994.0,1130288,0.0,73862.0,73862.0,0.0,65.34794671800462,6.534794671800461
1996,New Brunswick,0.0,0,49056.0,11792.0,751581,0.0,37264.0,37264.0,0.0,49.58081697115813,4.958081697115813
1996,Newfoundland and Labrador,0.0,0,34472.0,7856.0,563679,0.0,26616.0,26616.0,0.0,47.218363643137316,4.721836364313732
1996,Northwest Territories including Nunavut,0.0,0,9388.0,544.0,557281,0.0,8844.0,8844.0,0.0,15.869911229702788,1.586991122970279
1996,Nova Scotia,0.0,0,63816.0,15502.0,929782,0.0,48314.0,48314.0,0.0,51.96271814253234,5.196271814253233
1996,Ontario,0.0,0,842306.0,158198.0,11009307,0.0,684108.0,684108.0,0.0,62.13906106896647,6.213906106896647
1996,Prince Edward Island,0.0,0,10154.0,2536.0,135119,0.0,7618.0,7618.0,0.0,56.3799317638526,5.63799317638526
1996,Quebec,0.0,0,508788.0,104672.0,7232952,0.0,404116.0,404116.0,0.0,55.871516913149705,5.587151691314971
1996,Saskatchewan,0.0,0,79850.0,17530.0,1016198,0.0,62320.0,62320.0,0.0,61.32663122737892,6.132663122737892
1996,Unknown province or territory,0.0,0,0.0,0.0,1019408,0.0,0.0,0.0,0.0,0.0,0.0
1996,Unknown province or territory of residence,0.0,0,0.0,42.0,1019408,0.0,-42.0,-42.0,0.0,-0.041200382967369296,-0.00412003829673693
1996,Yukon,0.0,0,2658.0,240.0,30963,0.0,2418.0,2418.0,0.0,78.09320802247844,7.809320802247845
1997,Alberta,0.0,0,221394.0,32904.0,2799561,0.0,188490.0,188490.0,0.0,67.32841327622438,6.732841327622438
1997,British Columbia,0.0,0,267264.0,54824.0,3914490,0.0,212440.0,212440.0,0.0,54.270160352945084,5.427016035294509
1997,Canada,0.0,0,2094860.0,431338.0,32266763,0.0,1663522.0,1663522.0,0.0,51.555279964091845,5.155527996409185
1997,Manitoba,0.0,0,87906.0,19022.0,1134997,0.0,68884.0,68884.0,0.0,60.69090931517881,6.069090931517881
1997,New Brunswick,0.0,0,47520.0,11888.0,752334,0.0,35632.0,35632.0,0.0,47.361942966820585,4.736194296682059
1997,Newfoundland and Labrador,0.0,0,32466.0,8636.0,555432,0.0,23830.0,23830.0,0.0,42.903541747684685,4.290354174768469
1997,Northwest Territories including Nunavut,0.0,0,8822.0,516.0,547639,0.0,8306.0,8306.0,0.0,15.166925657230403,1.5166925657230401
1997,Nova Scotia,0.0,0,60118.0,16088.0,932349,0.0,44030.0,44030.0,0.0,47.2248053035934,4.72248053035934
1997,Ontario,0.0,0,801382.0,159082.0,11146270,0.0,642300.0,642300.0,0.0,57.62465829376105,5.762465829376105
1997,Prince Edward Island,0.0,0,9534.0,2060.0,135935,0.0,7474.0,7474.0,0.0,54.982160591459156,5.498216059145915
1997,Quebec,0.0,0,478404.0,108798.0,7262945,0.0,369606.0,369606.0,0.0,50.88927425445188,5.0889274254451875
1997,Saskatchewan,0.0,0,77206.0,17274.0,1018326,0.0,59932.0,59932.0,0.0,58.85345164515096,5.885345164515097
1997,Unknown province or territory,0.0,0,0.0,0.0,1017426,0.0,0.0,0.0,0.0,0.0,0.0
1997,Unknown province or territory of residence,0.0,0,0.0,0.0,1017426,0.0,0.0,0.0,0.0,0.0,0.0
1997,Yukon,0.0,0,2844.0,246.0,31633,0.0,2598.0,2598.0,0.0,82.12942180634148,8.212942180634148
1998,Alberta,0.0,0,227408.0,33590.0,2859305,0.0,193818.0,193818.0,0.0,67.78500369845119,6.77850036984512
1998,British Columbia,0.0,0,258266.0,55956.0,3972821,0.0,202310.0,202310.0,0.0,50.92351253680948,5.092351253680949
1998,Canada,0.0,0,2055388.0,436182.0,32534606,0.0,1619206.0,1619206.0,0.0,49.76872933392831,4.976872933392831
1998,Manitoba,0.0,0,86742.0,19630.0,1135770,0.0,67112.0,67112.0,0.0,59.08942831735298,5.908942831735298
1998,New Brunswick,0.0,0,47292.0,12610.0,751969,0.0,34682.0,34682.0,0.0,46.12158213968927,4.612158213968927
1998,Newfoundland and Labrador,0.0,0,29916.0,8460.0,545769,0.0,21456.0,21456.0,0.0,39.31333586187563,3.931333586187563
1998,Northwest Territories including Nunavut,0.0,0,7816.0,576.0,537908,0.0,7240.0,7240.0,0.0,13.45955070383783,1.345955070383783
1998,Nova Scotia,0.0,0,58068.0,16136.0,932549,0.0,41932.0,41932.0,0.0,44.96492945678994,4.496492945678994
1998,Ontario,0.0,0,796884.0,160368.0,11292059,0.0,636516.0,636516.0,0.0,56.3684621201501,5.63684621201501
1998,Prince Edward Island,0.0,0,9028.0,2414.0,135938,0.0,6614.0,6614.0,0.0,48.654533684473805,4.865453368447381
1998,Quebec,0.0,0,454910.0,108362.0,7286008,0.0,346548.0,346548.0,0.0,47.5634943030532,4.7563494303053195
1998,Saskatchewan,0.0,0,76682.0,17810.0,1017504,0.0,58872.0,58872.0,0.0,57.85923200301915,5.785923200301915
1998,Unknown province or territory,0.0,0,0.0,0.0,1017748,0.0,0.0,0.0,0.0,0.0,0.0
1998,Unknown province or territory of residence,0.0,0,0.0,0.0,1017748,0.0,0.0,0.0,0.0,0.0,0.0
1998,Yukon,0.0,0,2376.0,270.0,31510,0.0,2106.0,2106.0,0.0,66.83592510314186,6.6835925103141856
1999,Alberta,0.0,0,229012.0,34412.0,2926079,0.0,194600.0,194600.0,0.0,66.50538143365233,6.6505381433652335
1999,British Columbia,0.0,0,251482.0,56034.0,3995643,0.0,195448.0,195448.0,0.0,48.91528096979635,4.891528096979635
1999,Canada,0.0,0,2033264.0,439638.0,32325860,0.0,1593626.0,1593626.0,0.0,49.2987966909465,4.9298796690946505
1999,Manitoba,0.0,0,85824.0,19720.0,1138946,0.0,66104.0,66104.0,0.0,58.03962611045651,5.803962611045651
1999,New Brunswick,0.0,0,45674.0,12148.0,750127,0.0,33526.0,33526.0,0.0,44.69376518909465,4.469376518909464
1999,Newfoundland and Labrador,0.0,0,30294.0,8278.0,536515,0.0,22016.0,22016.0,0.0,41.0351993886471,4.10351993886471
1999,Northwest Territories,0.0,0,5100.0,324.0,40635,0.0,4776.0,4776.0,0.0,117.53414544112219,11.753414544112218
1999,Northwest Territories including Nunavut,0.0,0,8386.0,578.0,40579,0.0,7808.0,7808.0,0.0,192.41479583035562,19.24147958303556
1999,Nova Scotia,0.0,0,57730.0,15280.0,932145,0.0,42450.0,42450.0,0.0,45.54012519511449,4.554012519511449
1999,Nunavut,0.0,0,3286.0,254.0,26575,0.0,3032.0,3032.0,0.0,114.09219190968956,11.409219190968956
1999,Ontario,0.0,0,788186.0,162786.0,11419589,0.0,625400.0,625400.0,0.0,54.76554366361171,5.476554366361171
1999,Prince Edward Island,0.0,0,9064.0,2274.0,135994,0.0,6790.0,6790.0,0.0,49.92867332382311,4.992867332382311
1999,Quebec,0.0,0,441298.0,109184.0,7310238,0.0,332114.0,332114.0,0.0,45.43135257702964,4.543135257702964
1999,Saskatchewan,0.0,0,75630.0,18088.0,1016883,0.0,57542.0,57542.0,0.0,56.58664762809487,5.6586647628094875
1999,Unknown province or territory,0.0,0,0.0,0.0,1012582,0.0,0.0,0.0,0.0,0.0,0.0
1999,Unknown province or territory of residence,0.0,0,0.0,8.0,1012582,0.0,-8.0,-8.0,0.0,-0.007900594717267343,-0.0007900594717267342
1999,Yukon,0.0,0,2298.0,270.0,30748,0.0,2028.0,2028.0,0.0,65.95550930141798,6.595550930141798
2000,Alberta,0.0,9430,221988.0,34546.0,2974517,-9430.0,187442.0,178012.0,-3.1702626006171757,63.01594510974387,5.984568250912669
2000,British Columbia,0.0,32885,243932.0,54920.0,4026664,-32885.0,189012.0,156127.0,-8.166810044245063,46.940097311322724,3.877328726707766
2000,Canada,0.0,122620,1969724.0,436124.0,32714901,-122620.0,1533600.0,1410980.0,-3.748139112510229,46.8777209504623,4.312958183795207
2000,Manitoba,0.0,2830,84508.0,19784.0,1144428,-2830.0,64724.0,61894.0,-2.472851066209495,56.55576410224147,5.408291303603197
2000,New Brunswick,0.0,1825,44106.0,12176.0,750786,-1825.0,31930.0,30105.0,-2.430785869741844,42.52876318951073,4.009797731976888
2000,Newfoundland and Labrador,0.0,690,29220.0,8678.0,531774,-690.0,20542.0,19852.0,-1.2975436933735007,38.62919210040356,3.7331648407030054
2000,Northwest Territories,0.0,25,4828.0,314.0,40623,-25.0,4514.0,4489.0,-0.6154149127341654,111.1193166432809,11.050390173054673
2000,Northwest Territories including Nunavut,0.0,0,0.0,0.0,40575,0.0,0.0,0.0,0.0,0.0,0.0
2000,Nova Scotia,0.0,3075,55000.0,15758.0,934594,-3075.0,39242.0,36167.0,-3.290198738703651,41.98828582250689,3.8698087083803236
2000,Nunavut,0.0,0,3606.0,260.0,27145,0.0,3346.0,3346.0,0.0,123.26395284582796,12.326395284582796
2000,Ontario,0.0,46120,766898.0,162580.0,11576994,-46120.0,604318.0,558198.0,-3.983762969903932,52.19990612416315,4.821614315425921
2000,Prince Edward Island,0.0,235,8646.0,2458.0,136442,-235.0,6188.0,5953.0,-1.7223435599009103,45.35260403688014,4.363026047697923
2000,Province / Territory not stated,0.0,0,0.0,0.0,136400,0.0,0.0,0.0,0.0,0.0,0.0
2000,Quebec,0.0,22770,431904.0,106380.0,7340269,-22770.0,325524.0,302754.0,-3.102066150436721,44.34769352458336,4.1245627374146645
2000,Saskatchewan,0.0,2690,72870.0,17912.0,1011141,-2690.0,54958.0,52268.0,-2.6603609190014055,54.35245925147927,5.169209833247787
2000,Unknown province or territory,0.0,0,0.0,0.0,1006027,0.0,0.0,0.0,0.0,0.0,0.0
2000,Unknown province or territory of residence,0.0,0,0.0,46.0,1006027,0.0,-46.0,-46.0,0.0,-0.04572441892712621,-0.004572441892712621
2000,Yukon,0.0,45,2218.0,312.0,30495,-45.0,1906.0,1861.0,-1.4756517461878997,62.50204951631415,6.102639777012625
2001,Alberta,0.0,10640,225662.0,35158.0,3027941,-10640.0,190504.0,179864.0,-3.513939010040156,62.915360636155064,5.940142162611491
2001,British Columbia,0.0,41120,243272.0,56706.0,4055229,-41120.0,186566.0,145446.0,-10.139994560109923,46.006279793323635,3.586628523321371
2001,Canada,0.0,145900,2005556.0,439076.0,31190000,-145900.0,1566480.0,1420580.0,-4.677781340173133,50.223789676178264,4.554600833600513
2001,Manitoba,0.0,3205,84010.0,19468.0,1148456,-3205.0,64542.0,61337.0,-2.790703344316195,56.19893143490042,5.340822809058423
2001,New Brunswick,0.0,2305,43162.0,12124.0,749715,-2305.0,31038.0,28733.0,-3.0745016439580373,41.39973189812129,3.8325230254163247
2001,Newfoundland and Labrador,0.0,725,28302.0,8302.0,525299,-725.0,20000.0,19275.0,-1.3801663433587348,38.073554299551304,3.669338795619257
2001,Northwest Territories,0.0,30,3714.0,326.0,40624,-30.0,3388.0,3358.0,-0.7384797164237888,83.39897597479323,8.266049625836944
2001,Northwest Territories including Nunavut,0.0,0,0.0,0.0,41175,0.0,0.0,0.0,0.0,0.0,0.0
2001,Nova Scotia,0.0,3685,53718.0,15758.0,933463,-3685.0,37960.0,34275.0,-3.94766584213836,40.6657789328554,3.671811309071704
2001,Nunavut,0.0,0,4216.0,246.0,27798,0.0,3970.0,3970.0,0.0,142.81602993021082,14.28160299302108
2001,Ontario,0.0,55765,793472.0,162428.0,11771945,-55765.0,631044.0,575279.0,-4.737110137704517,53.605755038780764,4.886864490107625
2001,Prince Edward Island,0.0,255,8272.0,2320.0,136377,-255.0,5952.0,5697.0,-1.86981675795772,43.643722915154314,4.177390615719659
2001,Province / Territory not stated,0.0,0,0.0,0.0,136876,0.0,0.0,0.0,0.0,0.0,0.0
2001,Quebec,0.0,25090,442004.0,108388.0,7373978,-25090.0,333616.0,308526.0,-3.4025054048167758,45.24233731101449,4.183983190619771
2001,Saskatchewan,0.0,3055,73682.0,17480.0,1003469,-3055.0,56202.0,53147.0,-3.0444388416582875,56.007709256588896,5.29632704149306
2001,Unknown province or territory,0.0,0,0.0,0.0,999241,0.0,0.0,0.0,0.0,0.0,0.0
2001,Unknown province or territory of residence,0.0,0,0.0,104.0,999241,0.0,-104.0,-104.0,0.0,-0.10407899595793207,-0.010407899595793206
2001,Yukon,0.0,25,2070.0,268.0,30147,-25.0,1802.0,1777.0,-0.8292699107705576,59.77377516834179,5.894450525757123
2002,Alberta,0.0,11065,232118.0,36468.0,3092506,-11065.0,195650.0,184585.0,-3.578004375739287,63.26584329989982,5.968783892416053
2002,British Columbia,0.0,44250,240180.0,57766.0,4087124,-44250.0,182414.0,138164.0,-10.826683995885615,44.631383828824376,3.3804699832938763
2002,Canada,0.0,158070,1975462.0,447206.0,33340500,-158070.0,1528256.0,1370186.0,-4.741080667656454,45.83782486765345,4.1096744199997
2002,Manitoba,0.0,3715,83306.0,19698.0,1152828,-3715.0,63608.0,59893.0,-3.2225102096756846,55.17562030068666,5.195311009101098
2002,New Brunswick,0.0,2775,42268.0,12192.0,748639,-2775.0,30076.0,27301.0,-3.7067264729729548,40.17423618058904,3.646750970761609
2002,Newfoundland and Labrador,0.0,785,27856.0,8366.0,521414,-785.0,19490.0,18705.0,-1.505521524163141,37.37912675915875,3.587360523499561
2002,Northwest Territories,0.0,30,3874.0,338.0,41176,-30.0,3536.0,3506.0,-0.7285797551972023,85.87526714591024,8.514668739071304
2002,Northwest Territories including Nunavut,0.0,0,0.0,0.0,41874,0.0,0.0,0.0,0.0,0.0,0.0
2002,Nova Scotia,0.0,4400,52344.0,15994.0,933757,-4400.0,36350.0,31950.0,-4.712146736249367,38.92875769606011,3.4216610959810745
2002,Nunavut,0.0,5,4312.0,254.0,28334,-5.0,4058.0,4053.0,-0.17646643608385684,143.22015952565823,14.304369308957437
2002,Ontario,0.0,62555,775356.0,164468.0,11979906,-62555.0,610888.0,548333.0,-5.221660336900807,50.9927206440518,4.5771060307150995
2002,Prince Edward Island,0.0,260,7968.0,2472.0,136858,-260.0,5496.0,5236.0,-1.8997793333235908,40.15841236902483,3.8258633035701237
2002,Province / Territory not stated,0.0,0,0.0,0.0,137082,0.0,0.0,0.0,0.0,0.0,0.0
2002,Quebec,0.0,24910,433270.0,111068.0,7417456,-24910.0,322202.0,297292.0,-3.358294272321939,43.43834328103868,4.008004900871674
2002,Saskatchewan,0.0,3270,70576.0,17812.0,998742,-3270.0,52764.0,49494.0,-3.2741188415026103,52.83046071958524,4.955634187808263
2002,Unknown province or territory,0.0,0,0.0,0.0,996324,0.0,0.0,0.0,0.0,0.0,0.0
2002,Unknown province or territory of residence,0.0,0,0.0,16.0,996324,0.0,-16.0,-16.0,0.0,-0.016059033005327586,-0.0016059033005327585
2002,Yukon,0.0,50,2034.0,294.0,30156,-50.0,1740.0,1690.0,-1.6580448335322988,57.699960206924,5.60419153733917
2003,Alberta,0.0,11580,241710.0,37170.0,3155370,-11580.0,204540.0,192960.0,-3.669934112322802,64.8228258492665,6.115289173694369
2003,British Columbia,0.0,46405,242814.0,58640.0,4110197,-46405.0,184174.0,137769.0,-11.29021309684183,44.80904443266345,3.3518831335821617
2003,Canada,0.0,164430,2013892.0,452338.0,33652870,-164430.0,1561554.0,1397124.0,-4.88606172371034,46.40180763186022,4.151574590814988
2003,Manitoba,0.0,4250,83580.0,19734.0,1158358,-4250.0,63846.0,59596.0,-3.668986617263402,55.11767519195275,5.144868857468935
2003,New Brunswick,0.0,3025,42696.0,12514.0,749243,-3025.0,30182.0,27157.0,-4.037408424236196,40.28332597034607,3.624591754610987
2003,Newfoundland and Labrador,0.0,895,27744.0,8562.0,519140,-895.0,19182.0,18287.0,-1.724005085333436,36.949570443425664,3.522556535809223
2003,Northwest Territories,0.0,55,4244.0,404.0,42007,-55.0,3840.0,3785.0,-1.3093055919251553,91.41333587259267,9.01040302806675
2003,Northwest Territories including Nunavut,0.0,0,0.0,0.0,42855,0.0,0.0,0.0,0.0,0.0,0.0
2003,Nova Scotia,0.0,5095,52058.0,16128.0,935495,-5095.0,35930.0,30835.0,-5.446314517982459,38.40747411798032,3.2961159599997862
2003,Nunavut,0.0,5,4484.0,268.0,28963,-5.0,4216.0,4211.0,-0.17263405034008908,145.5650312467631,14.539239719642302
2003,Ontario,0.0,64085,790054.0,168414.0,12155691,-64085.0,621640.0,557555.0,-5.272016210349539,51.13983236329387,4.5867816152944325
2003,Prince Edward Island,0.0,285,8494.0,2366.0,137079,-285.0,6128.0,5843.0,-2.079093077714311,44.70414870257297,4.262505562485866
2003,Province / Territory not stated,0.0,0,0.0,0.0,137430,0.0,0.0,0.0,0.0,0.0,0.0
2003,Quebec,0.0,25200,441770.0,109854.0,7461162,-25200.0,331916.0,306716.0,-3.377489994185892,44.485832099611294,4.11083421054254
2003,Saskatchewan,0.0,3520,72228.0,18014.0,996286,-3520.0,54214.0,50694.0,-3.53312201516432,54.41610140060183,5.088297938543752
2003,Unknown province or territory,0.0,0,12.0,0.0,996585,0.0,12.0,12.0,0.0,0.012041120426255663,0.0012041120426255663
2003,Unknown province or territory of residence,0.0,0,0.0,4.0,996585,0.0,-4.0,-4.0,0.0,-0.004013706808751888,-0.00040137068087518876
2003,Yukon,0.0,30,2004.0,266.0,30424,-30.0,1738.0,1708.0,-0.9860636339731791,57.125953194846176,5.613988956087299
2004,Alberta,0.0,11755,244572.0,37350.0,3209557,-11755.0,207222.0,195467.0,-3.662499217181686,64.5640504281432,6.090155121096151
2004,British Columbia,0.0,47505,242794.0,59846.0,4139895,-47505.0,182948.0,135443.0,-11.474928711960086,44.191458962123434,3.271653025016335
2004,Canada,0.0,168540,2028530.0,453168.0,33950794,-168540.0,1575362.0,1406822.0,-4.964243251571672,46.401330113222095,4.143708686165042
2004,Manitoba,0.0,4710,82882.0,19806.0,1167643,-4710.0,63076.0,58366.0,-4.033767170273791,54.01993588793835,4.998616871766456
2004,New Brunswick,0.0,3200,41780.0,12494.0,749192,-3200.0,29286.0,26086.0,-4.2712682463240395,39.09011308182682,3.481884483550278
2004,Newfoundland and Labrador,0.0,910,26910.0,8616.0,518677,-910.0,18294.0,17384.0,-1.754463760683431,35.27050553620076,3.3516041775517325
2004,Northwest Territories,0.0,50,4230.0,306.0,43166,-50.0,3924.0,3874.0,-1.1583190473984155,90.90487883982765,8.974655979242923
2004,Northwest Territories including Nunavut,0.0,0,0.0,0.0,43354,0.0,0.0,0.0,0.0,0.0,0.0
2004,Nova Scotia,0.0,5430,52970.0,16482.0,938946,-5430.0,36488.0,31058.0,-5.783080177134788,38.86059475198787,3.307751457485308
2004,Nunavut,0.0,10,4594.0,242.0,29495,-10.0,4352.0,4342.0,-0.3390405153415833,147.55043227665706,14.721139176131548
2004,Ontario,0.0,65465,803188.0,166284.0,12303516,-65465.0,636904.0,571439.0,-5.320836742927794,51.766015503210625,4.644517876028283
2004,Prince Edward Island,0.0,315,8344.0,2446.0,137512,-315.0,5898.0,5583.0,-2.2907091744720463,42.89080225725755,4.06000930827855
2004,Province / Territory not stated,0.0,0,0.0,0.0,137697,0.0,0.0,0.0,0.0,0.0,0.0
2004,Quebec,0.0,25595,442190.0,111248.0,7510218,-25595.0,330942.0,305347.0,-3.408023575347613,44.06556507414299,4.065754149879537
2004,Saskatchewan,0.0,3560,71896.0,17688.0,996586,-3560.0,54208.0,50648.0,-3.5721954753528546,54.39370009211448,5.082150461676163
2004,Unknown province or territory,0.0,0,0.0,0.0,997010,0.0,0.0,0.0,0.0,0.0,0.0
2004,Unknown province or territory of residence,0.0,0,0.0,28.0,997010,0.0,-28.0,-28.0,0.0,-0.028083971073509795,-0.0028083971073509795
2004,Yukon,0.0,35,2180.0,332.0,31320,-35.0,1848.0,1813.0,-1.1174968071519795,59.00383141762452,5.7886334610472545
2005,Alberta,0.0,12200,252600.0,38576.0,3276908,-12200.0,214024.0,201824.0,-3.7230218242318673,65.31278876306567,6.15897669388338
2005,British Columbia,0.0,49180,244862.0,60454.0,4174017,-49180.0,184408.0,135228.0,-11.78241487756279,44.17998297563235,3.2397568098069556
2005,Canada,0.0,170395,2068100.0,460264.0,34243265,-170395.0,1607836.0,1437441.0,-4.976014991561114,46.953349804698824,4.1977334813137706
2005,Manitoba,0.0,4950,84796.0,19712.0,1176047,-4950.0,65084.0,60134.0,-4.209015456014938,55.34132564429823,5.113231018828329
2005,New Brunswick,0.0,3225,41362.0,12350.0,749005,-3225.0,29012.0,25787.0,-4.305712244911582,38.73405384476739,3.4428341599855807
2005,Newfoundland and Labrador,0.0,1075,27006.0,8972.0,516750,-1075.0,18034.0,16959.0,-2.080309627479439,34.898887276245766,3.2818577648766327
2005,Northwest Territories,0.0,60,4360.0,296.0,43440,-60.0,4064.0,4004.0,-1.3812154696132597,93.55432780847146,9.21731123388582
2005,Northwest Territories including Nunavut,0.0,0,0.0,0.0,43523,0.0,0.0,0.0,0.0,0.0,0.0
2005,Nova Scotia,0.0,5425,51838.0,16546.0,939202,-5425.0,35292.0,29867.0,-5.776180204045562,37.57658096980202,3.1800400765756462
2005,Nunavut,0.0,5,4336.0,230.0,29936,-5.0,4106.0,4101.0,-0.16702298236237306,137.15927311598077,13.699225013361838
2005,Ontario,0.0,64605,817466.0,171182.0,12444755,-64605.0,646284.0,581679.0,-5.191343662450566,51.9322397266961,4.674089606424554
2005,Prince Edward Island,0.0,345,8036.0,2236.0,137691,-345.0,5800.0,5455.0,-2.5056103884785497,42.12330508166837,3.961769469318982
2005,Province / Territory not stated,0.0,0,0.0,0.0,138133,0.0,0.0,0.0,0.0,0.0,0.0
2005,Quebec,0.0,25605,457700.0,111574.0,7559576,-25605.0,346126.0,320521.0,-3.387094725947593,45.78643035006196,4.239933562411437
2005,Saskatchewan,0.0,3690,71812.0,17700.0,995914,-3690.0,54112.0,50422.0,-3.7051391987661586,54.33400875979251,5.062886956102635
2005,Unknown province or territory,0.0,0,0.0,0.0,993299,0.0,0.0,0.0,0.0,0.0,0.0
2005,Unknown province or territory of residence,0.0,0,0.0,108.0,993299,0.0,-108.0,-108.0,0.0,-0.10872859028348966,-0.010872859028348966
2005,Yukon,0.0,30,1926.0,328.0,31770,-30.0,1598.0,1568.0,-0.9442870632672332,50.29902423670129,4.935473717343406
2006,Alberta,0.0,12380,271360.0,39080.0,3371851,-12380.0,232280.0,219900.0,-3.6715738625461207,68.88797873927406,6.521640487672794
2006,British Columbia,0.0,50750,250330.0,61376.0,4217956,-50750.0,188954.0,138204.0,-12.031894121228387,44.797527522809624,3.276563340158124
2006,Canada,0.0,172280,2142873.0,456158.0,32399000,-172280.0,1686715.0,1514435.0,-5.317448069384858,52.060711750362664,4.6743263680977805
2006,Manitoba,0.0,4990,87374.0,19548.0,1179916,-4990.0,67826.0,62836.0,-4.22911461493869,57.48375308072778,5.325463846578909
2006,New Brunswick,0.0,3120,42172.0,12020.0,746985,-3120.0,30152.0,27032.0,-4.176790698608405,40.364933700141236,3.6188143001532826
2006,Newfoundland and Labrador,0.0,1210,27216.0,8986.0,512554,-1210.0,18230.0,17020.0,-2.3607268697542114,35.56698416166882,3.3206257291914607
2006,Northwest Territories,0.0,50,4334.0,364.0,43315,-50.0,3970.0,3920.0,-1.154334526145677,91.65416137596675,9.049982684982108
2006,Northwest Territories including Nunavut,0.0,0,0.0,0.0,43205,0.0,0.0,0.0,0.0,0.0,0.0
2006,Nova Scotia,0.0,5380,51374.0,16176.0,938120,-5380.0,35198.0,29818.0,-5.7348740033258006,37.519720291647126,3.1784846288321322
2006,Nunavut,0.0,0,4633.0,258.0,30569,0.0,4375.0,4375.0,0.0,143.11884588962675,14.311884588962675
2006,Ontario,0.0,64405,828464.0,169048.0,12587149,-64405.0,659416.0,595011.0,-5.116726591541897,52.38803481233121,4.727130822078932
2006,Prince Edward Island,0.0,390,8474.0,2344.0,137908,-390.0,6130.0,5740.0,-2.8279722713693185,44.44992313716391,4.162195086579459
2006,Province / Territory not stated,0.0,0,0.0,0.0,137898,0.0,0.0,0.0,0.0,0.0,0.0
2006,Quebec,0.0,26225,491218.0,108480.0,7604228,-26225.0,382738.0,356513.0,-3.4487393066067984,50.332262525531846,4.688352321892505
2006,Saskatchewan,0.0,3355,73742.0,18108.0,992246,-3355.0,55634.0,52279.0,-3.3812179640935818,56.068757142885936,5.268753917879236
2006,Unknown province or territory,0.0,0,0.0,0.0,993359,0.0,0.0,0.0,0.0,0.0,0.0
2006,Unknown province or territory of residence,0.0,0,0.0,14.0,993359,0.0,-14.0,-14.0,0.0,-0.014093595568168206,-0.0014093595568168205
2006,Yukon,0.0,25,2182.0,356.0,32112,-25.0,1826.0,1801.0,-0.7785251619332337,56.86347782760339,5.608495266567015
2007,Alberta,0.0,13110,294070.0,40404.0,3472779,-13110.0,253666.0,240556.0,-3.7750746592282436,73.04409523324117,6.926902057401292
2007,British Columbia,0.0,53070,261738.0,62616.0,4265328,-53070.0,199122.0,146052.0,-12.442184985539212,46.683865812898794,3.4241680827359584
2007,Canada,0.0,179065,2217102.0,470434.0,34913764,-179065.0,1746668.0,1567603.0,-5.128779583891327,50.02806343080053,4.48992838469092
2007,Manitoba,0.0,5065,91688.0,19916.0,1184495,-5065.0,71772.0,66707.0,-4.2760839007340685,60.59291090295864,5.631682700222457
2007,New Brunswick,0.0,3195,42880.0,12648.0,744849,-3195.0,30232.0,27037.0,-4.289460011358007,40.58809235160415,3.629863234024614
2007,Newfoundland and Labrador,0.0,1415,27302.0,9010.0,510329,-1415.0,18292.0,16877.0,-2.7727211269592753,35.84354406667072,3.307082293971144
2007,Northwest Territories,0.0,45,4506.0,348.0,43088,-45.0,4158.0,4113.0,-1.0443743037504643,96.50018566654289,9.545581136279242
2007,Northwest Territories including Nunavut,0.0,0,0.0,0.0,43286,0.0,0.0,0.0,0.0,0.0,0.0
2007,Nova Scotia,0.0,5400,53680.0,16706.0,936232,-5400.0,36974.0,31574.0,-5.76780114330636,39.492348050483216,3.3724546907176856
2007,Nunavut,0.0,0,4864.0,258.0,30957,0.0,4606.0,4606.0,0.0,148.78702716671512,14.878702716671512
2007,Ontario,0.0,66360,839958.0,174680.0,12703327,-66360.0,665278.0,598918.0,-5.223828371890293,52.370375099373575,4.714654672748328
2007,Prince Edward Island,0.0,470,8328.0,2294.0,137777,-470.0,6034.0,5564.0,-3.411309579973435,43.79540852246747,4.038409894249403
2007,Province / Territory not stated,0.0,0,0.0,0.0,138020,0.0,0.0,0.0,0.0,0.0,0.0
2007,Quebec,0.0,27575,506472.0,113042.0,7661201,-27575.0,393430.0,365855.0,-3.599305122003717,51.35356714958921,4.775426202758549
2007,Saskatchewan,0.0,3325,79486.0,18124.0,995170,-3325.0,61362.0,58037.0,-3.3411376950671743,61.65981691570285,5.831867922063567
2007,Unknown province or territory,0.0,0,0.0,0.0,1007305,0.0,0.0,0.0,0.0,0.0,0.0
2007,Unknown province or territory of residence,0.0,0,0.0,4.0,1007305,0.0,-4.0,-4.0,0.0,-0.003970991904140256,-0.0003970991904140255
2007,Yukon,0.0,35,2130.0,384.0,32316,-35.0,1746.0,1711.0,-1.0830548335189998,54.028963980690676,5.294590914717168
2008,Alberta,0.0,13775,305064.0,42158.0,3548804,-13775.0,262906.0,249131.0,-3.8815894030777693,74.08298683161989,7.020139742854212
2008,British Columbia,0.0,55120,265476.0,64190.0,4319657,-55120.0,201286.0,146166.0,-12.760272401257785,46.597681251080814,3.383740884982303
2008,Canada,0.0,184100,2284792.0,477234.0,35278047,-184100.0,1807558.0,1623458.0,-5.218542851876125,51.237473548351474,4.601893069647534
2008,Manitoba,0.0,4735,92980.0,20146.0,1193396,-4735.0,72834.0,68099.0,-3.9676687369490096,61.030873239058955,5.7063204502109945
2008,New Brunswick,0.0,3210,44426.0,12900.0,746284,-3210.0,31526.0,28316.0,-4.301311565034223,42.2439714639467,3.794265989891248
2008,Newfoundland and Labrador,0.0,1485,29346.0,9078.0,510989,-1485.0,20268.0,18783.0,-2.9061290947554643,39.66425891751094,3.675812982275548
2008,Northwest Territories,0.0,40,4348.0,402.0,43384,-40.0,3946.0,3906.0,-0.9219988936013277,90.95519085377097,9.003319196016966
2008,Northwest Territories including Nunavut,0.0,0,0.0,0.0,43315,0.0,0.0,0.0,0.0,0.0,0.0
2008,Nova Scotia,0.0,5745,55434.0,16440.0,935540,-5745.0,38994.0,33249.0,-6.140838446244949,41.680740534878254,3.5539902088633304
2008,Nunavut,0.0,0,4894.0,294.0,31616,0.0,4600.0,4600.0,0.0,145.49595141700405,14.549595141700404
2008,Ontario,0.0,67690,855802.0,176082.0,12814686,-67690.0,679720.0,612030.0,-5.282220727062684,53.042267286143414,4.776004655908073
2008,Prince Edward Island,0.0,520,8892.0,2402.0,137990,-520.0,6490.0,5970.0,-3.7683890136966447,47.03239365171389,4.326400463801725
2008,Province / Territory not stated,0.0,0,0.0,0.0,139448,0.0,0.0,0.0,0.0,0.0,0.0
2008,Quebec,0.0,28270,533502.0,114212.0,7724885,-28270.0,419290.0,391020.0,-3.6596014050694605,54.27783067320743,5.0618229268137975
2008,Saskatchewan,0.0,3470,82390.0,18486.0,1010279,-3470.0,63904.0,60434.0,-3.4346947724341494,63.253814045427056,5.981911927299291
2008,Unknown province or territory,0.0,0,0.0,0.0,1022511,0.0,0.0,0.0,0.0,0.0,0.0
2008,Unknown province or territory of residence,0.0,0,0.0,48.0,1022511,0.0,-48.0,-48.0,0.0,-0.04694326026810469,-0.004694326026810469
2008,Yukon,0.0,40,2238.0,396.0,32752,-40.0,1842.0,1802.0,-1.2212994626282365,56.24084025403029,5.501954079140205
2009,Alberta,0.0,15090,310296.0,41974.0,3638505,-15090.0,268322.0,253232.0,-4.1473077541462775,73.74512334049287,6.959781558634659
2009,British Columbia,0.0,60035,269784.0,62880.0,4381832,-60035.0,206904.0,146869.0,-13.700890403831092,47.21860628157355,3.351771587774246
2009,Canada,0.0,203960,2301822.0,476836.0,35690348,-203960.0,1824986.0,1621026.0,-5.714710318879491,51.133880790403055,4.5419170471523564
2009,Manitoba,0.0,5090,95710.0,19944.0,1201705,-5090.0,75766.0,70676.0,-4.235648516066755,63.04875156548404,5.881310304941729
2009,New Brunswick,0.0,3260,44344.0,12732.0,748375,-3260.0,31612.0,28352.0,-4.356104893936863,42.24085518623685,3.7884750292299985
2009,Newfoundland and Labrador,0.0,1485,29478.0,8782.0,514210,-1485.0,20696.0,19211.0,-2.887925166760662,40.248147643958696,3.736022247719803
2009,Northwest Territories,0.0,25,4294.0,372.0,43136,-25.0,3922.0,3897.0,-0.5795623145400594,90.92173590504451,9.034217359050444
2009,Northwest Territories including Nunavut,0.0,0,0.0,0.0,42938,0.0,0.0,0.0,0.0,0.0,0.0
2009,Nova Scotia,0.0,6410,54228.0,16454.0,937445,-6410.0,37774.0,31364.0,-6.837734480422851,40.294630618329606,3.3456896137906758
2009,Nunavut,0.0,0,5296.0,324.0,32068,0.0,4972.0,4972.0,0.0,155.04552825246353,15.504552825246352
2009,Ontario,0.0,76855,854794.0,176936.0,12932742,-76855.0,677858.0,601003.0,-5.942668615827951,52.41409748992132,4.647142887409337
2009,Prince Edward Island,0.0,630,8736.0,2536.0,139114,-630.0,6200.0,5570.0,-4.528659947956353,44.5677645671895,4.003910461923315
2009,Province / Territory not stated,0.0,0,0.0,0.0,140596,0.0,0.0,0.0,0.0,0.0,0.0
2009,Quebec,0.0,31315,536850.0,115538.0,7799271,-31315.0,421312.0,389997.0,-4.015118848928316,54.01940771131046,5.000428886238214
2009,Saskatchewan,0.0,3730,85706.0,17944.0,1025946,-3730.0,67762.0,64032.0,-3.635668933842522,66.04831053486245,6.241264160101994
2009,Unknown province or territory,0.0,0,12.0,0.0,1039530,0.0,12.0,12.0,0.0,0.011543678393119967,0.0011543678393119967
2009,Unknown province or territory of residence,0.0,0,0.0,18.0,1039530,0.0,-18.0,-18.0,0.0,-0.017315517589679953,-0.0017315517589679952
2009,Yukon,0.0,35,2294.0,402.0,33405,-35.0,1892.0,1857.0,-1.047747343212094,56.63822781020805,5.559048046699596
2010,Alberta,0.0,15400,305020.0,41510.0,3702290,-15400.0,263510.0,248110.0,-4.159587714630675,71.17486744690449,6.701527973227381
2010,British Columbia,0.0,65135,262682.0,62648.0,4441345,-65135.0,200034.0,134899.0,-14.66560242449078,45.03905911384952,3.037345668935874
2010,Canada,0.0,225250,2270302.0,480150.0,36107252,-225250.0,1790152.0,1564902.0,-6.238358986721005,49.578738365356635,4.334037937863562
2010,Manitoba,0.0,5250,94678.0,19970.0,1213941,-5250.0,74708.0,69458.0,-4.324757133995804,61.541705898392095,5.72169487643963
2010,New Brunswick,0.0,3465,44122.0,12624.0,751282,-3465.0,31498.0,28033.0,-4.612116355775861,41.92566839083061,3.7313552035054744
2010,Newfoundland and Labrador,0.0,1620,29370.0,8962.0,520276,-1620.0,20408.0,18788.0,-3.1137319422767917,39.22533424566961,3.6111602303392814
2010,Northwest Territories,0.0,20,4212.0,368.0,42981,-20.0,3844.0,3824.0,-0.4653218864149275,89.43486656894908,8.896954468253414
2010,Northwest Territories including Nunavut,0.0,0,0.0,0.0,43307,0.0,0.0,0.0,0.0,0.0,0.0
2010,Nova Scotia,0.0,7655,53294.0,16590.0,940879,-7655.0,36704.0,29049.0,-8.136008987340562,39.010329702331546,3.0874320714990984
2010,Nunavut,0.0,0,5056.0,264.0,32926,0.0,4792.0,4792.0,0.0,145.53848022839094,14.553848022839095
2010,Ontario,0.0,89180,845008.0,178564.0,13059426,-89180.0,666444.0,577264.0,-6.828784052224041,51.03164564813186,4.420286159590781
2010,Prince Edward Island,0.0,685,8428.0,2232.0,140598,-685.0,6196.0,5511.0,-4.872046544047568,44.06890567433392,3.919685913028635
2010,Province / Territory not stated,0.0,0,0.0,0.0,142725,0.0,0.0,0.0,0.0,0.0,0.0
2010,Quebec,0.0,32955,530396.0,117612.0,7886127,-32955.0,412784.0,379829.0,-4.178857378279604,52.343057625118135,4.816420024683853
2010,Saskatchewan,0.0,3860,85746.0,18410.0,1042936,-3860.0,67336.0,63476.0,-3.7010899997698803,64.5638850322551,6.086279503248521
2010,Unknown province or territory,0.0,0,0.0,0.0,1056102,0.0,0.0,0.0,0.0,0.0,0.0
2010,Unknown province or territory of residence,0.0,0,0.0,0.0,1056102,0.0,0.0,0.0,0.0,0.0,0.0
2010,Yukon,0.0,25,2290.0,396.0,34009,-25.0,1894.0,1869.0,-0.7350995324766973,55.69114058043459,5.495604104795789
2011,Alberta,0.0,17735,306230.0,42484.0,3754422,-17735.0,263746.0,246011.0,-4.723763071918927,70.24942854053167,6.552566546861274
2011,British Columbia,0.0,67050,264582.0,63932.0,4482262,-67050.0,200650.0,133600.0,-14.958964915482406,44.7653439267941,2.98063790113117
2011,Canada,0.0,248440,2269536.0,487022.0,34474000,-248440.0,1782514.0,1534074.0,-7.206590473980391,51.70603933399083,4.449944886001044
2011,Manitoba,0.0,6480,93746.0,20500.0,1227210,-6480.0,73246.0,66766.0,-5.280269880460557,59.68497649139104,5.440470661093048
2011,New Brunswick,0.0,3780,42754.0,12822.0,754795,-3780.0,29932.0,26152.0,-5.007982299829755,39.655800581614876,3.464781828178512
2011,Newfoundland and Labrador,0.0,1915,26854.0,9054.0,523723,-1915.0,17800.0,15885.0,-3.656513080387915,33.98743228767879,3.033091920729088
2011,Northwest Territories,0.0,25,4158.0,376.0,43265,-25.0,3782.0,3757.0,-0.5778342771293193,87.41476944412342,8.68369351669941
2011,Northwest Territories including Nunavut,0.0,0,0.0,0.0,43576,0.0,0.0,0.0,0.0,0.0,0.0
2011,Nova Scotia,0.0,8860,53306.0,17066.0,944082,-8860.0,36240.0,27380.0,-9.384778017163763,38.38649608826352,2.9001718071099756
2011,Nunavut,0.0,0,5008.0,342.0,33736,0.0,4666.0,4666.0,0.0,138.3092245672279,13.830922456722789
2011,Ontario,0.0,101765,846988.0,179952.0,13199081,-101765.0,667036.0,565271.0,-7.710006476966086,50.53654871880853,4.2826542241842445
2011,Prince Edward Island,0.0,780,8634.0,2506.0,143016,-780.0,6128.0,5348.0,-5.453935224030878,42.848352631873354,3.739441740784248
2011,Province / Territory not stated,0.0,0,0.0,0.0,144283,0.0,0.0,0.0,0.0,0.0,0.0
2011,Quebec,0.0,35370,528864.0,119078.0,7967270,-35370.0,409786.0,374416.0,-4.4394127474028116,51.433678035261764,4.699426528785895
2011,Saskatchewan,0.0,4635,85832.0,18524.0,1058969,-4635.0,67308.0,62673.0,-4.376898662755945,63.55993423792387,5.918303557516793
2011,Unknown province or territory,0.0,0,0.0,0.0,1069950,0.0,0.0,0.0,0.0,0.0,0.0
2011,Unknown province or territory of residence,0.0,0,0.0,0.0,1069950,0.0,0.0,0.0,0.0,0.0,0.0
2011,Yukon,0.0,45,2580.0,386.0,34802,-45.0,2194.0,2149.0,-1.293029136256537,63.042353887707606,6.1749324751451065
2012,Alberta,0.0,19305,315728.0,44002.0,3822425,-19305.0,271726.0,252421.0,-5.050458805601156,71.0873333028117,6.603687449721054
2012,British Columbia,0.0,70140,264136.0,65048.0,4539775,-70140.0,199088.0,128948.0,-15.450104906080147,43.85415576763165,2.840405086155151
2012,Canada,0.0,274685,2295744.0,493192.0,36880438,-274685.0,1802552.0,1527867.0,-7.447986382374309,48.87555836511486,4.142757198274055
2012,Manitoba,0.0,7955,98148.0,20124.0,1241417,-7955.0,78024.0,70069.0,-6.407999890447771,62.850758447806015,5.644275855735825
2012,New Brunswick,0.0,4115,42336.0,12886.0,757039,-4115.0,29450.0,25335.0,-5.435651267636145,38.90156253508736,3.3465911267451216
2012,Newfoundland and Labrador,0.0,2300,26288.0,9270.0,526115,-2300.0,17018.0,14718.0,-4.371667791262366,32.34654020508824,2.7974872413825875
2012,Northwest Territories,0.0,30,4092.0,400.0,43630,-30.0,3692.0,3662.0,-0.68760027504011,84.62067384826953,8.393307357322943
2012,Northwest Territories including Nunavut,0.0,0,0.0,0.0,43656,0.0,0.0,0.0,0.0,0.0,0.0
2012,Nova Scotia,0.0,10250,52706.0,16830.0,943907,-10250.0,35876.0,25626.0,-10.859120654895026,38.00798171853795,2.7148861063642924
2012,Nunavut,0.0,0,5126.0,322.0,34403,0.0,4804.0,4804.0,0.0,139.6389849722408,13.96389849722408
2012,Ontario,0.0,114335,854428.0,181480.0,13325337,-114335.0,672948.0,558613.0,-8.580270802907274,50.50138694428516,4.192111614137789
2012,Prince Edward Island,0.0,880,7890.0,2462.0,144208,-880.0,5428.0,4548.0,-6.102296682569622,37.640075446577164,3.1537778764007545
2012,Province / Territory not stated,0.0,0,0.0,0.0,144396,0.0,0.0,0.0,0.0,0.0,0.0
2012,Quebec,0.0,39845,533200.0,121548.0,8028516,-39845.0,411652.0,371807.0,-4.962934619548619,51.27373477240376,4.631080015285515
2012,Saskatchewan,0.0,5480,89056.0,18408.0,1073565,-5480.0,70648.0,65168.0,-5.104488316962643,65.80691434612716,6.070242602916451
2012,Unknown province or territory,0.0,0,0.0,0.0,1088177,0.0,0.0,0.0,0.0,0.0,0.0
2012,Unknown province or territory of residence,0.0,0,0.0,0.0,1088177,0.0,0.0,0.0,0.0,0.0,0.0
2012,Yukon,0.0,50,2610.0,412.0,35695,-50.0,2198.0,2148.0,-1.4007564084605688,61.5772517159266,6.017649530746604
2013,Alberta,0.0,21840,320362.0,45688.0,3917941,-21840.0,274674.0,252834.0,-5.574356530636883,70.10672187253458,6.453236534189769
2013,British Columbia,0.0,74065,262522.0,66400.0,4602742,-74065.0,196122.0,122057.0,-16.091495026225672,42.60981823443504,2.6518323208209367
2013,Canada,0.0,301530,2284394.0,504676.0,37275128,-301530.0,1779718.0,1478188.0,-8.089308237922081,47.745456434113386,3.9656148196191303
2013,Manitoba,0.0,9470,98798.0,20190.0,1256879,-9470.0,78608.0,69138.0,-7.534535941805059,62.542217667730945,5.500768172592588
2013,New Brunswick,0.0,4575,41736.0,13254.0,758026,-4575.0,28482.0,23907.0,-6.035413033326034,37.57390907435893,3.1538496041032893
2013,Newfoundland and Labrador,0.0,2485,27214.0,9674.0,527129,-2485.0,17540.0,15055.0,-4.714216064758342,33.27458743495425,2.856037137019591
2013,Northwest Territories,0.0,35,3984.0,398.0,43709,-35.0,3586.0,3551.0,-0.8007504175341463,82.04259992221282,8.124184950467868
2013,Northwest Territories including Nunavut,0.0,0,0.0,0.0,43727,0.0,0.0,0.0,0.0,0.0,0.0
2013,Nova Scotia,0.0,10885,50644.0,17756.0,942045,-10885.0,32888.0,22003.0,-11.554649724800832,34.91128343125859,2.335663370645776
2013,Nunavut,0.0,5,5554.0,388.0,34963,-5.0,5166.0,5161.0,-0.1430083230844035,147.75619941080572,14.761319108772131
2013,Ontario,0.0,127540,841240.0,186686.0,13446276,-127540.0,654554.0,527014.0,-9.485154105121746,48.67920307451669,3.919404896939495
2013,Prince Edward Island,0.0,1035,8452.0,2568.0,144041,-1035.0,5884.0,4849.0,-7.1854541415291475,40.849480356287444,3.36640262147583
2013,Province / Territory not stated,0.0,0,0.0,0.0,143943,0.0,0.0,0.0,0.0,0.0,0.0
2013,Quebec,0.0,43180,532780.0,122578.0,8081006,-43180.0,410202.0,367022.0,-5.343394126919346,50.76125422998077,4.541786010306143
2013,Saskatchewan,0.0,6385,88732.0,18666.0,1090738,-6385.0,70066.0,63681.0,-5.853834743082206,64.23724120732935,5.838340646424714
2013,Unknown province or territory,0.0,0,0.0,0.0,1102832,0.0,0.0,0.0,0.0,0.0,0.0
2013,Unknown province or territory of residence,0.0,0,0.0,0.0,1102832,0.0,0.0,0.0,0.0,0.0,0.0
2013,Yukon,0.0,30,2376.0,430.0,36299,-30.0,1946.0,1916.0,-0.8264690487341249,53.61029229455357,5.278382324581944
2014,Alberta,0.0,23155,334806.0,46720.0,4027497,-23155.0,288086.0,264931.0,-5.749228366898846,71.52978636607303,6.578055799917418
2014,British Columbia,0.0,80880,266092.0,67582.0,4672025,-80880.0,198510.0,117630.0,-17.311551201031673,42.48907058502469,2.5177519383993023
2014,Canada,0.0,330085,2306042.0,517642.0,37665764,-330085.0,1788400.0,1458315.0,-8.76352859854376,47.480783875776424,3.871725527723266
2014,Manitoba,0.0,10815,99358.0,21418.0,1270153,-10815.0,77940.0,67125.0,-8.514722242123586,61.36268622756471,5.284796398544112
2014,New Brunswick,0.0,4705,41878.0,13644.0,758713,-4705.0,28234.0,23529.0,-6.201290870197295,37.21301730693951,3.101172643674222
2014,Newfoundland and Labrador,0.0,2740,27430.0,9972.0,528065,-2740.0,17458.0,14718.0,-5.1887551721852425,33.06032401314232,2.7871568840957077
2014,Northwest Territories,0.0,30,3996.0,426.0,43767,-30.0,3570.0,3540.0,-0.6854479402289396,81.56830488724381,8.088285694701488
2014,Northwest Territories including Nunavut,0.0,0,0.0,0.0,44031,0.0,0.0,0.0,0.0,0.0,0.0
2014,Nova Scotia,0.0,11170,51678.0,17492.0,939166,-11170.0,34186.0,23016.0,-11.893531069054886,36.40038076335813,2.4506849694303243
2014,Nunavut,0.0,5,5410.0,350.0,35583,-5.0,5060.0,5055.0,-0.14051653879661635,142.20273726217576,14.206222072337914
2014,Ontario,0.0,139890,843246.0,191878.0,13563311,-139890.0,651368.0,511478.0,-10.313853306172806,48.02426192247601,3.77104086163032
2014,Prince Edward Island,0.0,1290,8524.0,2572.0,143828,-1290.0,5952.0,4662.0,-8.969046360931111,41.38276274438913,3.241371638345802
2014,Province / Territory not stated,0.0,0,0.0,0.0,144342,0.0,0.0,0.0,0.0,0.0,0.0
2014,Quebec,0.0,48520,527930.0,126390.0,8123138,-48520.0,401540.0,353020.0,-5.973061149521281,49.431635902283084,4.34585747527618
2014,Saskatchewan,0.0,6840,93262.0,18786.0,1105444,-6840.0,74476.0,67636.0,-6.1875590260564985,67.37202427259997,6.118446524654347
2014,Unknown province or territory,0.0,0,0.0,0.0,1115184,0.0,0.0,0.0,0.0,0.0,0.0
2014,Unknown province or territory of residence,0.0,0,0.0,0.0,1115184,0.0,0.0,0.0,0.0,0.0,0.0
2014,Yukon,0.0,45,2432.0,412.0,36333,-45.0,2020.0,1975.0,-1.238543472875898,55.59684033798475,5.4358296865108855
2015,Alberta,1900.0,25500,341428.0,47692.0,4113697,-23600.0,293736.0,270136.0,-5.736932010306058,71.40438393979916,6.566745192949311
2015,British Columbia,1910.0,90215,265610.0,70492.0,4751439,-88305.0,195118.0,106813.0,-18.584896070432556,41.06503314048649,2.2480137070053936
2015,Canada,12920.0,366520,2296448.0,528666.0,38112117,-353600.0,1767782.0,1414182.0,-9.277889234019721,46.38372620445094,3.7105836970431216
2015,Manitoba,715.0,12255,100072.0,21368.0,1284693,-11540.0,78704.0,67164.0,-8.982690806286016,61.262885374171105,5.228019456788509
2015,New Brunswick,125.0,4715,39586.0,14452.0,759270,-4590.0,25134.0,20544.0,-6.045280335058675,33.10284878896835,2.7057568453909675
2015,Newfoundland and Labrador,50.0,3085,26880.0,10478.0,528161,-3035.0,16402.0,13367.0,-5.746353858009206,31.054924540055023,2.5308570682045817
2015,Northwest Territories,10.0,50,4100.0,416.0,44106,-40.0,3684.0,3644.0,-0.9069060898743935,83.52605087743164,8.261914478755726
2015,Nova Scotia,130.0,11705,49202.0,18742.0,937442,-11575.0,30460.0,18885.0,-12.347430561037376,32.49267688027633,2.014524631923895
2015,Nunavut,0.0,5,5214.0,320.0,36214,-5.0,4894.0,4889.0,-0.1380681504390567,135.1411056497487,13.500303749930966
2015,Ontario,5320.0,156200,839876.0,194644.0,13657423,-150880.0,645232.0,494352.0,-11.047472132919951,47.24405182441812,3.619657969149817
2015,Prince Edward Island,45.0,1640,8072.0,2522.0,144162,-1595.0,5550.0,3955.0,-11.063941954190424,38.4983560161485,2.7434414061958075
2015,Province / Territory not stated,0.0,35,0.0,0.0,144949,-35.0,0.0,-35.0,-0.24146423914618245,0.0,-0.024146423914618246
2015,Province/territory not stated,5.0,290,0.0,0.0,144949,-285.0,0.0,-285.0,-1.966208804476057,0.0,-0.1966208804476057
2015,Quebec,2090.0,53320,521998.0,128318.0,8160176,-51230.0,393680.0,342450.0,-6.278050865569566,48.24405748111315,4.196600661554359
2015,Saskatchewan,605.0,7455,91824.0,18788.0,1117137,-6850.0,73036.0,66186.0,-6.131745703526067,65.37783637996056,5.924609067643449
2015,Unknown province or territory,0.0,0,0.0,0.0,1125588,0.0,0.0,0.0,0.0,0.0,0.0
2015,Unknown province or territory of residence,0.0,0,0.0,0.0,1125588,0.0,0.0,0.0,0.0,0.0,0.0
2015,Yukon,15.0,50,2586.0,434.0,37123,-35.0,2152.0,2117.0,-0.9428117339654661,57.96945289981952,5.702664116585405
2016,Alberta,4685.0,27210,335448.0,49096.0,4171847,-22525.0,286352.0,263827.0,-5.3992871742420085,68.63914232712753,6.323985515288552
2016,British Columbia,3840.0,103075,271458.0,73254.0,4807562,-99235.0,198204.0,98969.0,-20.641439465575274,41.22754943149979,2.0586109965924515
2016,Canada,27275.0,426455,2302890.0,534426.0,36565000,-399180.0,1768464.0,1369284.0,-10.916997128401476,48.364939149459865,3.744794202105839
2016,Manitoba,1185.0,14220,101344.0,21486.0,1302938,-13035.0,79858.0,66823.0,-10.00431332879999,61.29071375614189,5.12864004273419
2016,New Brunswick,710.0,4765,39722.0,14330.0,760679,-4055.0,25392.0,21337.0,-5.3307636992739384,33.38070329271611,2.8049939593442175
2016,Newfoundland and Labrador,110.0,3495,26696.0,10004.0,528903,-3385.0,16692.0,13307.0,-6.4000393266818305,31.55966216867743,2.5159622841995604
2016,Northwest Territories,10.0,45,3872.0,474.0,44515,-35.0,3398.0,3363.0,-0.7862518252274514,76.33382006065371,7.554756823542626
2016,Nova Scotia,695.0,12615,49838.0,17988.0,938973,-11920.0,31850.0,19930.0,-12.694720721469094,33.92003816936163,2.1225317447892538
2016,Nunavut,5.0,0,5492.0,366.0,36718,5.0,5126.0,5131.0,0.13617299417179585,139.6045536249251,13.97407266190969
2016,Ontario,10300.0,191665,847004.0,198838.0,13774364,-181365.0,648166.0,466801.0,-13.166851115594158,47.05596570556724,3.3889114589973084
2016,Prince Edward Island,145.0,2105,8392.0,2296.0,145238,-1960.0,6096.0,4136.0,-13.495090816452995,41.972486539335435,2.847739572288244
2016,Province / Territory not stated,0.0,135,0.0,0.0,147699,-135.0,0.0,-135.0,-0.9140210834196576,0.0,-0.09140210834196576
2016,Province/territory not stated,5.0,1040,0.0,0.0,147699,-1035.0,0.0,-1035.0,-7.007494972884041,0.0,-0.7007494972884041
2016,Quebec,4335.0,57795,517672.0,127030.0,8193831,-53460.0,390642.0,337182.0,-6.524420628153058,47.675135110792496,4.115071448263944
2016,Saskatchewan,1225.0,8195,93312.0,18828.0,1128160,-6970.0,74484.0,67514.0,-6.178201673521486,66.02254999290881,5.984434831938732
2016,Unknown province or territory,0.0,0,0.0,0.0,1139492,0.0,0.0,0.0,0.0,0.0,0.0
2016,Unknown province or territory of residence,0.0,0,0.0,0.0,1139492,0.0,0.0,0.0,0.0,0.0,0.0
2016,Yukon,25.0,95,2640.0,436.0,37756,-70.0,2204.0,2134.0,-1.8540099586820638,58.37482784193241,5.6520817883250345
2017,Alberta,4425.0,28690,322054.0,51080.0,4215506,-24265.0,270974.0,246709.0,-5.7561298691070535,64.28030229348505,5.8524172424378
2017,British Columbia,3625.0,119470,267760.0,76980.0,4894147,-115845.0,190780.0,74935.0,-23.670110440082816,38.98125659078078,1.5311146150697967
2017,Canada,21885.0,506390,2264650.0,556596.0,38916346,-484505.0,1708054.0,1223549.0,-12.449909865638464,43.89040019327611,3.1440490327637645
2017,Manitoba,1105.0,16890,102170.0,22132.0,1324044,-15785.0,80038.0,64253.0,-11.921809245009985,60.44965273057391,4.852784348556392
2017,New Brunswick,210.0,5015,39238.0,14988.0,764612,-4805.0,24250.0,19445.0,-6.284233048918929,31.715432140745893,2.5431199091826966
2017,Newfoundland and Labrador,50.0,3825,24624.0,10294.0,530175,-3775.0,14330.0,10555.0,-7.120290470127788,27.02881124157118,1.9908520771443392
2017,Northwest Territories,40.0,50,3694.0,482.0,44471,-10.0,3212.0,3202.0,-0.22486564277843987,72.22684446043489,7.200197881765645
2017,Nova Scotia,345.0,13850,49416.0,19100.0,947023,-13505.0,30316.0,16811.0,-14.260477306253385,32.01189411450408,1.7751416808250697
2017,Nunavut,0.0,0,5422.0,350.0,37246,0.0,5072.0,5072.0,0.0,136.1756967191108,13.617569671911077
2017,Ontario,7320.0,240930,846860.0,207484.0,13975516,-233610.0,639376.0,405766.0,-16.71566187609817,45.74972401734576,2.903406214124759
2017,Prince Edward Island,150.0,2555,8054.0,2654.0,147811,-2405.0,5400.0,2995.0,-16.270778223542226,36.53314029402412,2.02623620704819
2017,Province / Territory not stated,0.0,135,0.0,0.0,150595,-135.0,0.0,-135.0,-0.8964441050499684,0.0,-0.08964441050499684
2017,Province/territory not stated,0.0,1745,0.0,0.0,150595,-1745.0,0.0,-1745.0,-11.58737009860885,0.0,-1.1587370098608851
2017,Quebec,3295.0,64355,502916.0,132140.0,8252179,-61060.0,370776.0,309716.0,-7.3992578202678345,44.93067830932897,3.7531420489061134
2017,Saskatchewan,1295.0,8645,92442.0,18912.0,1141537,-7350.0,73530.0,66180.0,-6.438687488885599,64.41315524595348,5.7974467757067885
2017,Unknown province or territory,0.0,0,0.0,0.0,1151044,0.0,0.0,0.0,0.0,0.0,0.0
2017,Unknown province or territory of residence,0.0,0,0.0,0.0,1151044,0.0,0.0,0.0,0.0,0.0,0.0
2017,Yukon,25.0,235,0.0,0.0,38801,-210.0,0.0,-210.0,-5.4122316435143425,0.0,-0.5412231643514342
2018,Alberta,3045.0,32170,314926.0,51992.0,4263957,-29125.0,262934.0,233809.0,-6.830509782345366,61.664317909397305,5.483380812705194
2018,British Columbia,4045.0,137040,261408.0,76946.0,4974712,-132995.0,184462.0,51467.0,-26.734210945276832,37.0799354816922,1.0345724536415375
2018,Canada,23545.0,589800,2246654.0,571408.0,39473174,-566255.0,1675246.0,1108991.0,-14.34531208460713,42.440113885952016,2.8094801801344884
2018,Manitoba,970.0,19505,102428.0,22080.0,1344198,-18535.0,80348.0,61813.0,-13.788891219894689,59.77393211416771,4.598504089427301
2018,New Brunswick,285.0,5975,38208.0,15310.0,768146,-5690.0,22898.0,17208.0,-7.407445980321449,29.80943726843595,2.24019912881145
2018,Newfoundland and Labrador,65.0,4265,24066.0,10476.0,529743,-4200.0,13590.0,9390.0,-7.928372814742243,25.653949179130258,1.7725576364388014
2018,Northwest Territories,30.0,55,3750.0,478.0,44730,-25.0,3272.0,3247.0,-0.558909009613235,73.1500111781802,7.259110216856696
2018,Northwest Territories including Nunavut,0.0,0,0.0,0.0,44487,0.0,0.0,0.0,0.0,0.0,0.0
2018,Nova Scotia,360.0,16550,47692.0,19418.0,956711,-16190.0,28274.0,12084.0,-16.92256073150617,29.553334287992925,1.2630773556486754
2018,Nunavut,0.0,5,5396.0,414.0,37830,-5.0,4982.0,4977.0,-0.13217023526301877,131.6944224160719,13.156225218080888
2018,Ontario,10910.0,282895,846912.0,214550.0,14199811,-271985.0,632362.0,360377.0,-19.154128178184905,44.533127940928225,2.537899976274332
2018,Prince Edward Island,100.0,3290,7876.0,2750.0,150619,-3190.0,5126.0,1936.0,-21.17926689195918,34.03289093673441,1.2853624044775227
2018,Province / Territory not stated,0.0,970,0.0,0.0,153906,-970.0,0.0,-970.0,-6.302548308707912,0.0,-0.6302548308707913
2018,Province/territory not stated,0.0,2510,0.0,0.0,153906,-2510.0,0.0,-2510.0,-16.308655932842125,0.0,-1.6308655932842124
2018,Quebec,2640.0,74270,502798.0,137590.0,8338883,-71630.0,365208.0,293578.0,-8.58987948385893,43.79579375319212,3.5205914269333194
2018,Saskatchewan,1065.0,10025,91194.0,19404.0,1152366,-8960.0,71790.0,62830.0,-7.7753074977915,62.29791576634507,5.4522608268553565
2018,Unknown province or territory,0.0,0,0.0,0.0,1159648,0.0,0.0,0.0,0.0,0.0,0.0
2018,Unknown province or territory of residence,0.0,0,0.0,0.0,1159648,0.0,0.0,0.0,0.0,0.0,0.0
2018,Yukon,30.0,275,0.0,0.0,39873,-245.0,0.0,-245.0,-6.1445088154891785,0.0,-0.6144508815489178
2019,Alberta,2550.0,35010,310588.0,52284.0,4324254,-32460.0,258304.0,225844.0,-7.5064970744086725,59.73377142045773,5.222727434604905
2019,British Columbia,2640.0,148805,260802.0,77122.0,5061132,-146165.0,183680.0,37515.0,-28.87990275693264,36.29227611530385,0.741237335837121
2019,Canada,18630.0,662365,2234104.0,570602.0,37590000,-643735.0,1663502.0,1019767.0,-17.12516626762437,44.253844107475395,2.7128677839851023
2019,Manitoba,840.0,20195,100426.0,22368.0,1361737,-19355.0,78058.0,58703.0,-14.213464127067121,57.32237575978328,4.310891163271616
2019,New Brunswick,210.0,7135,37656.0,15592.0,773059,-6925.0,22064.0,15139.0,-8.957919123896106,28.541159212944937,1.958324008904883
2019,Newfoundland and Labrador,85.0,4840,22498.0,10534.0,528326,-4755.0,11964.0,7209.0,-9.000124922869592,22.645109269655478,1.3644984346785887
2019,Northwest Territories,15.0,80,3496.0,452.0,44675,-65.0,3044.0,2979.0,-1.4549524342473419,68.13654168998322,6.668158925573587
2019,Northwest Territories including Nunavut,0.0,0,0.0,0.0,44512,0.0,0.0,0.0,0.0,0.0,0.0
2019,Nova Scotia,370.0,18960,48578.0,19668.0,968724,-18590.0,28910.0,10320.0,-19.190192459358908,29.843381603015928,1.0653189143657016
2019,Nunavut,0.0,10,5118.0,444.0,38574,-10.0,4674.0,4664.0,-0.2592419764608285,121.16969979779125,12.091045782133042
2019,Ontario,8530.0,315125,847488.0,215084.0,14449986,-306595.0,632404.0,325809.0,-21.21766761573333,43.765025101062385,2.254735748532905
2019,Prince Edward Island,135.0,3790,7956.0,2764.0,153881,-3655.0,5192.0,1537.0,-23.752120144787206,33.74035780895627,0.9988237664169066
2019,Province / Territory not stated,0.0,2225,0.0,0.0,157025,-2225.0,0.0,-2225.0,-14.169718197739213,0.0,-1.4169718197739214
2019,Province/territory not stated,0.0,2055,0.0,0.0,157025,-2055.0,0.0,-2055.0,-13.087088043305206,0.0,-1.3087088043305206
2019,Quebec,2475.0,92570,502884.0,135172.0,8430363,-90095.0,367712.0,277617.0,-10.686965673957337,43.61757613521505,3.293061046125772
2019,Saskatchewan,765.0,11250,86614.0,19118.0,1161529,-10485.0,67496.0,57011.0,-9.026894722387473,58.10961241604816,4.908271769366069
2019,Unknown province or territory,0.0,0,0.0,0.0,1167271,0.0,0.0,0.0,0.0,0.0,0.0
2019,Unknown province or territory of residence,0.0,0,0.0,0.0,1167271,0.0,0.0,0.0,0.0,0.0,0.0
2019,Yukon,15.0,315,0.0,0.0,40716,-300.0,0.0,-300.0,-7.368110816386679,0.0,-0.7368110816386678
2020,Alberta,2840.0,29545,294212.0,58468.0,4392958,-26705.0,235744.0,209039.0,-6.0790474208949865,53.66406872089376,4.758502129999877
2020,British Columbia,4210.0,123415,253420.0,82664.0,5157053,-119205.0,170756.0,51551.0,-23.1149456870038,33.11115864040955,0.9996212953405753
2020,Canada,24720.0,554370,2163832.0,616824.0,38005238,-529650.0,1547008.0,1017358.0,-13.936236894503857,40.70512596184768,2.676888906734382
2020,Manitoba,1050.0,17680,99076.0,23982.0,1377283,-16630.0,75094.0,58464.0,-12.074497398138218,54.52328969427489,4.244879229613667
2020,New Brunswick,395.0,5685,37250.0,14990.0,781054,-5290.0,22260.0,16970.0,-6.772899184947519,28.499950067472927,2.172705088252541
2020,Newfoundland and Labrador,90.0,4050,21620.0,10886.0,528231,-3960.0,10734.0,6774.0,-7.496720184919098,20.320655167909493,1.2823934982990397
2020,Northwest Territories,5.0,60,3412.0,564.0,44533,-55.0,2848.0,2793.0,-1.235039184425033,63.95257449531808,6.2717535310893044
2020,Northwest Territories including Nunavut,0.0,0,0.0,0.0,44395,0.0,0.0,0.0,0.0,0.0,0.0
2020,Nova Scotia,400.0,15270,45764.0,20068.0,984130,-14870.0,25696.0,10826.0,-15.109792405474886,26.11037159724833,1.1000579191773445
2020,Nunavut,5.0,10,5768.0,418.0,39010,-5.0,5350.0,5345.0,-0.1281722635221738,137.14432196872596,13.70161497052038
2020,Ontario,11330.0,253275,819894.0,231860.0,14718155,-241945.0,588034.0,346089.0,-16.438541379677005,39.95296964870936,2.351442826903236
2020,Prince Edward Island,185.0,3550,7846.0,2716.0,157494,-3365.0,5130.0,1765.0,-21.365893303871893,32.57266943502609,1.1206776131154204
2020,Province / Territory not stated,0.0,1715,0.0,0.0,159179,-1715.0,0.0,-1715.0,-10.774034263313627,0.0,-1.0774034263313628
2020,Province/territory not stated,0.0,2010,0.0,0.0,159179,-2010.0,0.0,-2010.0,-12.627293801318013,0.0,-1.2627293801318014
2020,Quebec,3195.0,88110,491820.0,149678.0,8537376,-84915.0,342142.0,257227.0,-9.9462645196838,40.075779724355584,3.012951520467179
2020,Saskatchewan,995.0,9745,83750.0,20530.0,1169426,-8750.0,63220.0,54470.0,-7.482303283833265,54.06071012616446,4.657840684233119
2020,Unknown province or territory,0.0,0,0.0,0.0,1165963,0.0,0.0,0.0,0.0,0.0,0.0
2020,Unknown province or territory of residence,0.0,0,0.0,0.0,1165963,0.0,0.0,0.0,0.0,0.0,0.0
2020,Yukon,20.0,250,0.0,0.0,41505,-230.0,0.0,-230.0,-5.541501023973015,0.0,-0.5541501023973016
2021,Alberta,2670.0,35055,299588.0,62526.0,4418338,-32385.0,237062.0,204677.0,-7.32967916895448,53.654111568648666,4.632443239969418
2021,British Columbia,3240.0,141540,264146.0,89174.0,5180015,-138300.0,174972.0,36672.0,-26.698764385817416,33.77828056482462,0.7079516179007204
2021,Canada,24700.0,651840,2219960.0,623280.0,36991981,-627140.0,1596680.0,969540.0,-16.95340403640454,43.16286819027075,2.620946415386621
2021,Manitoba,1410.0,20550,93964.0,23190.0,1383854,-19140.0,70774.0,51634.0,-13.830938812909455,51.14267834612611,3.7311739533216652
2021,New Brunswick,260.0,8215,38790.0,16204.0,784950,-7955.0,22586.0,14631.0,-10.134403465188866,28.773807248869353,1.8639403783680488
2021,Newfoundland and Labrador,45.0,5115,23214.0,11730.0,525895,-5070.0,11484.0,6414.0,-9.640707745842802,21.8370587284534,1.2196350982610598
2021,Northwest Territories,10.0,45,3300.0,606.0,44432,-35.0,2694.0,2659.0,-0.787720561757292,60.631976953546996,5.98442563917897
2021,Northwest Territories including Nunavut,0.0,0,0.0,0.0,44593,0.0,0.0,0.0,0.0,0.0,0.0
2021,Nova Scotia,325.0,16420,41884.0,20444.0,990025,-16095.0,21440.0,5345.0,-16.257165223100426,21.65601878740436,0.5398853564303931
2021,Nunavut,0.0,10,5006.0,410.0,39750,-10.0,4596.0,4586.0,-0.25157232704402516,115.62264150943396,11.537106918238994
2021,Ontario,11840.0,306435,844902.0,234912.0,14772726,-294595.0,609990.0,315395.0,-19.94181710267963,41.29163432666388,2.1349817223984253
2021,Prince Edward Island,110.0,3960,8784.0,2922.0,159240,-3850.0,5862.0,2012.0,-24.177342376287363,36.81235870384326,1.263501632755589
2021,Province / Territory not stated,0.0,4125,0.0,0.0,163728,-4125.0,0.0,-4125.0,-25.194224567575493,0.0,-2.519422456757549
2021,Province/territory not stated,0.0,240,0.0,0.0,163728,-240.0,0.0,-240.0,-1.4658457930225741,0.0,-0.1465845793022574
2021,Quebec,3725.0,98765,510460.0,139120.0,8550561,-95040.0,371340.0,276300.0,-11.115060169736232,43.42872941319289,3.2313669243456657
2021,Saskatchewan,1055.0,11060,85922.0,22042.0,1166348,-10005.0,63880.0,53875.0,-8.578057320799624,54.76924554249675,4.619118822169713
2021,Unknown province or territory,0.0,0,0.0,0.0,1168792,0.0,0.0,0.0,0.0,0.0,0.0
2021,Unknown province or territory of residence,0.0,0,0.0,0.0,1168792,0.0,0.0,0.0,0.0,0.0,0.0
2021,Yukon,10.0,305,0.0,0.0,42157,-295.0,0.0,-295.0,-6.997651635552814,0.0,-0.6997651635552814
2022,Alberta,3370.0,45125,284630.0,65290.0,4465137,-41755.0,219340.0,177585.0,-9.351336812285938,49.12279287287266,3.977145606058672
2022,British Columbia,6825.0,170700,250770.0,91626.0,5287422,-163875.0,159144.0,-4731.0,-30.99336500850509,30.09860003608564,-0.08947649724194513
2022,Canada,35455.0,829425,2104800.0,668162.0,38250000,-793970.0,1436638.0,642668.0,-20.757385620915034,37.55916339869281,1.6801777777777778
2022,Manitoba,1490.0,22970,83102.0,25120.0,1399970,-21480.0,57982.0,36502.0,-15.343185925412687,41.41660178432395,2.607341585891126
2022,New Brunswick,600.0,11700,37288.0,18310.0,798713,-11100.0,18978.0,7878.0,-13.8973573736749,23.760725066450654,0.9863367692775753
2022,Newfoundland and Labrador,195.0,6340,21122.0,12812.0,528957,-6145.0,8310.0,2165.0,-11.617201398223296,15.710161695563155,0.40929602973398593
2022,Northwest Territories,20.0,60,3012.0,624.0,44752,-40.0,2388.0,2348.0,-0.8938148015731141,53.36074365391491,5.24669288523418
2022,Northwest Territories including Nunavut,0.0,0,0.0,0.0,44588,0.0,0.0,0.0,0.0,0.0,0.0
2022,Nova Scotia,1035.0,21215,47220.0,22690.0,1010529,-20180.0,24530.0,4350.0,-19.969738622048453,24.274414687752653,0.43046760657042005
2022,Nunavut,5.0,10,4230.0,438.0,40271,-5.0,3792.0,3787.0,-0.12415882396761938,94.16205209704253,9.403789327307491
2022,Ontario,17265.0,423325,807968.0,249514.0,14995433,-406060.0,558454.0,152394.0,-27.078911292524865,37.241605494152786,1.0162694201627922
2022,Prince Edward Island,200.0,4615,7956.0,3232.0,164164,-4415.0,4724.0,309.0,-26.893837869447626,28.776101946833656,0.18822640773860286
2022,Province / Territory not stated,0.0,10095,0.0,0.0,169032,-10095.0,0.0,-10095.0,-59.722419423541105,0.0,-5.972241942354111
2022,Province/territory not stated,5.0,925,0.0,0.0,169032,-920.0,0.0,-920.0,-5.442756401154811,0.0,-0.5442756401154811
2022,Quebec,3270.0,98475,478486.0,155656.0,8616610,-95205.0,322830.0,227625.0,-11.0490088329401,37.46601041476868,2.6417001581828585
2022,Saskatchewan,1135.0,13590,79016.0,22850.0,1171007,-12455.0,56166.0,43711.0,-10.636144788203657,47.96384650134457,3.7327701713140913
2022,Unknown province or territory,0.0,0,0.0,0.0,1187854,0.0,0.0,0.0,0.0,0.0,0.0
2022,Unknown province or territory of residence,0.0,0,0.0,0.0,1187854,0.0,0.0,0.0,0.0,0.0,0.0
2022,Yukon,40.0,280,0.0,0.0,43067,-240.0,0.0,-240.0,-5.572712285508626,0.0,-0.5572712285508626
2023,Alberta,5705.0,67410,289532.0,64108.0,4595851,-61705.0,225424.0,163719.0,-13.42624031980149,49.049457869717706,3.562321754991622
2023,British Columbia,7990.0,212220,247362.0,89492.0,5443002,-204230.0,157870.0,-46360.0,-37.52157357281882,29.0042149534393,-0.8517358619379526
2023,Canada,50945.0,1094625,2107544.0,652430.0,39000000,-1043680.0,1455114.0,411434.0,-26.76102564102564,37.31061538461538,1.0549589743589745
2023,Manitoba,2795.0,30295,91332.0,25160.0,1432984,-27500.0,66172.0,38672.0,-19.190723692658118,46.177766116020834,2.6987042423362717
2023,New Brunswick,1200.0,16385,36294.0,17304.0,820576,-15185.0,18990.0,3805.0,-18.505293842374137,23.14228054439808,0.4636986702023944
2023,Newfoundland and Labrador,1085.0,7665,19096.0,12306.0,535298,-6580.0,6790.0,210.0,-12.292218539953447,12.684523386973238,0.03923048470197908
2023,Northwest Territories,35.0,90,2860.0,542.0,44446,-55.0,2318.0,2263.0,-1.2374566890158845,52.15317463888764,5.091571794987176
2023,Northwest Territories including Nunavut,0.0,0,0.0,0.0,44495,0.0,0.0,0.0,0.0,0.0,0.0
2023,Nova Scotia,1745.0,27630,43914.0,20630.0,1040187,-25885.0,23284.0,-2601.0,-24.884948571747195,22.38443664456487,-0.2500511927182324
2023,Nunavut,0.0,15,4754.0,514.0,40569,-15.0,4240.0,4225.0,-0.36974044220956886,104.51329833123813,10.414355788902856
2023,Ontario,21610.0,564420,821032.0,241674.0,15402095,-542810.0,579358.0,36548.0,-35.24260822959474,37.615532172733644,0.2372923943138904
2023,Prince Edward Island,640.0,5490,8012.0,3156.0,170077,-4850.0,4856.0,6.0,-28.51649546969902,28.55177360842442,0.0035278138725400848
2023,Province / Territory not stated,0.0,16345,0.0,0.0,175871,-16345.0,0.0,-16345.0,-92.93743709878262,0.0,-9.293743709878264
2023,Province/territory not stated,0.0,3995,0.0,0.0,175871,-3995.0,0.0,-3995.0,-22.715513074924235,0.0,-2.2715513074924236
2023,Quebec,5995.0,123475,463514.0,154958.0,8762928,-117480.0,308556.0,191076.0,-13.4064778348059,35.21151834181452,2.1805040507008617
2023,Saskatchewan,2040.0,18820,77472.0,21922.0,1195464,-16780.0,55550.0,38770.0,-14.03639089090094,46.46731311022331,3.2430922219322373
2023,Unknown province or territory,0.0,0,0.0,0.0,1219702,0.0,0.0,0.0,0.0,0.0,0.0
2023,Unknown province or territory of residence,0.0,0,0.0,0.0,1219702,0.0,0.0,0.0,0.0,0.0,0.0
2023,Yukon,105.0,370,2370.0,664.0,44509,-265.0,1706.0,1441.0,-5.953852029926532,38.32932665303647,3.237547462310993
2024,Alberta,5455.0,5790,0.0,0.0,4791876,-335.0,0.0,-335.0,-0.06990998932359685,0.0,-0.006990998932359685
2024,British Columbia,7280.0,11590,0.0,0.0,5627961,-4310.0,0.0,-4310.0,-0.7658190950505875,0.0,-0.07658190950505876
2024,Canada,47760.0,72390,0.0,0.0,40963657,-24630.0,0.0,-24630.0,-0.6012646771258728,0.0,-0.060126467712587284
2024,Manitoba,2210.0,2485,0.0,0.0,1475046,-275.0,0.0,-275.0,-0.1864348637262838,0.0,-0.01864348637262838
2024,New Brunswick,1690.0,960,0.0,0.0,844433,730.0,0.0,730.0,0.8644854002626614,0.0,0.08644854002626615
2024,Newfoundland and Labrador,490.0,590,0.0,0.0,541820,-100.0,0.0,-100.0,-0.18456313904986896,0.0,-0.018456313904986896
2024,Northwest Territories,50.0,25,0.0,0.0,44499,25.0,0.0,25.0,0.561810377761298,0.0,0.0561810377761298
2024,Nova Scotia,1795.0,1685,0.0,0.0,1068120,110.0,0.0,110.0,0.10298468336890985,0.0,0.010298468336890985
2024,Nunavut,0.0,5,0.0,0.0,40794,-5.0,0.0,-5.0,-0.12256704417316272,0.0,-0.012256704417316272
2024,Ontario,21945.0,32320,0.0,0.0,15944379,-10375.0,0.0,-10375.0,-0.6506995349270109,0.0,-0.0650699534927011
2024,Prince Edward Island,545.0,295,0.0,0.0,176318,250.0,0.0,250.0,1.417892671196361,0.0,0.1417892671196361
2024,Province/territory not stated,0.0,7805,0.0,0.0,179301,-7805.0,0.0,-7805.0,-43.530153206061314,0.0,-4.353015320606132
2024,Quebec,4170.0,7420,0.0,0.0,8956326,-3250.0,0.0,-3250.0,-0.36287200800864106,0.0,-0.0362872008008641
2024,Saskatchewan,1990.0,1335,0.0,0.0,1226848,655.0,0.0,655.0,0.5338884686611545,0.0,0.05338884686611545
2024,Yukon,140.0,85,0.0,0.0,45936,55.0,0.0,55.0,1.1973180076628354,0.0,0.11973180076628352
